Rk,Name,Age,Tm,G,PA,Rbat,Rbaser,Rdp,Rfield,Rpos,RAA,WAA,Rrep,RAR,WAR,waaWL%,162WL%,oWAR,dWAR,oRAR,Salary,Acquired,Pos
1,Alex\'a0Rodriguez\\rodrial01,35,NYY,99,428,10,1,-2,13,1,23,2.4,16,38,3.9,.524,.515,2.6,1.5,25,$32000000,Free Agency,5D\
2,Vernon\'a0Wells\\wellsve01,32,LAA,131,529,-8,1,1,-11,-6,-23,-2.4,20,-3,-0.5,.482,.485,0.7,-1.7,8,$26187500,Traded,*789/D\
3,CC\'a0Sabathia*\\sabatc.01,30,NYY,33,3,-1,0,0,0,1,0,0.0,0,0,0.0,.499,.500,0.0,0.0,0,$24285714,Free Agency,1\
4,Mark\'a0Teixeira#\\teixema01,31,NYY,156,684,16,0,0,3,-9,9,1.0,25,34,3.4,.506,.506,3.1,-0.7,31,$23125000,Free Agency,*3/D\
5,Joe\'a0Mauer*\\mauerjo01,28,MIN,82,333,1,0,-1,1,1,2,0.3,12,15,1.5,.503,.502,1.4,0.2,14,$23000000,Amateur Draft,23D/9\
6,Todd\'a0Helton*\\heltoto01,37,COL,124,491,9,0,-1,7,-6,9,1.0,15,24,2.5,.508,.506,1.6,0.1,17,$20275000,Amateur Draft,*3\
7,Miguel\'a0Cabrera\\cabremi01,28,DET,161,688,64,0,-3,-3,-10,49,5.1,25,74,7.5,.531,.531,7.9,-1.3,77,$20000000,Traded,*3/D\
8,Roy\'a0Halladay\\hallaro01,34,PHI,32,92,-13,0,0,0,12,-2,-0.2,0,-2,-0.2,.494,.499,-0.2,0.0,-2,$20000000,Traded,1\
9,Ryan\'a0Howard*\\howarry01,31,PHI,152,644,18,-4,1,-13,-9,-7,-0.8,20,13,1.2,.495,.495,2.5,-2.4,26,$20000000,Amateur Draft,*3/D\
10,Carlos\'a0Beltran#\\beltrca01,34,2TM,142,598,37,0,-2,-3,-6,26,2.8,19,45,4.6,.520,.511,4.9,-1.0,48,$19325436,Free Agency,9/D\
11,Carlos\'a0Lee\\leeca01,35,HOU,155,653,16,-4,0,14,-9,18,2.0,20,38,4.0,.513,.512,2.3,0.6,24,$19000000,Free Agency,73/D\
12,Alfonso\'a0Soriano\\soriaal01,35,CHC,137,508,1,-1,-1,-9,-5,-16,-1.8,16,0,-0.2,.487,.489,0.7,-1.5,9,$19000000,Free Agency,*7/D\
13,Carlos\'a0Zambrano#\\zambrca01,30,CHC,25,48,1,0,0,0,6,8,0.8,0,8,0.8,.532,.505,0.8,0.0,8,$18875000,Amateur Free Agent,1\
14,Torii\'a0Hunter\\hunteto01,35,LAA,156,649,16,-2,-4,9,-8,13,1.4,24,37,3.8,.509,.508,2.9,0.2,28,$18500000,Free Agency,*9D/8\
15,Barry\'a0Zito*\\zitoba01,33,SFG,13,14,-3,0,0,0,2,-1,-0.2,0,-1,-0.2,.489,.499,-0.2,0.0,-1,$18500000,Free Agency,1\
16,Jason\'a0Bay\\bayja01,32,NYM,123,509,0,1,1,-3,-5,-6,-0.7,16,10,0.9,.495,.496,1.1,-0.9,13,$18125000,Free Agency,*7\
17,Ichiro\'a0Suzuki*\\suzukic01,37,SEA,161,721,-13,3,3,-3,-7,-18,-1.8,25,8,0.6,.488,.488,1.0,-1.1,11,$18000000,Purchased,*9D\
18,Josh\'a0Beckett\\beckejo02,31,BOS,30,5,-1,0,0,0,1,-1,-0.1,0,-1,-0.1,.498,.500,-0.1,0.0,-1,$17000000,Traded,1\
19,A.J.\'a0Burnett\\burnea.01,34,NYY,34,3,-1,0,0,0,1,0,0.0,0,0,0.0,.499,.500,0.0,0.0,0,$16500000,Free Agency,1\
20,Matt\'a0Holliday\\hollima01,31,STL,124,516,30,1,-3,-1,-5,22,2.3,16,38,3.9,.519,.514,4.0,-0.7,39,$16317774,Free Agency,*7/D\
21,Michael\'a0Young\\youngmi02,34,TEX,159,689,20,1,-1,-12,-8,-1,0.0,25,25,2.4,.500,.500,3.7,-2.0,37,$16174974,Traded,D534/6\
22,Roy\'a0Oswalt\\oswalro01,33,PHI,24,49,-8,-1,0,0,6,-2,-0.2,0,-2,-0.2,.492,.499,-0.2,0.0,-2,$16000000,Traded,1\
23,Jake\'a0Peavy\\peavyja01,30,CHW,19,2,0,0,0,0,0,0,0.0,0,0,0.0,.502,.500,0.0,0.0,0,$16000000,Traded,1\
24,John\'a0Lackey\\lackejo01,32,BOS,28,3,0,0,0,0,1,1,0.1,0,1,0.1,.503,.500,0.1,0.0,1,$15950000,Free Agency,1\
25,Prince\'a0Fielder*\\fieldpr01,27,MIL,162,692,47,-5,0,-9,-10,23,2.5,21,45,4.6,.515,.515,5.5,-2.1,54,$15500000,Amateur Draft,*3/D\
26,Chase\'a0Utley*\\utleych01,32,PHI,103,454,5,5,3,7,2,23,2.5,14,36,3.8,.524,.515,3.0,1.0,29,$15285714,Amateur Draft,4\
27,Derek\'a0Lowe\\lowede01,38,ATL,34,65,-4,0,0,0,8,5,0.5,0,5,0.5,.515,.503,0.5,0.0,5,$15000000,Free Agency,1\
28,Justin\'a0Morneau*\\morneju01,30,MIN,69,288,-12,0,0,-3,-5,-21,-2.2,11,-10,-1.1,.468,.486,-0.8,-0.8,-7,$15000000,Amateur Draft,3D\
29,Mariano\'a0Rivera\\riverma01,41,NYY,64,0,0,0,0,0,0,0,0.0,0,0,0.0,.501,.500,0.0,0.0,0,$14911700,Free Agency,1\
30,Carl\'a0Crawford*\\crawfca02,29,BOS,130,539,-12,0,2,-2,-5,-18,-1.8,20,3,0.1,.486,.489,0.4,-0.8,5,$14857142,Free Agency,*7/D\
31,Derek\'a0Jeter\\jeterde01,37,NYY,131,607,2,-1,0,-15,5,-9,-0.9,21,12,1.1,.493,.494,2.7,-1.0,27,$14729364,Free Agency,*6D\
32,Aramis\'a0Ramirez\\ramirar01,33,CHC,149,626,26,-3,-1,-18,2,7,0.8,20,27,2.7,.505,.505,4.6,-1.7,45,$14600000,Free Agency,*5/D\
33,Albert\'a0Pujols\\pujolal01,31,STL,147,651,34,1,-4,9,-8,31,3.4,19,50,5.3,.523,.521,4.2,0.1,41,$14508395,Amateur Draft,*3/5\
34,Kosuke\'a0Fukudome*\\fukudko01,34,2TM,146,603,-1,-4,0,-3,-5,-13,-1.3,20,7,0.6,.491,.497,0.9,-0.8,10,$14500000,Free Agency,9/8D\
35,Chris\'a0Carpenter\\carpech01,36,STL,34,82,-10,0,0,0,11,0,0.0,0,0,0.0,.501,.500,0.0,0.0,0,$14259403,Free Agency,1\
36,David\'a0Wright\\wrighda03,28,NYM,102,447,9,1,1,-6,2,6,0.7,14,20,2.0,.507,.504,2.6,-0.5,26,$14250000,Amateur Draft,5/6\
37,Adrian\'a0Beltre\\beltrad01,32,TEX,124,525,23,0,0,13,1,38,4.0,20,57,5.8,.532,.524,4.5,1.5,44,$14000000,Free Agency,*5D\
38,Mark\'a0Buehrle*\\buehrma01,32,CHW,31,2,0,0,0,0,0,1,0.1,0,1,0.1,.502,.500,0.1,0.0,1,$14000000,Amateur Draft,1\
39,J.D.\'a0Drew*\\drewj.01,35,BOS,81,286,-11,-3,1,-2,-3,-18,-1.9,11,-7,-0.9,.477,.488,-0.6,-0.5,-5,$14000000,Free Agency,9\
40,Chipper\'a0Jones#\\jonesch06,39,ATL,126,512,12,-2,1,-3,2,9,1.0,16,25,2.6,.508,.506,2.8,-0.1,28,$14000000,Amateur Draft,*5/D\
41,Tim\'a0Lincecum*\\linceti01,27,SFG,33,72,-12,0,1,0,9,-2,-0.3,0,-2,-0.3,.492,.498,-0.3,0.0,-2,$14000000,Amateur Draft,1\
42,Aaron\'a0Rowand\\rowanaa01,33,SFG,108,351,-6,1,-1,2,-1,-5,-0.6,11,6,0.5,.495,.497,0.2,0.1,4,$13600000,Free Agency,87/9D\
43,Ryan\'a0Dempster\\dempsry01,34,CHC,35,70,-13,0,0,0,9,-5,-0.5,0,-5,-0.5,.485,.497,-0.5,0.0,-5,$13500000,Free Agency,1\
44,Zack\'a0Greinke\\greinza01,27,MIL,29,59,-7,0,0,0,8,1,0.1,0,1,0.1,.503,.501,0.1,0.0,1,$13500000,Traded,1\
45,Jorge\'a0Posada#\\posadjo01,39,NYY,115,387,-3,-4,-2,1,-9,-17,-1.8,15,-2,-0.4,.484,.489,-0.5,-0.9,-3,$13100000,Free Agency,D3/42\
46,Milton\'a0Bradley#\\bradlmi01,33,SEA,28,115,1,1,0,-6,-1,-5,-0.5,4,-1,-0.1,.482,.497,0.6,-0.7,5,$13000000,Traded,7/D\
47,Rafael\'a0Furcal#\\furcara02,33,2TM,87,369,-7,1,1,-5,4,-5,-0.6,11,6,0.5,.493,.499,1.0,-0.1,11,$13000000,Free Agency,6\
48,Travis\'a0Hafner*\\hafnetr01,34,CLE,94,368,12,-2,0,0,-8,2,0.3,14,16,1.6,.502,.501,1.6,-0.9,16,$13000000,Traded,D\
49,Carlos\'a0Guillen#\\guillca01,35,DET,28,102,-4,0,0,-1,0,-5,-0.5,4,-1,-0.2,.481,.497,-0.1,-0.1,0,$12922231,Traded,4/3D\
50,Justin\'a0Verlander\\verlaju01,28,DET,34,4,-1,0,0,0,1,0,0.0,0,0,0.0,.499,.500,0.0,0.0,0,$12850000,Amateur Draft,1\
51,Dan\'a0Haren\\harenda01,30,LAA,35,4,0,0,0,0,1,1,0.1,0,1,0.1,.502,.500,0.1,0.0,1,$12750000,Traded,1\
52,David\'a0Ortiz*\\ortizda01,35,BOS,146,605,37,-4,-4,0,-13,16,1.8,23,39,3.9,.512,.510,4.0,-1.4,39,$12500000,Free Agency,*D/3\
53,Alex\'a0Rios\\riosal01,30,CHW,145,570,-30,2,-4,-9,3,-38,-4.0,21,-17,-1.9,.472,.475,-0.9,-0.6,-8,$12500000,Waivers,*8/D\
54,Kevin\'a0Youkilis\\youklke01,32,BOS,120,517,17,1,-1,1,1,20,2.1,19,39,3.9,.517,.513,3.9,0.3,38,$12250000,Amateur Draft,*5/3D\
55,Kyle\'a0Lohse\\lohseky01,32,STL,35,70,-8,0,0,0,9,1,0.1,0,1,0.1,.501,.500,0.0,0.0,1,$12187500,Free Agency,1\
56,Raul\'a0Ibanez*\\ibanera01,39,PHI,144,575,-5,-2,1,-23,-6,-35,-3.8,18,-17,-2.0,.474,.477,0.4,-3.1,6,$12166666,Free Agency,*7/D\
57,Francisco\'a0Rodriguez\\rodrifr03,29,2TM,73,2,0,0,0,0,1,1,0.1,0,1,0.1,.501,.500,0.1,0.0,1,$12166666,Traded,1\
58,Francisco\'a0Cordero\\cordefr01,36,CIN,68,0,0,0,0,0,0,0,0.0,0,0,0.0,.501,.500,0.0,0.0,0,$12125000,Free Agency,1\
59,Adam\'a0Dunn*\\dunnad01,31,CHW,122,496,-27,-3,-1,-3,-10,-44,-4.7,19,-26,-2.9,.461,.471,-2.6,-1.3,-23,$12000000,Free Agency,D3/9\
60,Scott\'a0Kazmir*\\kazmisc01,27,LAA,1,0,0,0,0,0,0,0,0.0,0,0,0.0,.500,.500,0.0,0.0,0,$12000000,Traded,/1\
61,Paul\'a0Konerko\\konerpa01,35,CHW,149,639,26,-6,-2,-4,-10,5,0.6,24,29,2.9,.504,.503,3.3,-1.5,33,$12000000,Free Agency,*3D\
62,Brad\'a0Lidge\\lidgebr01,34,PHI,25,0,0,0,0,0,0,0,0.0,0,0,0.0,.501,.500,0.0,0.0,0,$12000000,Traded,1\
63,Victor\'a0Martinez#\\martivi01,32,DET,145,595,24,-3,-2,-1,-9,9,1.0,22,31,3.2,.507,.506,3.3,-1.1,32,$12000000,Free Agency,*D2/3\
64,Jonathan\'a0Papelbon\\papeljo01,30,BOS,63,0,0,0,0,0,0,0,0.0,0,0,0.0,.501,.500,0.0,0.0,0,$12000000,Amateur Draft,1\
65,Hiroki\'a0Kuroda\\kurodhi01,36,LAD,32,71,-10,0,0,0,9,-1,-0.1,0,-1,-0.1,.497,.499,-0.1,0.0,-1,$11765724,Free Agency,1\
66,Felix\'a0Hernandez\\hernafe02,25,SEA,33,7,-1,0,0,0,1,0,0.0,0,0,0.0,.500,.500,0.0,0.0,0,$11700000,Amateur Free Agent,1\
67,Brandon\'a0Phillips\\phillbr01,30,CIN,150,675,15,2,-1,6,4,26,2.8,20,46,4.7,.519,.517,4.0,1.1,40,$11437500,Traded,*4\
68,Joe\'a0Nathan\\nathajo01,36,MIN,48,0,0,0,0,0,0,0,0.0,0,0,0.0,.501,.500,0.0,0.0,0,$11250000,Traded,1\
69,Cliff\'a0Lee*\\leecl02,32,PHI,35,82,-5,0,0,0,11,5,0.6,0,5,0.6,.516,.503,0.5,0.0,5,$11000000,Free Agency,1\
70,Hanley\'a0Ramirez\\ramirha01,27,FLA,92,385,-2,1,0,-13,4,-9,-1.0,12,3,0.2,.489,.494,1.5,-1.0,16,$11000000,Traded,6/D\
71,Jose\'a0Reyes#\\reyesjo01,28,NYM,126,586,28,6,2,-13,6,29,3.1,17,46,4.7,.525,.519,6.0,-0.7,59,$11000000,Amateur Free Agent,*6\
72,Nick\'a0Markakis*\\markani01,27,BAL,160,716,4,1,-1,3,-7,0,0.1,25,25,2.5,.500,.500,2.2,-0.4,22,$10600000,Amateur Draft,*9/3D\
73,Jayson\'a0Werth\\werthja01,32,WSN,150,649,0,3,0,-3,-5,-6,-0.6,20,14,1.3,.496,.496,1.5,-0.9,17,$10571428,Free Agency,*98\
74,Joe\'a0Blanton\\blantjo01,30,PHI,11,12,-1,-1,0,0,2,0,0.0,0,0,0.0,.503,.500,0.0,0.0,0,$10500000,Traded,1\
75,Michael\'a0Cuddyer\\cuddymi01,32,MIN,139,584,19,2,-1,-16,-6,-3,-0.2,22,19,1.9,.498,.498,3.6,-2.3,35,$10500000,Amateur Draft,934/D1\
76,Daisuke\'a0Matsuzaka\\matsuda01,30,BOS,8,0,0,0,0,0,0,0,0.0,0,0,0.0,.501,.500,0.0,0.0,0,$10333333,Purchased,/1\
77,Robinson\'a0Cano*\\canoro01,28,NYY,159,681,25,1,0,1,3,31,3.3,25,56,5.7,.520,.520,5.7,0.5,55,$10000000,Amateur Free Agent,*4/D\
78,Jorge\'a0De\'a0La\'a0Rosa*\\rosajo01,30,COL,10,23,-2,0,0,0,3,1,0.1,0,1,0.1,.506,.500,0.1,0.0,1,$10000000,Free Agency,1\
79,Aubrey\'a0Huff*\\huffau01,34,SFG,150,579,-2,-3,1,-6,-8,-19,-2.1,18,-1,-0.3,.486,.487,0.2,-1.6,5,$10000000,Free Agency,*39/7D\
80,Magglio\'a0Ordonez\\ordonma01,37,DET,92,357,-13,-1,1,-9,-5,-27,-2.8,13,-14,-1.5,.469,.482,-0.6,-1.4,-5,$10000000,Free Agency,9D\
81,Brian\'a0Roberts#\\roberbr01,33,BAL,39,178,-9,2,0,1,1,-5,-0.5,6,1,0.1,.486,.497,0.0,0.2,0,$10000000,Amateur Draft,4\
82,Rafael\'a0Soriano\\soriara01,31,NYY,42,0,0,0,0,0,0,0,0.0,0,0,0.0,.501,.500,0.0,0.0,0,$10000000,Free Agency,1\
83,Carlos\'a0Pena*\\penaca01,33,CHC,153,606,14,0,1,-1,-8,6,0.6,19,25,2.5,.504,.504,2.5,-1.0,25,$9959996,Free Agency,*3\
84,Aaron\'a0Cook\\cookaa01,32,COL,23,35,-5,0,0,0,5,-1,-0.1,0,-1,-0.1,.496,.499,-0.1,0.0,-1,$9875000,Amateur Draft,1\
85,Andre\'a0Ethier*\\ethiean01,29,LAD,135,551,11,-5,2,4,-5,7,0.7,17,24,2.4,.506,.505,1.9,-0.2,20,$9500000,Traded,*9/D\
86,Chone\'a0Figgins#\\figgich01,33,SEA,81,313,-18,-2,0,-1,1,-20,-2.1,12,-8,-0.9,.474,.487,-0.8,0.0,-7,$9500000,Free Agency,5/7\
87,Cole\'a0Hamels*\\hamelco01,27,PHI,33,75,-9,-1,0,0,10,0,0.0,0,0,0.0,.499,.500,-0.1,0.0,0,$9500000,Amateur Draft,1\
88,Randy\'a0Wolf*\\wolfra02,34,MIL,33,66,-8,0,0,0,9,0,0.0,0,0,0.0,.500,.500,0.0,0.0,0,$9500000,Free Agency,1\
89,Dan\'a0Uggla\\ugglada01,31,ATL,161,672,6,1,0,-13,4,-2,-0.2,21,19,1.8,.499,.499,3.2,-1.0,32,$9146942,Traded,*4\
90,Nick\'a0Swisher#\\swishni01,30,NYY,150,635,14,-2,-2,-6,-7,-3,-0.3,24,21,2.0,.498,.498,2.7,-1.4,27,$9100000,Traded,*93/D\
91,Ryan\'a0Zimmerman\\zimmery01,26,WSN,101,440,9,1,-2,-5,2,5,0.6,13,19,1.9,.506,.503,2.3,-0.4,24,$9025000,Amateur Draft,5/D\
92,Bobby\'a0Abreu*\\abreubo01,37,LAA,142,585,6,1,2,-3,-11,-6,-0.5,22,17,1.6,.496,.496,2.0,-1.5,19,$9000000,Free Agency,D79\
93,Tim\'a0Hudson\\hudsoti01,35,ATL,33,80,-11,0,0,0,10,-1,-0.1,0,-1,-0.1,.498,.499,-0.1,0.0,-1,$9000000,Traded,1\
94,Josh\'a0Hamilton*\\hamiljo03,30,TEX,121,538,17,1,1,2,-4,17,1.9,19,37,3.7,.515,.511,3.5,-0.2,35,$8750000,Traded,*78/D\
95,Edwin\'a0Jackson\\jacksed01,27,2TM,32,34,-2,0,0,0,4,2,0.2,0,2,0.2,.506,.500,0.2,0.0,2,$8750000,Traded,1\
96,Juan\'a0Pierre*\\pierrju01,33,CHW,158,711,-19,1,4,-11,-7,-32,-3.3,25,-7,-0.9,.479,.479,0.3,-1.8,4,$8500000,Traded,*7/D\
97,Jimmy\'a0Rollins#\\rolliji01,32,PHI,142,631,4,4,0,-7,7,7,0.8,19,26,2.6,.505,.505,3.3,0.0,33,$8500000,Free Agency,*6/D\
98,Curtis\'a0Granderson*\\grandcu01,30,NYY,156,691,32,3,-1,-6,3,32,3.3,25,56,5.7,.521,.520,6.3,-0.3,62,$8250000,Traded,*8/D\
99,Ted\'a0Lilly*\\lillyte01,35,LAD,34,63,-12,-1,0,0,8,-4,-0.5,0,-4,-0.5,.486,.497,-0.5,0.0,-4,$8166666,Traded,1\
100,Scott\'a0Rolen\\rolensc01,36,CIN,65,269,-5,0,0,10,1,7,0.8,8,15,1.6,.512,.505,0.4,1.2,5,$8166666,Traded,5\
101,Jose\'a0Bautista\\bautijo02,30,TOR,149,655,63,1,0,-2,-5,57,5.8,24,80,8.1,.539,.535,8.3,-0.7,82,$8000000,Traded,*95/D\
102,Lance\'a0Berkman#\\berkmla01,35,STL,145,587,41,-2,0,-17,-7,16,1.7,18,34,3.5,.512,.511,5.3,-2.6,51,$8000000,Free Agency,*937/D\
103,Brett\'a0Myers\\myersbr01,30,HOU,34,71,-8,-1,0,0,9,0,0.0,0,0,0.0,.501,.500,0.0,0.0,0,$8000000,Free Agency,1\
104,Carl\'a0Pavano\\pavanca01,35,MIN,33,6,-2,0,0,0,1,-1,-0.1,0,-1,-0.1,.498,.500,-0.1,0.0,-1,$8000000,Free Agency,1\
105,Joel\'a0Pineiro\\pineijo01,32,LAA,27,6,-2,0,0,0,1,-1,-0.1,0,-1,-0.1,.497,.500,-0.1,0.0,-1,$8000000,Free Agency,1\
106,Ervin\'a0Santana\\santaer01,28,LAA,33,2,0,0,0,0,0,1,0.1,0,1,0.1,.502,.500,0.1,0.0,1,$8000000,Amateur Free Agent,1\
107,Jake\'a0Westbrook\\westbja01,33,STL,35,60,-7,0,0,0,8,1,0.1,0,1,0.1,.503,.501,0.1,0.0,1,$8000000,Traded,1\
108,Mike\'a0Cameron\\camermi01,38,2TM,78,269,-9,0,0,-1,-1,-11,-1.1,9,-2,-0.3,.485,.497,-0.2,-0.2,-1,$7750000,Free Agency,9/78D\
109,Josh\'a0Johnson*\\johnsjo09,27,FLA,9,23,-2,0,0,0,3,1,0.1,0,1,0.1,.516,.501,0.1,0.0,1,$7750000,Amateur Draft,/1\
110,Bronson\'a0Arroyo\\arroybr01,34,CIN,36,66,-11,0,1,0,9,-2,-0.3,0,-2,-0.3,.493,.498,-0.3,0.0,-2,$7666666,Traded,1\
111,Grady\'a0Sizemore*\\sizemgr01,28,CLE,71,295,-4,-1,0,-6,0,-10,-1.0,11,1,0.1,.486,.494,0.7,-0.6,7,$7666666,Free Agency,8D\
112,Vladimir\'a0Guerrero\\guerrvl01,36,BAL,145,590,-3,0,-3,0,-13,-19,-1.9,22,4,0.2,.486,.488,0.3,-1.4,4,$7611455,Free Agency,*D\
113,Heath\'a0Bell\\bellhe01,33,SDP,64,0,0,0,0,0,0,0,0.0,0,0,0.0,.501,.500,0.0,0.0,0,$7500000,Traded,1\
114,Jason\'a0Marquis*\\marquja01,32,2TM,28,49,-6,0,0,0,6,1,0.1,0,1,0.1,.505,.501,0.1,0.0,1,$7500000,Traded,/1\
115,Wandy\'a0Rodriguez#\\rodriwa01,32,HOU,30,67,-7,-1,0,0,9,1,0.1,0,1,0.1,.505,.501,0.1,0.0,1,$7500000,Amateur Free Agent,1\
116,Shane\'a0Victorino\\victosh01,30,PHI,132,586,22,4,4,2,3,35,3.7,18,52,5.4,.528,.523,5.1,0.5,50,$7500000,Rule 5 Draft,*8\
117,Joey\'a0Votto*\\vottojo01,27,CIN,161,719,49,-2,-2,4,-9,39,4.2,21,60,6.3,.526,.526,5.7,-0.6,56,$7410655,Amateur Draft,*3\
118,Jered\'a0Weaver\\weaveje02,28,LAA,33,4,-1,0,0,0,1,0,0.0,0,0,0.0,.499,.500,0.0,0.0,0,$7365000,Amateur Draft,1\
119,Matt\'a0Cain\\cainma01,26,SFG,35,78,-8,0,0,0,10,3,0.3,0,3,0.3,.509,.502,0.3,0.0,3,$7333333,Amateur Draft,1\
120,Huston\'a0Street\\streehu01,27,COL,62,1,0,0,0,0,0,0,0.0,0,0,0.0,.500,.500,0.0,0.0,0,$7300000,Traded,1\
121,Derrek\'a0Lee\\leede02,35,2TM,113,477,4,-1,-3,-3,-6,-9,-0.9,17,8,0.7,.491,.494,1.0,-1.0,11,$7250000,Free Agency,3\
122,Matt\'a0Capps\\cappsma01,27,MIN,69,0,0,0,0,0,0,0,0.0,0,0,0.0,.501,.500,0.0,0.0,0,$7150000,Free Agency,1\
123,Matt\'a0Kemp\\kempma01,26,LAD,161,689,56,5,-2,-5,3,58,6.1,21,79,8.2,.538,.538,8.7,-0.2,84,$7100000,Amateur Draft,*8/D\
124,Jonathan\'a0Broxton\\broxtjo01,27,LAD,14,0,0,0,0,0,0,0,0.0,0,0,0.0,.501,.500,0.0,0.0,0,$7000000,Amateur Draft,1\
125,Adam\'a0LaRoche*\\larocad01,31,WSN,43,177,-10,0,0,5,-2,-7,-0.8,6,-1,-0.3,.482,.495,-0.8,0.3,-6,$7000000,Free Agency,3\
126,Nate\'a0McLouth*\\mclouna01,29,ATL,81,321,-4,2,0,-7,0,-9,-1.0,10,1,0.0,.488,.494,0.7,-0.8,8,$7000000,Traded,87/9\
127,Jose\'a0Valverde\\valvejo01,33,DET,75,0,0,0,0,0,0,0,0.0,0,0,0.0,.501,.500,0.0,0.1,0,$7000000,Free Agency,1\
128,Javier\'a0Vazquez\\vazquja01,34,FLA,36,67,-8,0,0,0,9,0,0.0,0,0,0.0,.501,.500,0.0,0.0,0,$7000000,Free Agency,1\
129,C.J.\'a0Wilson*\\wilsocj01,30,TEX,34,5,0,0,0,0,1,1,0.1,0,1,0.1,.504,.501,0.1,0.0,1,$7000000,Amateur Draft,1\
130,Hunter\'a0Pence\\pencehu01,28,2TM,154,668,34,4,1,1,-6,34,3.6,20,54,5.6,.524,.512,5.4,-0.6,53,$6900000,Amateur Draft,9\
131,Corey\'a0Hart\\hartco01,29,MIL,130,551,24,-1,-1,-1,-5,16,1.7,17,33,3.4,.513,.511,3.4,-0.7,34,$6833333,Amateur Draft,*9\
132,Ryan\'a0Ludwick\\ludwiry01,32,2TM,139,558,-5,-1,-1,-8,-6,-20,-2.2,17,-3,-0.5,.484,.492,0.3,-1.5,5,$6775000,Purchased,79\
133,Brian\'a0McCann*\\mccanbr01,27,ATL,128,527,9,-4,-1,-4,8,9,0.9,16,25,2.5,.507,.506,2.9,0.4,29,$6700000,Amateur Draft,*2/D\
134,Miguel\'a0Tejada\\tejadmi01,37,SFG,91,343,-13,-1,1,1,3,-9,-1.1,11,1,0.0,.489,.494,-0.2,0.4,0,$6500000,Free Agency,56/4\
135,Brian\'a0Wilson\\wilsobr01,29,SFG,57,0,0,0,0,0,0,0,0.0,0,0,0.0,.501,.500,0.0,0.0,0,$6500000,Amateur Draft,1\
136,Luke\'a0Scott*\\scottlu01,33,BAL,64,236,-3,-1,1,2,-3,-4,-0.4,9,5,0.4,.493,.497,0.2,-0.1,3,$6400000,Traded,73/D\
137,Adrian\'a0Gonzalez*\\gonzaad01,29,BOS,159,715,45,-2,-3,12,-9,43,4.5,25,68,6.9,.528,.527,5.7,0.3,56,$6300000,Traded,*3/D9\
138,Cody\'a0Ross\\rossco01,30,SFG,121,461,4,0,-1,-11,-5,-12,-1.3,14,3,0.1,.489,.492,1.3,-1.7,14,$6300000,Waivers,*798\
139,Roberto\'a0Hernandez\\carmofa01,30,CLE,32,3,-1,0,0,0,1,0,0.0,0,0,0.0,.499,.500,0.0,0.0,0,$6287500,Amateur Free Agent,1\
140,Chad\'a0Billingsley\\billich01,26,LAD,32,65,-5,-1,0,0,8,3,0.3,0,3,0.3,.509,.502,0.3,0.0,3,$6275000,Amateur Draft,1\
141,Paul\'a0Maholm*\\maholpa01,29,PIT,26,53,-7,0,0,0,7,0,0.0,0,0,0.0,.499,.500,0.0,0.0,0,$6250000,Amateur Draft,1\
142,Chris\'a0Snyder\\snydech02,30,PIT,34,119,4,-1,0,-1,2,4,0.4,4,7,0.8,.512,.502,0.9,0.1,8,$6250000,Traded,2\
143,Ian\'a0Kinsler\\kinslia01,29,TEX,155,723,18,8,-2,18,3,45,4.8,25,70,7.1,.530,.529,5.3,2.2,52,$6200000,Amateur Draft,*4D\
144,John\'a0Danks*\\danksjo01,26,CHW,27,3,-1,0,0,0,1,0,0.0,0,0,0.0,.499,.500,0.0,0.0,0,$6000000,Traded,1\
145,David\'a0DeJesus*\\dejesda01,31,OAK,131,506,-2,1,-1,1,-5,-6,-0.6,19,13,1.2,.495,.496,1.2,-0.4,12,$6000000,Traded,*9/8D\
146,Mark\'a0DeRosa\\derosma01,36,SFG,47,97,0,-1,0,0,0,-1,-0.2,3,2,0.1,.497,.499,0.1,0.0,2,$6000000,Free Agency,53/4\
147,Mark\'a0Ellis\\ellisma01,34,2TM,132,519,-20,1,1,18,3,3,0.4,18,21,2.1,.503,.501,0.1,2.3,3,$6000000,Traded,4\
148,Mike\'a0Gonzalez\\gonzami02,33,2TM,56,0,0,0,0,0,0,0,0.0,0,0,0.0,.500,.500,0.0,0.0,0,$6000000,Free Agency,1\
149,Bobby\'a0Jenks\\jenksbo01,30,BOS,19,0,0,0,0,0,0,0,0.0,0,0,0.0,.501,.500,0.0,0.0,0,$6000000,Free Agency,1\
150,Ricky\'a0Nolasco\\nolasri01,28,FLA,33,71,-11,0,0,0,9,-2,-0.2,0,-2,-0.2,.493,.499,-0.2,0.0,-2,$6000000,Traded,1\
151,Freddy\'a0Sanchez\\sanchfr01,33,SFG,60,261,2,1,1,-6,1,0,0.0,8,8,0.8,.500,.500,1.4,-0.5,14,$6000000,Traded,4\
152,Josh\'a0Willingham\\willijo03,32,OAK,136,563,12,-2,0,0,-7,3,0.4,21,24,2.4,.502,.502,2.4,-0.8,24,$6000000,Traded,7D\
153,Matt\'a0Garza\\garzama01,27,CHC,31,71,-13,0,0,0,9,-3,-0.4,0,-3,-0.4,.489,.498,-0.4,0.0,-3,$5950000,Traded,1\
154,J.J.\'a0Hardy\\hardyjj01,28,BAL,129,567,5,1,0,8,6,20,2.2,20,40,4.1,.516,.513,3.3,1.5,32,$5850000,Traded,*6\
155,Kelly\'a0Johnson*\\johnske05,29,2TM,147,613,-6,0,1,1,3,-2,-0.2,20,18,1.7,.499,.497,1.6,0.5,17,$5850000,Free Agency,4\
156,Mike\'a0Napoli\\napolmi01,29,TEX,113,432,40,-2,0,0,0,38,3.9,16,54,5.4,.534,.524,5.5,0.0,54,$5800000,Traded,23D\
157,Coco\'a0Crisp#\\crispco01,31,OAK,136,583,-5,7,1,1,3,6,0.6,22,27,2.7,.504,.504,2.6,0.4,26,$5750000,Free Agency,*8/D\
158,Jeremy\'a0Guthrie\\guthrje01,32,BAL,35,5,0,0,0,0,1,1,0.1,0,1,0.1,.502,.500,0.1,0.0,1,$5750000,Waivers,1\
159,Jon\'a0Lester*\\lestejo01,27,BOS,31,5,-1,0,0,0,1,-1,-0.1,0,-1,-0.1,.498,.500,-0.1,0.0,-1,$5750000,Amateur Draft,1\
160,Dustin\'a0Pedroia\\pedrodu01,27,BOS,159,731,26,3,2,18,4,53,5.5,25,78,7.9,.534,.534,6.1,2.3,60,$5750000,Amateur Draft,*4\
161,Joaquin\'a0Benoit\\benoijo01,33,DET,66,0,0,0,0,0,0,0,0.0,0,0,0.0,.501,.500,0.0,0.0,0,$5500000,Free Agency,1\
162,Casey\'a0Blake\\blakeca01,37,LAD,63,239,-1,0,-1,3,0,2,0.2,7,9,0.9,.503,.501,0.6,0.4,6,$5500000,Traded,5/37\
163,Marlon\'a0Byrd\\byrdma01,33,CHC,119,482,0,1,0,0,2,4,0.4,15,19,1.9,.503,.502,1.8,0.3,19,$5500000,Free Agency,*8\
164,Brandon\'a0Inge\\ingebr01,34,DET,102,303,-19,0,-1,-2,1,-20,-2.1,11,-9,-1.1,.479,.487,-0.8,0.0,-7,$5500000,Amateur Draft,5/D\
165,Scott\'a0Linebrink\\linebsc01,34,ATL,64,0,0,0,0,0,0,0,0.0,0,0,0.0,.501,.500,0.0,0.0,0,$5500000,Traded,1\
166,Fernando\'a0Rodney\\rodnefe01,34,LAA,39,0,0,0,0,0,0,0,0.0,0,0,0.0,.501,.500,0.0,0.0,0,$5500000,Free Agency,1\
167,Joe\'a0Saunders*\\saundjo01,30,ARI,33,67,-6,0,0,0,9,2,0.3,0,2,0.3,.508,.502,0.3,0.0,2,$5500000,Traded,1\
168,Marco\'a0Scutaro\\scutama01,35,BOS,113,445,3,1,-1,1,5,10,1.1,17,27,2.7,.510,.507,2.7,0.7,26,$5500000,Free Agency,*6/4\
169,Troy\'a0Tulowitzki\\tulowtr01,26,COL,143,606,23,-2,-1,11,7,39,4.2,19,58,6.1,.530,.526,4.8,2.0,47,$5500000,Amateur Draft,*6\
170,Placido\'a0Polanco\\polanpl01,35,PHI,122,523,-8,0,-1,9,2,3,0.3,16,19,1.9,.503,.502,0.8,1.2,10,$5416666,Free Agency,*5/4D\
171,Delmon\'a0Young\\youngde03,25,2TM,124,503,-7,0,-2,-3,-5,-17,-1.8,19,1,0.0,.485,.493,0.3,-0.9,4,$5375000,Traded,7\
172,Mark\'a0Reynolds\\reynoma01,27,BAL,155,620,10,-1,-1,-23,-1,-16,-1.6,23,7,0.6,.489,.490,3.1,-2.4,30,$5333333,Traded,*53\
173,Yadier\'a0Molina\\molinya01,28,STL,139,518,13,-3,-3,-4,8,12,1.2,16,28,2.8,.509,.508,3.2,0.5,32,$5312500,Amateur Draft,*2/3\
174,Juan\'a0Uribe\\uribeju01,32,LAD,77,295,-15,1,-1,5,2,-9,-1.0,9,1,-0.1,.488,.494,-0.7,0.7,-4,$5295910,Free Agency,54/6\
175,Johnny\'a0Damon*\\damonjo01,37,TBR,150,647,11,2,4,-3,-14,1,0.2,24,25,2.5,.501,.501,2.8,-1.7,28,$5250000,Free Agency,*D7/3\
176,Jason\'a0Kubel*\\kubelja01,29,MIN,99,401,4,-2,-1,-3,-6,-8,-0.8,15,7,0.7,.492,.495,1.0,-0.9,10,$5250000,Amateur Draft,9D/7\
177,Brandon\'a0Lyon\\lyonbr01,31,HOU,15,1,1,0,0,0,0,1,0.1,0,1,0.1,.507,.501,0.1,0.0,1,$5250000,Free Agency,1\
178,Jhonny\'a0Peralta\\peraljh01,29,DET,146,576,12,-4,-2,2,7,15,1.6,22,37,3.7,.511,.510,3.5,1.0,35,$5250000,Traded,*6/3\
179,Juan\'a0Rivera\\riverju01,32,2TM,132,521,-5,0,-2,2,-7,-12,-1.2,18,6,0.5,.491,.496,0.3,-0.5,4,$5250000,Purchased,739\
180,Ryan\'a0Doumit#\\doumiry01,30,PIT,77,236,8,-1,0,-6,3,4,0.4,7,11,1.2,.506,.503,1.8,-0.3,17,$5200000,Amateur Draft,2\
181,Chris\'a0Young\\youngch04,27,ARI,156,659,2,0,1,20,3,27,2.9,21,47,5.0,.519,.518,2.6,2.6,27,$5200000,Traded,*8\
182,Adam\'a0Lind*\\lindad01,27,TOR,125,542,-4,-1,0,-4,-8,-17,-1.7,20,3,0.2,.486,.489,0.6,-1.2,7,$5150000,Amateur Draft,*3D\
183,Carlos\'a0Quentin\\quentca01,28,CHW,118,483,14,-1,-1,0,-6,6,0.7,18,25,2.5,.506,.504,2.5,-0.6,25,$5050000,Traded,9D\
184,Scott\'a0Baker\\bakersc02,29,MIN,23,5,0,0,0,0,1,1,0.1,0,1,0.1,.505,.501,0.1,0.0,1,$5000000,Amateur Draft,1\
185,John\'a0Buck\\buckjo01,30,FLA,140,530,-9,-2,-1,-5,8,-10,-1.1,17,7,0.6,.493,.494,1.0,0.4,12,$5000000,Free Agency,*2\
186,Scott\'a0Downs*\\downssc01,35,LAA,60,0,0,0,0,0,0,0,0.0,0,0,0.0,.501,.500,0.0,0.0,0,$5000000,Free Agency,1\
187,Gavin\'a0Floyd\\floydga01,28,CHW,31,5,-1,0,0,0,1,0,0.0,0,0,0.0,.500,.500,0.0,0.0,0,$5000000,Traded,1\
188,Brian\'a0Fuentes*\\fuentbr01,35,OAK,67,0,0,0,0,0,0,0,0.0,0,0,0.0,.501,.500,0.0,0.0,0,$5000000,Free Agency,1\
189,Jon\'a0Garland\\garlajo01,31,LAD,9,16,-3,0,0,0,2,-1,-0.1,0,-1,-0.1,.487,.499,-0.1,0.0,-1,$5000000,Free Agency,/1\
190,Aaron\'a0Hill\\hillaa01,29,2TM,137,571,-19,2,1,2,3,-11,-1.1,20,10,0.9,.492,.491,0.7,0.6,8,$5000000,Traded,4\
191,Lyle\'a0Overbay*\\overbly01,34,2TM,121,440,-4,0,-1,-4,-6,-16,-1.7,14,-2,-0.4,.486,.491,0.0,-1.1,2,$5000000,Free Agency,3\
192,Jack\'a0Wilson\\wilsoja02,33,2TM,79,232,-6,1,1,6,2,4,0.4,8,13,1.2,.505,.503,0.6,0.9,6,$5000000,Traded,6/5\
193,James\'a0Loney*\\loneyja01,27,LAD,158,582,5,0,0,11,-8,9,1.0,18,27,2.8,.506,.506,1.5,0.3,16,$4875000,Amateur Draft,*3/D\
194,Ryan\'a0Madson*\\madsory01,30,PHI,62,0,0,0,0,0,0,0,0.0,0,0,0.0,.501,.500,0.0,0.0,0,$4833333,Amateur Draft,1\
195,Melvin\'a0Upton\\uptonbj01,26,TBR,153,640,11,0,-1,-7,3,6,0.7,24,30,3.0,.504,.504,3.8,-0.4,37,$4825000,Amateur Draft,*8\
196,John\'a0Grabow*\\grabojo02,32,CHC,58,0,0,0,0,0,0,0,0.0,0,0,0.0,.501,.500,0.0,0.0,0,$4800000,Traded,1\
197,Jonathan\'a0Sanchez*\\sanchjo01,28,SFG,19,31,-2,0,0,0,4,3,0.3,0,3,0.3,.515,.502,0.3,0.0,3,$4800000,Amateur Draft,1\
198,Kevin\'a0Kouzmanoff\\kouzmke01,29,2TM,73,257,-7,-1,0,-7,1,-14,-1.4,9,-5,-0.6,.480,.495,0.2,-0.6,2,$4750000,Conditional Deal,5\
199,Mark\'a0Teahen*\\teahema01,29,2TM,78,177,-9,-1,0,1,-2,-10,-1.0,7,-3,-0.4,.487,.496,-0.5,-0.1,-4,$4750000,Traded,53/9D7\
200,Ben\'a0Zobrist#\\zobribe01,30,TBR,156,674,25,3,2,29,1,60,6.3,25,84,8.7,.540,.539,5.7,3.3,55,$4687300,Traded,*49/D\
201,Stephen\'a0Drew*\\drewst01,28,ARI,86,354,-2,1,1,3,4,7,0.8,11,18,1.9,.509,.505,1.5,0.8,15,$4650000,Amateur Draft,6\
202,Jeremy\'a0Affeldt*\\affelje01,32,SFG,67,2,0,0,0,0,1,1,0.1,0,1,0.1,.501,.500,0.1,0.0,1,$4500000,Free Agency,1\
203,Rickie\'a0Weeks\\weeksri01,28,MIL,118,515,13,1,2,-5,3,14,1.4,16,29,3.0,.512,.509,3.5,-0.3,34,$4500000,Amateur Draft,*4/D\
204,Justin\'a0Upton\\uptonju01,23,ARI,159,674,33,2,1,8,-6,37,4.0,21,58,6.1,.525,.525,5.1,0.2,50,$4458333,Amateur Draft,*9\
205,Michael\'a0Bourn*\\bournmi01,28,2TM,158,722,2,6,2,-3,3,11,1.1,21,32,3.1,.507,.504,3.4,0.0,34,$4400000,Traded,8\
206,Scott\'a0Feldman*\\feldmsc01,28,TEX,11,0,0,0,0,0,0,0,0.0,0,0,0.0,.501,.500,0.0,0.0,0,$4400000,Amateur Draft,1\
207,Stephen\'a0Strasburg\\strasst01,22,WSN,5,8,-1,0,0,0,1,0,0.0,0,0,0.0,.498,.500,0.0,0.0,0,$4375000,Amateur Draft,/1\
208,Franklin\'a0Gutierrez\\gutiefr01,28,SEA,92,344,-18,1,0,10,2,-5,-0.5,13,8,0.7,.494,.497,-0.3,1.3,-2,$4312500,Traded,8\
209,Yuniesky\'a0Betancourt\\betanyu01,29,MIL,152,584,-21,1,-1,-7,7,-21,-2.3,18,-3,-0.5,.485,.486,0.2,0.0,4,$4300000,Traded,*6\
210,Francisco\'a0Liriano*\\liriafr01,27,MIN,26,3,1,0,0,0,1,1,0.1,0,1,0.1,.504,.501,0.1,0.0,1,$4300000,Traded,1\
211,Ryan\'a0Braun\\braunry02,27,MIL,150,629,53,4,1,3,-6,55,5.9,20,75,7.8,.540,.537,7.4,-0.3,72,$4287500,Amateur Draft,*7/D\
212,LaTroy\'a0Hawkins\\hawkila01,38,MIL,52,0,0,0,0,0,0,0,0.0,0,0,0.0,.501,.500,0.0,0.0,0,$4250000,Free Agency,1\
213,Hideki\'a0Matsui*\\matsuhi01,37,OAK,141,585,-5,0,1,1,-12,-15,-1.6,22,7,0.6,.489,.490,0.5,-1.1,6,$4250000,Free Agency,*D7\
214,James\'a0Shields\\shielja02,29,TBR,33,8,-1,0,0,0,1,0,0.0,0,0,0.0,.499,.500,0.0,0.0,0,$4250000,Amateur Draft,1\
215,Kevin\'a0Gregg\\greggke01,33,BAL,63,0,0,0,0,0,0,0,0.0,0,0,0.0,.501,.500,0.0,0.0,0,$4200000,Free Agency,1\
216,Jason\'a0Bartlett\\bartlja01,31,SDP,139,618,-15,0,0,-9,7,-17,-1.9,18,1,-0.1,.487,.488,0.8,-0.2,10,$4000000,Traded,*6\
217,Kevin\'a0Correia\\correke01,30,PIT,27,55,-8,0,0,0,7,-2,-0.2,0,-2,-0.2,.494,.499,-0.2,0.0,-2,$4000000,Free Agency,1\
218,Jesse\'a0Crain\\crainje01,29,CHW,67,0,0,0,0,0,0,0,0.0,0,0,0.0,.501,.500,0.0,0.0,0,$4000000,Free Agency,1\
219,Frank\'a0Francisco\\francfr01,31,TOR,54,0,0,0,0,0,0,0,0.0,0,0,0.0,.501,.500,0.0,0.0,0,$4000000,Traded,1\
220,Orlando\'a0Hudson#\\hudsoor01,33,SDP,119,454,-5,2,2,-8,3,-6,-0.7,14,8,0.7,.495,.496,1.5,-0.6,16,$4000000,Free Agency,*4\
221,Russell\'a0Martin\\martiru01,28,NYY,125,476,-1,-1,-3,7,8,9,1.0,18,27,2.7,.508,.506,2.0,1.6,20,$4000000,Free Agency,*2/54\
222,J.J.\'a0Putz\\putzjj01,34,ARI,60,0,0,0,0,0,0,0,0.0,0,0,0.0,.501,.500,0.0,0.0,0,$4000000,Free Agency,1\
223,Joakim\'a0Soria\\soriajo01,27,KCR,60,0,0,0,0,0,0,0,0.0,0,0,0.0,.501,.500,0.0,0.0,0,$4000000,Rule 5 Draft,1\
224,Shin-Soo\'a0Choo*\\choosh01,28,CLE,85,358,3,1,0,3,-3,4,0.4,13,17,1.7,.505,.502,1.4,0.0,14,$3975000,Traded,9\
225,Shaun\'a0Marcum\\marcush01,29,MIL,33,76,-6,0,0,0,10,4,0.4,0,4,0.4,.513,.503,0.4,0.0,4,$3950000,Traded,1\
226,Clint\'a0Barmes\\barmecl01,32,HOU,123,495,-4,-1,0,14,6,15,1.6,15,30,3.2,.513,.510,1.5,2.2,16,$3925000,Traded,*6\
227,Mike\'a0Pelfrey\\pelfrmi01,27,NYM,34,63,-9,0,0,0,8,-1,-0.1,0,-1,-0.1,.498,.500,-0.1,0.0,-1,$3925000,Amateur Draft,1\
228,Arthur\'a0Rhodes*\\rhodear01,41,2TM,51,1,0,0,0,0,0,0,0.0,0,0,0.0,.500,.500,0.0,0.0,0,$3900000,Free Agency,1\
229,Aroldis\'a0Chapman*\\chapmar01,23,CIN,54,0,0,0,0,0,0,0,0.0,0,0,0.0,.501,.500,0.0,0.0,0,$3835772,Amateur Free Agent,1\
230,Hisanori\'a0Takahashi*\\takahhi01,36,LAA,61,0,0,0,0,0,0,0,0.0,0,0,0.0,.501,.500,0.0,0.0,0,$3800000,Free Agency,1\
231,Rafael\'a0Betancourt\\betanra01,36,COL,68,0,0,0,0,0,0,0,0.0,0,0,0.0,.501,.500,0.0,0.0,0,$3775000,Traded,1\
232,Grant\'a0Balfour\\balfogr01,33,OAK,62,0,0,0,0,0,0,0,0.0,0,0,0.0,.501,.500,0.0,0.0,0,$3750000,Free Agency,1\
233,Anibal\'a0Sanchez\\sanchan01,27,FLA,32,70,-9,0,1,0,9,0,0.0,0,0,0.0,.500,.500,0.0,0.0,0,$3700000,Traded,1\
234,Nelson\'a0Cruz\\cruzne02,30,TEX,124,513,7,-1,0,-5,-6,-5,-0.5,19,14,1.4,.496,.497,1.9,-1.2,19,$3650000,Traded,*97/D\
235,Juan\'a0Carlos\'a0Oviedo\\nunezle01,29,FLA,68,1,0,0,0,0,0,0,0.0,0,0,0.0,.500,.500,0.0,0.0,0,$3650000,Traded,1\
236,Jose\'a0Lopez\\lopezjo01,27,2TM,82,242,-10,1,0,-1,1,-9,-1.0,8,-2,-0.3,.487,.497,-0.2,-0.1,-1,$3600000,Traded,54\
237,Billy\'a0Butler\\butlebi03,25,KCR,159,673,18,-2,-2,-2,-14,-3,-0.2,25,22,2.2,.498,.498,2.5,-1.7,24,$3500000,Amateur Draft,*D3\
238,Zach\'a0Duke*\\dukeza01,28,ARI,21,23,1,0,0,0,3,4,0.5,0,4,0.5,.522,.503,0.5,0.0,4,$3500000,Traded,1\
239,Jason\'a0Frasor\\frasoja01,33,2TM,64,0,0,0,0,0,0,0,0.0,0,0,0.0,.501,.500,0.0,0.0,0,$3500000,Traded,1\
240,Yovani\'a0Gallardo\\gallayo01,25,MIL,33,78,-5,0,0,0,10,6,0.6,0,6,0.6,.518,.504,0.6,0.0,6,$3500000,Amateur Draft,1\
241,Aaron\'a0Harang\\haranaa01,33,SDP,28,62,-11,0,0,0,8,-3,-0.3,0,-3,-0.3,.488,.498,-0.4,0.0,-3,$3500000,Free Agency,1\
242,Angel\'a0Pagan#\\paganan01,29,NYM,123,532,-2,3,0,-8,3,-5,-0.5,16,12,1.1,.496,.497,1.9,-0.6,20,$3500000,Traded,*8\
243,Jon\'a0Rauch\\rauchjo01,32,TOR,53,0,0,0,0,0,0,0,0.0,0,0,0.0,.501,.500,0.0,0.0,0,$3500000,Free Agency,1\
244,Ty\'a0Wigginton\\wiggity01,33,COL,130,446,-7,0,-1,-5,-2,-15,-1.7,14,-1,-0.3,.487,.490,0.2,-0.8,4,$3500000,Free Agency,537/9\
245,Kurt\'a0Suzuki\\suzukku01,27,OAK,134,515,-7,-2,-2,-1,8,-3,-0.2,19,17,1.6,.498,.498,1.8,0.7,18,$3437500,Amateur Draft,*2/D\
246,Johnny\'a0Cueto\\cuetojo01,25,CIN,24,56,-10,0,0,0,7,-3,-0.3,0,-3,-0.3,.488,.498,-0.3,0.0,-3,$3400000,Amateur Free Agent,1\
247,Dallas\'a0Braden*\\bradeda01,27,OAK,3,0,0,0,0,0,0,0,0.0,0,0,0.0,.500,.500,0.0,0.0,0,$3350000,Amateur Draft,/1\
248,Howie\'a0Kendrick\\kendrho01,27,LAA,140,583,17,2,-2,6,1,23,2.5,22,45,4.6,.517,.515,4.0,0.7,39,$3300000,Amateur Draft,473\
249,Jeff\'a0Samardzija\\samarje01,26,CHC,75,4,-1,0,0,0,1,0,0.0,0,0,0.0,.500,.500,0.0,0.0,0,$3300000,Amateur Draft,1\
250,Ryan\'a0Theriot\\theriry01,31,STL,132,483,-8,-2,-2,-6,6,-12,-1.4,15,3,0.1,.490,.492,0.7,-0.1,9,$3300000,Traded,64\
251,Maicer\'a0Izturis#\\izturma01,30,LAA,122,494,3,-2,-1,-3,2,-1,-0.1,19,17,1.7,.499,.499,2.0,-0.1,20,$3266666,Traded,456D\
252,Rod\'a0Barajas\\barajro01,35,LAD,98,337,-2,-2,0,2,5,4,0.4,11,14,1.4,.504,.502,1.1,0.8,12,$3250000,Purchased,2\
253,Ryan\'a0Franklin\\frankry01,38,STL,21,2,-1,0,0,0,0,0,0.0,0,0,0.0,.499,.500,0.0,0.0,0,$3250000,Free Agency,1\
254,Adam\'a0Jones\\jonesad01,25,BAL,151,618,8,1,-1,-4,3,7,0.8,23,30,3.0,.505,.504,3.5,-0.1,34,$3250000,Traded,*8/D\
255,Jair\'a0Jurrjens\\jurrjja01,25,ATL,23,55,-10,0,-1,0,7,-3,-0.4,0,-3,-0.4,.485,.498,-0.4,0.0,-3,$3250000,Traded,1\
256,Darren\'a0Oliver\\oliveda02,40,TEX,61,0,0,0,0,0,0,0,0.0,0,0,0.0,.501,.500,0.0,0.0,0,$3250000,Free Agency,1\
257,Kyle\'a0Davies\\davieky01,27,KCR,13,1,0,0,0,0,0,0,0.0,0,0,0.0,.499,.500,0.0,0.0,0,$3200000,Traded,1\
258,Conor\'a0Jackson\\jacksco01,29,2TM,114,390,-7,0,-1,1,-5,-13,-1.3,15,2,0.1,.488,.495,0.0,-0.4,1,$3200000,Traded,/3795D\
259,Miguel\'a0Montero*\\montemi01,27,ARI,140,553,11,-1,-1,5,8,22,2.4,17,40,4.1,.517,.515,3.5,1.5,35,$3200000,Amateur Free Agent,*2\
260,Martin\'a0Prado\\pradoma01,27,ATL,129,590,-5,-2,-2,13,-4,1,0.1,17,19,1.8,.501,.501,0.3,1.0,6,$3100000,Amateur Free Agent,75/3\
261,Erick\'a0Aybar#\\aybarer01,27,LAA,143,605,8,7,0,-1,7,21,2.3,23,44,4.4,.515,.514,4.6,0.7,45,$3000000,Amateur Free Agent,*6\
262,Nick\'a0Blackburn\\blackni01,29,MIN,26,2,-1,0,0,0,0,0,0.0,0,0,0.0,.499,.500,0.0,0.0,0,$3000000,Amateur Draft,1\
263,Octavio\'a0Dotel\\doteloc01,37,2TM,65,2,-1,0,0,0,1,0,0.0,0,0,0.0,.500,.500,0.0,0.0,0,$3000000,Traded,1\
264,Bill\'a0Hall\\hallbi03,31,2TM,62,199,-11,-1,0,-8,1,-19,-2.1,6,-13,-1.5,.466,.492,-0.7,-0.8,-5,$3000000,Free Agency,4\
265,Jason\'a0Hammel\\hammeja01,28,COL,33,61,-7,0,1,0,8,2,0.2,0,2,0.2,.505,.501,0.2,0.0,2,$3000000,Traded,1\
266,Tsuyoshi\'a0Nishioka#\\nishits01,26,MIN,68,240,-14,-2,0,-15,3,-27,-2.8,9,-18,-1.9,.459,.483,-0.4,-1.2,-3,$3000000,Purchased,6/4D\
267,Brad\'a0Penny\\pennybr01,33,DET,31,4,-1,0,0,0,1,0,-0.1,0,0,-0.1,.499,.500,-0.1,0.0,0,$3000000,Free Agency,1\
268,Ivan\'a0Rodriguez\\rodriiv01,39,WSN,44,137,-5,0,0,2,2,-1,-0.1,4,3,0.3,.497,.499,0.0,0.5,1,$3000000,Free Agency,2/3\
269,Kelly\'a0Shoppach\\shoppke01,31,TBR,87,253,-8,-1,-1,3,5,-3,-0.3,9,6,0.6,.496,.498,0.3,0.8,3,$3000000,Traded,2\
270,Geovany\'a0Soto\\sotoge01,28,CHC,125,474,-1,-2,-1,-1,8,2,0.2,15,17,1.7,.502,.502,1.8,0.7,18,$3000000,Amateur Draft,*2\
271,Jim\'a0Thome*\\thomeji01,40,2TM,93,324,11,-1,0,0,-7,3,0.3,12,15,1.5,.503,.501,1.5,-0.8,15,$3000000,Purchased,D/5\
272,Matt\'a0Thornton*\\thornma01,34,CHW,62,0,0,0,0,0,0,0,0.0,0,0,0.0,.501,.500,0.0,0.0,0,$3000000,Traded,1\
273,Yorvit\'a0Torrealba\\torreyo01,32,TEX,113,419,-8,-2,0,-12,5,-17,-1.7,16,-1,-0.2,.484,.489,1.1,-0.7,11,$3000000,Free Agency,2D\
274,Koji\'a0Uehara\\ueharko01,36,2TM,65,0,0,0,0,0,0,0,0.0,0,0,0.0,.501,.500,0.0,0.0,0,$3000000,Free Agency,1\
275,Dan\'a0Wheeler\\wheelda01,33,BOS,47,0,0,0,0,0,0,0,0.0,0,0,0.0,.501,.500,0.0,0.0,0,$3000000,Free Agency,1\
276,Ramon\'a0Hernandez\\hernara02,35,CIN,91,328,5,-3,-1,-4,5,2,0.2,10,12,1.2,.502,.501,1.6,0.1,16,$2947318,Free Agency,2/3\
277,Yunel\'a0Escobar\\escobyu01,28,TOR,133,590,12,1,-1,7,6,25,2.7,21,46,4.7,.520,.516,4.0,1.4,39,$2900000,Traded,*6/D\
278,Ubaldo\'a0Jimenez\\jimenub01,27,2TM,32,42,-6,0,0,0,5,-1,-0.1,0,-1,-0.1,.496,.500,-0.1,0.0,-1,$2800000,Traded,1\
279,Matt\'a0Lindstrom\\lindsma01,31,COL,63,0,0,0,0,0,0,0,0.0,0,0,0.0,.501,.500,0.0,0.0,0,$2800000,Traded,1\
280,Michael\'a0Wuertz\\wuertmi01,32,OAK,39,0,0,0,0,0,0,0,0.0,0,0,0.0,.501,.500,0.0,0.0,0,$2800000,Traded,1\
281,Jay\'a0Bruce*\\bruceja01,24,CIN,157,664,11,-2,0,-2,-6,0,-0.1,21,20,2.0,.500,.500,2.1,-0.9,22,$2791666,Amateur Draft,*9\
282,Danys\'a0Baez\\baezda01,33,PHI,29,2,-1,0,0,0,0,0,0.0,0,0,0.0,.500,.500,0.0,0.0,0,$2750000,Free Agency,1\
283,R.A.\'a0Dickey\\dicker.01,36,NYM,33,69,-10,0,0,0,9,-1,-0.1,0,-1,-0.1,.497,.499,-0.1,0.0,-1,$2750000,Free Agency,1\
284,John\'a0Lannan*\\lannajo01,26,WSN,33,65,-10,0,0,0,8,-2,-0.2,0,-2,-0.2,.493,.499,-0.2,0.0,-2,$2750000,Amateur Draft,1\
285,Alexei\'a0Ramirez\\ramiral03,29,CHW,158,684,-7,3,-1,7,8,10,1.1,25,35,3.5,.507,.506,2.8,1.6,28,$2750000,Amateur Free Agent,*6/D\
286,Carlos\'a0Ruiz\\ruizca01,32,PHI,132,472,7,-2,-1,0,8,13,1.3,15,27,2.8,.510,.508,2.7,0.8,27,$2750000,Amateur Free Agent,*2/5\
287,Skip\'a0Schumaker*\\schumsk01,31,STL,117,400,-4,-1,0,-1,1,-5,-0.6,12,7,0.6,.495,.496,0.7,0.0,8,$2750000,Amateur Draft,49/781\
288,Hung-Chih\'a0Kuo*\\kuoho01,29,LAD,40,0,0,0,0,0,0,0,0.0,0,0,0.0,.501,.500,0.0,0.0,0,$2725000,Amateur Free Agent,1\
289,Phil\'a0Hughes\\hugheph01,25,NYY,17,0,0,0,0,0,0,0,0.0,0,0,0.0,.501,.500,0.0,0.0,0,$2700000,Amateur Draft,1\
290,Kevin\'a0Slowey\\sloweke01,27,MIN,14,0,0,0,0,0,0,0,0.0,0,0,0.0,.501,.500,0.0,0.0,0,$2700000,Amateur Draft,1\
291,Kyle\'a0Farnsworth\\farnsky01,35,TBR,63,0,0,0,0,0,0,0,0.0,0,0,0.0,.501,.500,0.0,0.0,0,$2600000,Free Agency,1\
292,Chris\'a0Iannetta\\iannech01,28,COL,112,426,3,1,0,8,7,18,1.9,13,31,3.2,.517,.512,2.3,1.6,23,$2550000,Amateur Draft,2/35\
293,Mike\'a0Adams\\adamsmi03,32,2TM,76,0,0,0,0,0,0,0,0.0,0,0,0.0,.501,.500,0.0,0.0,0,$2535000,Traded,1\
294,Carlos\'a0Marmol\\marmoca01,28,CHC,75,0,0,0,0,0,0,0,0.0,0,0,0.0,.501,.500,0.0,0.0,0,$2533333,Amateur Free Agent,1\
295,Jose\'a0Contreras\\contrjo01,39,PHI,17,0,0,0,0,0,0,0,0.0,0,0,0.0,.501,.500,0.0,0.0,0,$2500000,Free Agency,1\
296,Jack\'a0Cust*\\custja01,32,SEA,67,270,-1,-1,0,0,-6,-8,-0.8,10,2,0.2,.487,.495,0.2,-0.6,2,$2500000,Free Agency,D\
297,Rajai\'a0Davis\\davisra01,30,TOR,95,338,-14,1,0,-8,1,-19,-2.0,13,-7,-0.8,.479,.487,0.1,-0.7,1,$2500000,Traded,8/97D\
298,Edwin\'a0Encarnacion\\encared01,28,TOR,134,530,6,1,-2,-7,-7,-10,-1.0,20,10,1.0,.492,.494,1.7,-1.5,17,$2500000,Free Agency,D53\
299,Jeff\'a0Francoeur\\francje02,27,KCR,153,656,13,0,-1,1,-6,6,0.7,24,31,3.1,.504,.504,3.0,-0.6,30,$2500000,Free Agency,*9\
300,Alex\'a0Gonzalez\\gonzaal02,34,ATL,149,593,-17,-1,-2,9,8,-3,-0.3,18,16,1.5,.498,.498,0.4,1.8,7,$2500000,Traded,*6\
301,Omar\'a0Infante\\infanom01,29,FLA,148,640,-4,0,0,4,4,4,0.5,20,24,2.4,.503,.503,1.9,0.8,20,$2500000,Traded,*4\
302,Miguel\'a0Olivo\\olivomi01,32,SEA,130,507,-14,0,0,-9,8,-15,-1.6,19,4,0.3,.488,.490,1.3,-0.1,13,$2500000,Free Agency,*2/D\
303,Kyle\'a0Kendrick\\kendrky01,26,PHI,35,31,-3,0,0,0,4,1,0.2,0,1,0.2,.504,.501,0.1,0.0,1,$2450000,Amateur Draft,1\
304,Jason\'a0Vargas*\\vargaja01,28,SEA,32,2,-1,0,0,0,0,0,0.0,0,0,0.0,.500,.500,0.0,0.0,0,$2450000,Traded,1\
305,Jacoby\'a0Ellsbury*\\ellsbja01,27,BOS,158,732,42,1,1,7,3,55,5.7,25,80,8.1,.536,.535,7.4,1.1,73,$2400000,Amateur Draft,*8/D\
306,David\'a0Murphy*\\murphda07,29,TEX,120,440,-5,-1,1,4,-5,-7,-0.7,17,10,0.9,.494,.496,0.5,-0.1,6,$2400000,Traded,*798/D\
307,Javier\'a0Lopez*\\lopezja02,33,SFG,70,2,-1,0,0,0,1,0,0.0,0,0,0.0,.500,.500,0.0,0.0,0,$2375000,Traded,1\
308,Matt\'a0Belisle\\belisma01,31,COL,74,3,1,0,0,0,1,1,0.2,0,1,0.2,.502,.501,0.2,0.0,1,$2350000,Free Agency,1\
309,Melvin\'a0Mora\\morame01,39,ARI,42,135,-10,0,-1,-3,1,-13,-1.5,4,-9,-1.1,.465,.491,-0.8,-0.3,-6,$2350000,Free Agency,5/3\
310,Chase\'a0Headley#\\headlch01,27,SDP,113,439,9,1,1,1,2,13,1.4,14,27,2.8,.513,.509,2.6,0.3,26,$2325000,Amateur Draft,5\
311,Armando\'a0Galarraga\\galarar01,29,ARI,8,16,-4,0,0,0,2,-2,-0.3,0,-2,-0.3,.468,.498,-0.3,0.0,-2,$2300000,Traded,/1\
312,Jeff\'a0Keppinger\\keppije01,31,2TM,99,400,-5,-1,0,-11,2,-15,-1.6,12,-2,-0.4,.484,.495,0.8,-1.0,9,$2300000,Traded,4\
313,Brandon\'a0Morrow\\morrobr01,26,TOR,30,6,-2,0,0,0,1,-1,-0.1,0,-1,-0.1,.497,.500,-0.1,0.0,-1,$2300000,Traded,1\
314,Ian\'a0Stewart*\\stewaia01,26,COL,48,136,-15,0,0,3,1,-11,-1.2,4,-7,-0.8,.475,.492,-1.2,0.4,-10,$2287500,Amateur Draft,5\
315,Jamey\'a0Carroll\\carroja01,37,LAD,146,510,2,1,2,-15,5,-5,-0.6,16,11,1.0,.496,.497,2.6,-1.1,26,$2285677,Free Agency,46\
316,Shawn\'a0Camp\\campsh01,35,TOR,67,0,0,0,0,0,0,0,0.0,0,0,0.0,.501,.500,0.0,0.0,0,$2250000,Free Agency,1\
317,Brandon\'a0League\\leagubr01,28,SEA,65,0,0,0,0,0,0,0,0.0,0,0,0.0,.501,.500,0.0,0.0,0,$2250000,Traded,1\
318,Dayan\'a0Viciedo\\vicieda01,22,CHW,29,113,-3,0,0,0,-2,-5,-0.5,4,-1,-0.1,.481,.497,-0.1,-0.2,-1,$2250000,Amateur Free Agent,9/D3\
319,Chris\'a0Perez\\perezch01,25,CLE,64,0,0,0,0,0,0,0,0.0,0,0,0.0,.501,.500,0.0,0.0,0,$2225000,Traded,1\
320,Andres\'a0Torres#\\torrean02,33,SFG,112,398,-5,3,0,-2,2,-3,-0.3,12,10,0.9,.497,.498,1.1,0.0,12,$2200000,Free Agency,*8/97\
321,Matt\'a0Diaz\\diazma02,33,2TM,116,268,-7,-1,-1,-3,-3,-15,-1.7,8,-7,-0.8,.486,.493,-0.6,-0.7,-4,$2125000,Traded,/97\
322,Tom\'a0Gorzelanny\\gorzeto01,28,WSN,30,33,-5,0,0,0,4,-1,-0.1,0,-1,-0.1,.498,.500,-0.1,0.0,-1,$2100000,Traded,1\
323,David\'a0Price*\\priceda01,25,TBR,34,5,-1,0,0,0,1,0,0.0,0,0,0.0,.500,.500,0.0,0.0,0,$2084671,Amateur Draft,1\
324,Edgar\'a0Renteria\\renteed01,34,CIN,96,333,-7,-1,0,1,4,-3,-0.4,10,7,0.7,.497,.498,0.5,0.5,6,$2068391,Free Agency,6/4\
325,Jose\'a0Iglesias\\iglesjo01,21,BOS,10,6,0,0,0,0,0,0,0.0,0,0,0.0,.500,.500,0.0,0.0,0,$2060000,Amateur Free Agent,/6\
326,Pedro\'a0Alvarez*\\alvarpe01,24,PIT,74,262,-13,-2,-1,-11,1,-26,-2.9,8,-18,-2.0,.462,.482,-0.9,-1.1,-7,$2050000,Amateur Draft,5\
327,Asdrubal\'a0Cabrera#\\cabreas01,25,CLE,151,667,15,0,0,3,8,25,2.7,24,49,5.0,.517,.516,4.7,1.1,46,$2025000,Traded,*6\
328,Ross\'a0Ohlendorf\\ohlenro01,28,PIT,9,15,-1,0,0,0,2,1,0.2,0,1,0.2,.517,.501,0.2,0.0,1,$2025000,Traded,/1\
329,Manny\'a0Ramirez\\ramirma02,39,TBR,5,17,-3,0,0,0,0,-3,-0.4,1,-3,-0.3,.426,.498,-0.3,0.0,-3,$2020000,Free Agency,/D\
330,Alberto\'a0Callaspo#\\callaal01,28,LAA,141,536,7,1,-1,4,2,13,1.5,20,34,3.4,.510,.509,3.0,0.7,30,$2000000,Traded,*5\
331,Bruce\'a0Chen*\\chenbr01,34,KCR,25,2,-1,0,0,0,0,0,0.0,0,0,0.0,.499,.500,0.0,0.0,0,$2000000,Free Agency,1\
332,Jeff\'a0Francis*\\francje01,30,KCR,31,2,-1,0,0,0,0,0,0.0,0,0,0.0,.500,.500,0.0,0.0,0,$2000000,Free Agency,1\
333,Jerry\'a0Hairston\\hairsje02,35,2TM,120,376,1,0,0,5,1,8,0.9,12,20,2.0,.507,.502,1.4,0.7,15,$2000000,Traded,48/576\
334,Brad\'a0Hawpe*\\hawpebr01,32,SDP,62,216,-5,1,-1,-1,-3,-9,-1.0,7,-2,-0.4,.484,.494,-0.3,-0.4,-1,$2000000,Free Agency,3/9D\
335,Aaron\'a0Heilman\\heilmaa01,32,ARI,32,1,0,0,0,0,0,0,0.0,0,0,0.0,.500,.500,0.0,0.0,0,$2000000,Free Agency,1\
336,Colby\'a0Lewis\\lewisco01,31,TEX,32,8,-1,0,0,0,1,0,0.0,0,0,0.0,.501,.500,0.0,0.0,0,$2000000,Free Agency,1\
337,Evan\'a0Longoria\\longoev01,25,TBR,133,574,28,0,0,22,2,51,5.4,21,72,7.4,.540,.533,5.1,2.6,50,$2000000,Amateur Draft,*5/D\
338,Yunesky\'a0Maya\\mayayu01,29,WSN,10,9,-2,0,0,0,1,-1,-0.1,0,-1,-0.1,.487,.499,-0.1,0.0,-1,$2000000,Amateur Free Agent,1\
339,Trever\'a0Miller\\milletr02,38,3TM,48,0,0,0,0,0,0,0,0.0,0,0,0.0,.500,.500,0.0,0.0,0,$2000000,Free Agency,/1\
340,Peter\'a0Moylan\\moylape01,32,ATL,13,0,0,0,0,0,0,0,0.0,0,0,0.0,.501,.500,0.0,0.0,0,$2000000,Free Agency,1\
341,Vicente\'a0Padilla\\padilvi01,33,LAD,9,0,0,0,0,0,0,0,0.0,0,0,0.0,.501,.500,0.0,0.0,0,$2000000,Free Agency,/1\
342,A.J.\'a0Pierzynski*\\pierza.01,34,CHW,129,500,-8,-1,-2,-9,7,-13,-1.3,19,6,0.5,.490,.492,1.5,-0.2,15,$2000000,Free Agency,*2/D\
343,Jason\'a0Varitek#\\varitja01,39,BOS,68,250,-2,-2,0,-1,4,0,0.0,9,9,0.9,.499,.500,1.0,0.3,10,$2000000,Free Agency,2\
344,Tim\'a0Wakefield\\wakefti01,44,BOS,33,4,-1,0,0,0,1,0,-0.1,0,0,-0.1,.499,.500,-0.1,0.0,0,$2000000,Free Agency,1\
345,Ryan\'a0Spilborghs\\spilbry01,31,COL,98,223,-13,-1,-1,-3,-2,-20,-2.3,7,-13,-1.6,.477,.486,-1.3,-0.6,-10,$1950000,Free Agency,798\
346,Ronny\'a0Cedeno\\cedenro02,28,PIT,128,454,-14,-2,1,5,6,-4,-0.4,14,11,1.0,.497,.498,0.4,1.2,6,$1850000,Traded,*6/4\
347,Luke\'a0Hochevar\\hochelu01,27,KCR,31,2,0,0,0,0,0,1,0.1,0,1,0.1,.502,.500,0.1,0.0,1,$1760000,Amateur Draft,1\
348,Jonny\'a0Gomes\\gomesjo01,30,2TM,120,372,-2,-1,0,0,-4,-6,-0.7,12,5,0.5,.494,.498,0.4,-0.5,5,$1750000,Free Agency,7/D\
349,Ryota\'a0Igarashi\\igarary01,32,NYM,45,0,0,0,0,0,0,0,0.0,0,0,0.0,.501,.500,0.0,0.0,0,$1750000,Free Agency,1\
350,Xavier\'a0Nady\\nadyxa01,32,ARI,82,223,-7,0,1,1,-3,-9,-1.0,7,-2,-0.3,.488,.494,-0.5,-0.3,-3,$1750000,Free Agency,37\
351,Hideki\'a0Okajima*\\okajihi01,35,BOS,7,0,0,0,0,0,0,0,0.0,0,0,0.0,.500,.500,0.0,0.0,0,$1750000,Free Agency,/1\
352,Takashi\'a0Saito*\\saitota01,41,MIL,30,0,0,0,0,0,0,0,0.0,0,0,0.0,.501,.500,0.0,0.0,0,$1750000,Free Agency,1\
353,Omar\'a0Vizquel#\\vizquom01,44,CHW,58,182,-10,-1,1,-2,1,-11,-1.1,7,-4,-0.5,.481,.493,-0.2,-0.1,-2,$1750000,Free Agency,54/6D3\
354,Nick\'a0Masset\\masseni01,29,CIN,75,0,0,0,0,0,0,0,0.0,0,0,0.0,.501,.500,0.0,0.0,0,$1725000,Traded,1\
355,Jeff\'a0Mathis\\mathije01,28,LAA,93,281,-20,-1,0,8,5,-8,-0.8,11,3,0.2,.491,.495,-0.6,1.4,-5,$1700000,Amateur Draft,2/D\
356,Ramon\'a0Ramirez\\ramirra02,29,SFG,66,1,0,0,0,0,0,0,0.0,0,0,0.0,.500,.500,0.0,0.0,0,$1650000,Traded,1\
357,David\'a0Ross\\rossda01,34,ATL,52,171,2,-2,-1,3,3,5,0.6,5,11,1.1,.512,.504,0.8,0.6,8,$1625000,Free Agency,2/D\
358,Brian\'a0Schneider*\\schnebr01,34,PHI,41,139,-11,-1,0,-3,2,-13,-1.5,4,-9,-1.0,.464,.491,-0.7,-0.1,-6,$1625000,Free Agency,2\
359,Edinson\'a0Volquez\\volqued01,27,CIN,21,34,-5,-1,0,0,4,-1,-0.1,0,-1,-0.1,.495,.499,-0.1,0.0,-1,$1625000,Traded,1\
360,Ross\'a0Gload*\\gloadro01,35,PHI,93,118,-5,0,0,0,0,-6,-0.6,4,-2,-0.3,.493,.496,-0.3,-0.1,-2,$1600000,Free Agency,3/9D\
361,Sean\'a0Marshall*\\marshse01,28,CHC,78,0,0,0,0,0,0,0,0.0,0,0,0.0,.501,.500,0.0,0.0,0,$1600000,Amateur Draft,1\
362,Tony\'a0Pena\\penato03,29,CHW,17,0,0,0,0,0,0,0,0.0,0,0,0.0,.501,.500,0.0,0.0,0,$1600000,Traded,1\
363,Rob\'a0Tejeda\\tejedro01,29,KCR,9,0,0,0,0,0,0,0,0.0,0,0,0.0,.501,.500,0.0,0.0,0,$1550000,Waivers,/1\
364,Rick\'a0Porcello\\porceri01,22,DET,31,6,-1,0,0,0,1,0,0.0,0,0,0.0,.500,.500,0.0,0.0,0,$1536000,Amateur Draft,1\
365,Rick\'a0Ankiel*\\ankieri01,31,WSN,122,415,-8,1,0,9,2,4,0.4,13,17,1.7,.503,.503,0.6,1.2,8,$1500000,Free Agency,*8/9\
366,Chris\'a0Capuano*\\capuach01,32,NYM,36,62,-11,0,0,0,8,-4,-0.4,0,-4,-0.4,.489,.498,-0.4,0.0,-4,$1500000,Free Agency,1\
367,Eric\'a0Chavez*\\chaveer01,33,NYY,58,175,-5,0,0,3,0,-2,-0.2,7,4,0.4,.496,.499,0.1,0.3,1,$1500000,Free Agency,5/D3\
368,Freddy\'a0Garcia\\garcifr03,34,NYY,26,8,-2,0,0,0,1,-1,-0.1,0,-1,-0.1,.496,.499,-0.1,0.0,-1,$1500000,Free Agency,1\
369,Carlos\'a0Gomez\\gomezca01,25,MIL,94,258,-5,1,1,15,1,12,1.4,8,21,2.2,.515,.509,0.5,1.8,5,$1500000,Traded,8\
370,Matt\'a0Guerrier\\guerrma02,32,LAD,70,1,0,0,0,0,0,1,0.1,0,1,0.1,.501,.500,0.1,0.0,1,$1500000,Free Agency,1\
371,Rich\'a0Harden*\\harderi01,29,OAK,15,0,0,0,0,0,0,0,0.0,0,0,0.0,.501,.500,0.0,0.0,0,$1500000,Free Agency,1\
372,Cesar\'a0Izturis#\\izturce01,31,BAL,18,33,-3,0,0,2,1,0,0.0,1,1,0.1,.498,.500,-0.1,0.3,-1,$1500000,Free Agency,6/45D\
373,Andruw\'a0Jones\\jonesan01,34,NYY,77,222,6,-1,0,0,-4,1,0.2,8,10,1.0,.502,.501,1.0,-0.4,10,$1500000,Free Agency,79D\
374,Leonys\'a0Martin*\\martile01,23,TEX,8,8,1,0,0,-1,0,0,0.0,0,1,0.1,.505,.500,0.2,-0.1,2,$1500000,Amateur Free Agent,/8\
375,John\'a0McDonald\\mcdonjo03,36,2TM,84,245,-11,-1,1,12,3,4,0.4,9,12,1.2,.504,.502,-0.1,1.6,0,$1500000,Traded,6\
376,Will\'a0Ohman*\\ohmanwi01,33,CHW,59,0,0,0,0,0,0,0,0.0,0,0,0.0,.501,.500,0.0,0.0,0,$1500000,Free Agency,1\
377,Chad\'a0Qualls\\quallch01,32,SDP,77,0,0,0,0,0,0,0,0.0,0,0,0.0,.501,.500,0.0,0.0,0,$1500000,Free Agency,1\
378,Junichi\'a0Tazawa\\tazawju01,25,BOS,3,0,0,0,0,0,0,0,0.0,0,0,0.0,.500,.500,0.0,0.0,0,$1500000,Free Agency,/1\
379,Kerry\'a0Wood\\woodke02,34,CHC,55,0,0,0,0,0,0,0,0.0,0,0,0.0,.501,.500,0.0,0.0,0,$1500000,Free Agency,1\
380,Carlos\'a0Gonzalez*\\gonzaca01,25,COL,127,542,16,2,1,8,-3,24,2.6,17,41,4.3,.521,.516,3.3,0.5,33,$1428571,Traded,*798\
381,Carlos\'a0Villanueva\\villaca01,27,TOR,33,5,-1,0,0,0,1,0,0.0,0,0,0.0,.500,.500,0.0,0.0,0,$1415000,Purchased,1\
382,Craig\'a0Breslow*\\breslcr01,30,OAK,67,0,0,0,0,0,0,0,0.0,0,0,0.0,.501,.500,0.0,0.0,0,$1400000,Waivers,1\
383,Joba\'a0Chamberlain\\chambjo03,25,NYY,27,0,0,0,0,0,0,0,0.0,0,0,0.0,.501,.500,0.0,0.0,0,$1400000,Amateur Draft,1\
384,Craig\'a0Counsell*\\counscr01,40,MIL,107,187,-14,2,1,6,2,-4,-0.4,6,2,0.1,.496,.497,-0.6,0.9,-4,$1400000,Free Agency,465/7\
385,Aaron\'a0Crow\\crowaa01,24,KCR,57,0,0,0,0,0,0,0,0.0,0,0,0.0,.501,.500,0.0,0.0,0,$1400000,Amateur Draft,1\
386,Alex\'a0Gordon*\\gordoal01,27,KCR,151,690,35,0,0,19,-7,47,5.0,24,71,7.2,.532,.530,5.3,1.3,52,$1400000,Amateur Draft,*7/3\
387,Joel\'a0Hanrahan\\hanrajo01,29,PIT,70,0,0,0,0,0,0,0,0.0,0,0,0.0,.501,.500,0.0,0.0,0,$1400000,Traded,1\
388,Clay\'a0Hensley\\henslcl01,31,FLA,37,17,-4,0,0,0,2,-2,-0.2,0,-2,-0.2,.496,.499,-0.2,0.0,-2,$1400000,Free Agency,1\
389,Ryan\'a0Sweeney*\\sweenry01,26,OAK,108,299,-3,-1,0,-4,-2,-9,-1.0,11,2,0.1,.491,.494,0.6,-0.6,6,$1400000,Traded,789/D\
390,Kyle\'a0McClellan\\mccleky01,27,STL,44,41,-5,0,0,0,5,1,0.1,0,1,0.1,.502,.501,0.1,0.0,1,$1375000,Amateur Draft,1\
391,Geoff\'a0Blum#\\blumge01,38,ARI,23,55,-1,0,0,0,0,-1,-0.1,2,1,0.1,.496,.499,0.1,0.0,1,$1350000,Free Agency,5\
392,Sean\'a0Burnett*\\burnese01,28,WSN,69,2,1,0,0,0,1,2,0.2,0,2,0.2,.503,.501,0.2,0.0,2,$1350000,Traded,1\
393,Todd\'a0Coffey\\coffeto01,30,WSN,69,0,0,0,0,0,0,0,0.0,0,0,0.0,.501,.500,0.0,0.0,0,$1350000,Free Agency,1\
394,Eric\'a0Hinske*\\hinsker01,33,ATL,117,264,-3,-2,0,1,-3,-6,-0.7,8,2,0.1,.494,.496,0.0,-0.2,1,$1350000,Free Agency,793/D\
395,Brian\'a0Matusz*\\matusbr01,24,BAL,12,2,-1,0,0,0,0,0,0.0,0,0,0.0,.498,.500,0.0,0.0,0,$1350000,Amateur Draft,1\
396,J.C.\'a0Romero#\\romerj.01,35,2TM,36,0,0,0,0,0,0,0,0.0,0,0,0.0,.501,.500,0.0,0.0,0,$1350000,Free Agency,1\
397,Ramon\'a0Santiago#\\santira01,31,DET,101,294,-5,-1,0,8,3,6,0.6,11,17,1.7,.506,.504,0.9,1.2,9,$1350000,Free Agency,46/5\
398,Rafael\'a0Perez*\\perezra01,29,CLE,71,0,0,0,0,0,0,0,0.0,0,0,0.0,.501,.500,0.0,0.1,0,$1330000,Amateur Free Agent,1\
399,Santiago\'a0Casilla\\garcija01,30,SFG,49,1,0,0,0,0,0,1,0.1,0,1,0.1,.502,.500,0.1,0.0,1,$1300000,Free Agency,1\
400,Austin\'a0Kearns\\kearnau01,31,CLE,57,174,-6,-1,0,-3,-3,-12,-1.3,7,-6,-0.7,.477,.492,-0.3,-0.6,-3,$1300000,Free Agency,79/D\
401,Ronny\'a0Paulino\\pauliro01,30,NYM,78,248,-5,-1,-1,-6,4,-9,-1.0,8,-2,-0.3,.487,.494,0.4,-0.3,4,$1300000,Free Agency,2\
402,Ryan\'a0Raburn\\raburry01,30,DET,121,418,-4,0,1,-9,-2,-14,-1.5,16,1,0.1,.488,.491,1.0,-1.2,10,$1300000,Amateur Draft,479/5D38\
403,Darren\'a0O'Day\\odayda01,28,TEX,16,0,0,0,0,0,0,0,0.0,0,0,0.0,.501,.500,0.0,0.0,0,$1251000,Waivers,1\
404,Brett\'a0Anderson*\\anderbr04,23,OAK,13,1,0,0,0,0,0,0,0.0,0,0,0.0,.499,.500,0.0,0.0,0,$1250000,Traded,1\
405,Melky\'a0Cabrera#\\cabreme01,26,KCR,155,706,19,2,1,-5,2,19,2.0,25,44,4.4,.513,.512,5.0,-0.3,49,$1250000,Free Agency,*87/D9\
406,Livan\'a0Hernandez\\hernali01,36,WSN,31,61,-5,-1,0,0,8,2,0.2,0,2,0.2,.507,.501,0.2,0.0,2,$1250000,Free Agency,1\
407,Kameron\'a0Loe\\loeka01,29,MIL,72,1,0,0,0,0,0,0,0.0,0,0,0.0,.500,.500,0.0,0.0,0,$1250000,Free Agency,1\
408,Brad\'a0Ziegler\\zieglbr01,31,2TM,66,0,0,0,0,0,0,0,0.0,0,0,0.0,.501,.500,0.0,0.0,0,$1250000,Traded,1\
409,D.J.\'a0Carrasco\\carradj01,34,NYM,42,1,0,0,0,0,0,0,0.0,0,0,0.0,.501,.500,0.0,0.0,0,$1200000,Free Agency,1\
410,Ramon\'a0Castro\\castrra01,35,CHW,23,75,0,0,0,-1,1,0,0.0,3,2,0.2,.498,.500,0.3,0.0,3,$1200000,Free Agency,2/D\
411,Lance\'a0Cormier\\cormila01,30,LAD,9,1,0,0,0,0,0,0,0.0,0,0,0.0,.499,.500,0.0,0.0,0,$1200000,Free Agency,/1\
412,Boone\'a0Logan\\loganbo02,26,NYY,64,1,0,0,0,0,0,0,0.0,0,0,0.0,.501,.500,0.0,0.0,0,$1200000,Traded,1\
413,Mark\'a0Lowe*\\lowema01,28,TEX,52,0,0,0,0,0,0,0,0.0,0,0,0.0,.501,.500,0.0,0.0,0,$1200000,Traded,1\
414,Jose\'a0Molina\\molinjo01,36,TOR,55,191,2,0,0,-2,3,2,0.2,7,9,0.9,.504,.501,1.1,0.1,11,$1200000,Free Agency,2/D\
415,George\'a0Sherrill*\\sherrge01,34,ATL,51,0,0,0,0,0,0,0,0.0,0,0,0.0,.501,.500,0.0,0.0,0,$1200000,Free Agency,1\
416,Chien-Ming\'a0Wang\\wangch01,31,WSN,11,20,-4,0,0,0,3,-1,-0.2,0,-1,-0.2,.486,.499,-0.2,0.0,-1,$1200000,Free Agency,1\
417,Jeff\'a0Baker\\bakerje03,30,CHC,81,212,-1,0,-1,-3,-1,-7,-0.7,7,0,-0.1,.491,.496,0.2,-0.5,3,$1175000,Traded,3459/D7\
418,Ben\'a0Francisco\\francbe01,29,PHI,100,293,-2,-2,0,-9,-3,-16,-1.8,9,-7,-0.9,.482,.489,0.1,-1.3,2,$1175000,Traded,97/D\
419,Jacob\'a0Turner\\turneja01,20,DET,3,0,0,0,0,0,0,0,0.0,0,0,0.0,.500,.500,0.0,0.0,0,$1175000,Amateur Draft,/1\
420,Scott\'a0Hairston\\hairssc01,31,NYM,79,145,2,0,0,-1,-1,0,0.0,5,4,0.4,.500,.500,0.5,-0.2,5,$1100000,Free Agency,987/D4\
421,J.P.\'a0Howell*\\howeljp01,28,TBR,46,0,0,0,0,0,0,0,0.0,0,0,0.0,.501,.500,0.0,0.0,0,$1100000,Free Agency,1\
422,Jeff\'a0Karstens\\karstje01,28,PIT,30,58,-8,0,0,0,7,-1,-0.1,0,-1,-0.1,.497,.499,-0.1,0.0,-1,$1100000,Traded,1\
423,Chris\'a0Young\\youngch03,32,NYM,4,11,0,0,0,0,1,1,0.1,0,1,0.1,.530,.501,0.1,0.0,1,$1100000,Free Agency,/1\
424,Casey\'a0Janssen\\janssca01,29,TOR,55,0,0,0,0,0,0,0,0.0,0,0,0.0,.501,.500,0.0,0.0,0,$1095000,Amateur Draft,1\
425,Jeremy\'a0Accardo\\accarje01,29,BAL,31,0,0,0,0,0,0,0,0.0,0,0,0.0,.501,.500,0.0,0.0,0,$1080000,Free Agency,1\
426,Tim\'a0Stauffer\\staufti01,29,SDP,32,63,-7,0,0,0,8,1,0.1,0,1,0.1,.503,.501,0.1,0.0,1,$1075000,Amateur Draft,1\
427,Mike\'a0Fontenot*\\fontemi01,31,SFG,85,252,-4,1,1,-3,3,-3,-0.3,8,5,0.5,.496,.498,0.8,0.0,8,$1050000,Traded,64/5\
428,Mike\'a0Morse\\morsemi01,29,WSN,146,575,31,0,-1,-7,-7,15,1.6,18,33,3.4,.511,.510,4.1,-1.6,40,$1050000,Traded,37/D\
429,Erik\'a0Bedard*\\bedarer01,32,2TM,24,5,-1,0,0,0,1,0,0.0,0,0,0.0,.501,.500,0.0,0.0,0,$1000000,Traded,/1\
430,Wilson\'a0Betemit#\\betemwi01,29,2TM,97,359,4,-2,0,-9,1,-6,-0.7,13,7,0.6,.493,.498,1.6,-0.8,16,$1000000,Traded,5\
431,Henry\'a0Blanco\\blanche01,39,ARI,37,112,4,-1,0,0,2,4,0.5,3,8,0.8,.513,.503,0.8,0.2,8,$1000000,Free Agency,2\
432,Russell\'a0Branyan*\\branyru01,35,2TM,68,146,-3,-1,0,2,-2,-4,-0.5,5,1,0.0,.493,.499,-0.2,-0.1,-1,$1000000,Free Agency,3\
433,Pat\'a0Burrell\\burrepa01,34,SFG,92,219,5,0,0,0,-1,3,0.3,7,10,1.0,.503,.502,0.9,-0.2,10,$1000000,Free Agency,7\
434,Dave\'a0Bush\\bushda01,31,TEX,17,0,0,0,0,0,0,0,0.0,0,0,0.0,.501,.500,0.0,0.0,0,$1000000,Free Agency,1\
435,Orlando\'a0Cabrera\\cabreor01,36,2TM,130,477,-22,-1,0,-3,4,-22,-2.4,17,-5,-0.7,.481,.491,-0.4,0.1,-2,$1000000,Free Agency,4/5D6\
436,Miguel\'a0Cairo\\cairomi01,37,CIN,102,276,1,-2,1,6,1,7,0.7,9,15,1.6,.507,.505,0.9,0.8,9,$1000000,Free Agency,54/3\
437,Randy\'a0Choate*\\choatra01,35,FLA,54,0,0,0,0,0,0,0,0.0,0,0,0.0,.501,.500,0.0,0.0,0,$1000000,Free Agency,1\
438,Jason\'a0Giambi*\\giambja01,40,COL,64,152,8,0,0,0,-2,6,0.6,5,10,1.1,.510,.504,1.0,-0.2,10,$1000000,Free Agency,3/D\
439,Wes\'a0Helms\\helmswe01,35,FLA,69,124,-7,0,0,-2,0,-9,-1.0,4,-5,-0.6,.486,.494,-0.4,-0.2,-3,$1000000,Purchased,5/34\
440,Dan\'a0Johnson*\\johnsda06,31,TBR,31,91,-10,0,-1,1,-1,-11,-1.2,3,-8,-0.9,.461,.492,-1.0,0.0,-9,$1000000,Free Agency,3/5D\
441,Gerald\'a0Laird\\lairdge01,31,STL,37,108,-4,-1,0,-2,1,-5,-0.6,3,-2,-0.2,.485,.497,0.0,-0.1,0,$1000000,Free Agency,2/3D\
442,Brandon\'a0McCarthy\\mccarbr01,27,OAK,25,0,0,0,0,0,0,0,0.0,0,0,0.0,.501,.500,0.0,0.0,0,$1000000,Free Agency,1\
443,Dioner\'a0Navarro#\\navardi01,27,LAD,64,202,-9,-1,0,1,3,-6,-0.7,6,0,-0.1,.489,.496,-0.2,0.5,-1,$1000000,Free Agency,2/D\
444,Humberto\'a0Quintero\\quinthu01,31,HOU,79,272,-13,0,-1,6,5,-4,-0.4,8,5,0.4,.495,.498,-0.3,1.2,-1,$1000000,Traded,2\
445,Chris\'a0Ray\\raych01,29,SEA,29,0,0,0,0,0,0,0,0.0,0,0,0.0,.501,.500,0.0,0.0,0,$1000000,Free Agency,1\
446,Ricky\'a0Romero\\romerri01,26,TOR,32,6,-1,0,0,0,1,0,0.0,0,0,0.0,.500,.500,0.0,0.0,0,$1000000,Amateur Draft,1\
447,Brendan\'a0Ryan\\ryanbr01,29,SEA,123,494,-8,3,0,18,6,20,2.2,19,39,4.0,.517,.513,2.1,2.6,21,$1000000,Traded,*6\
448,Denard\'a0Span*\\spande01,27,MIN,70,311,-2,3,1,9,1,12,1.3,11,23,2.4,.518,.508,1.4,1.1,14,$1000000,Amateur Draft,8/D\
449,Marcus\'a0Thames\\thamema01,34,LAD,36,70,-4,0,-1,-2,-1,-7,-0.8,2,-5,-0.5,.479,.495,-0.3,-0.3,-3,$1000000,Free Agency,7/D\
450,Felix\'a0Pie*\\piefe01,26,BAL,85,175,-12,1,1,-12,-2,-24,-2.5,7,-18,-1.9,.470,.484,-0.6,-1.5,-6,$985000,Traded,7/8D9\
451,Jim\'a0Johnson\\johnsji04,28,BAL,69,0,0,0,0,0,0,0,0.0,0,0,0.0,.501,.500,0.0,0.0,0,$975000,Amateur Draft,1\
452,Guillermo\'a0Mota\\motagu01,37,SFG,52,10,-2,0,0,0,2,0,0.0,0,0,0.0,.500,.500,0.0,0.0,0,$925000,Free Agency,1\
453,Joel\'a0Peralta\\peraljo01,35,TBR,71,0,0,0,0,0,0,0,0.0,0,0,0.0,.501,.500,0.0,0.1,0,$925000,Free Agency,1\
454,Andy\'a0Sonnanstine*\\sonnaan01,28,TBR,15,2,-1,0,0,0,0,0,0.0,0,0,0.0,.499,.500,0.0,0.0,0,$912500,Amateur Draft,1\
455,Jeff\'a0Niemann\\niemaje01,28,TBR,23,3,0,0,0,0,0,0,0.1,0,0,0.1,.502,.500,0.1,0.0,0,$903000,Amateur Draft,1\
456,Willie\'a0Bloomquist\\bloomwi01,33,ARI,97,381,-13,-1,1,1,2,-10,-1.1,12,2,0.1,.489,.493,-0.1,0.3,1,$900000,Free Agency,67/4\
457,Tim\'a0Byrdak*\\byrdati01,37,NYM,72,0,0,0,0,0,0,0,0.0,0,0,0.0,.501,.500,0.0,0.0,0,$900000,Free Agency,1\
458,Bartolo\'a0Colon\\colonba01,38,NYY,29,2,-1,0,0,0,0,0,0.0,0,0,0.0,.499,.500,0.0,0.0,0,$900000,Free Agency,1\
459,Alex\'a0Cora*\\coraal01,35,WSN,91,172,-10,1,0,1,1,-6,-0.7,5,-1,-0.2,.493,.496,-0.3,0.2,-2,$900000,Free Agency,56/34\
460,Nelson\'a0Figueroa#\\figuene01,37,HOU,8,10,-1,0,0,0,1,0,0.0,0,0,0.0,.503,.500,0.0,0.0,0,$900000,Waivers,/1\
461,Chad\'a0Gaudin\\gaudich01,28,WSN,10,0,0,0,0,0,0,0,0.0,0,0,0.0,.501,.500,0.0,0.0,0,$900000,Free Agency,1\
462,Reed\'a0Johnson\\johnsre02,34,CHC,111,266,9,0,0,-2,-2,3,0.4,8,12,1.2,.503,.502,1.4,-0.5,14,$900000,Free Agency,978\
463,Fred\'a0Lewis*\\lewisfr02,30,CIN,81,210,-7,-1,2,7,-2,0,0.0,7,6,0.6,.500,.500,-0.2,0.6,-1,$900000,Free Agency,7/9D\
464,Jason\'a0Michaels\\michaja01,35,HOU,89,169,-10,1,-1,3,-2,-9,-1.0,5,-4,-0.5,.489,.494,-0.8,0.2,-7,$900000,Free Agency,79\
465,Sergio\'a0Mitre\\mitrese01,30,2TM,26,2,-1,0,0,0,0,0,0.0,0,0,0.0,.499,.500,0.0,0.0,0,$900000,Traded,1\
466,Dustin\'a0Moseley\\moseldu01,29,SDP,20,36,-5,0,0,0,5,0,0.0,0,0,0.0,.499,.500,0.0,0.0,0,$900000,Free Agency,1\
467,Corey\'a0Patterson*\\patteco01,31,2TM,133,397,-15,-1,1,-3,-3,-21,-2.3,15,-7,-0.9,.483,.492,-0.5,-0.6,-4,$900000,Traded,98/7\
468,Dennys\'a0Reyes\\reyesde01,34,BOS,4,0,0,0,0,0,0,0,0.0,0,0,0.0,.501,.500,0.0,0.0,0,$900000,Free Agency,/1\
469,Jamey\'a0Wright\\wrighja01,36,SEA,60,0,0,0,0,0,0,0,0.0,0,0,0.0,.501,.500,0.0,0.0,0,$900000,Free Agency,1\
470,Eric\'a0O'Flaherty*\\oflaher01,26,ATL,78,0,0,0,0,0,0,0,0.0,0,0,0.0,.501,.500,0.0,0.0,0,$895000,Waivers,1\
471,Matt\'a0Albers*\\alberma01,28,BOS,56,0,0,0,0,0,0,0,0.0,0,0,0.0,.501,.500,0.0,0.0,0,$875000,Free Agency,1\
472,Sean\'a0Green\\greense01,32,MIL,14,0,0,0,0,0,0,0,0.0,0,0,0.0,.501,.500,0.0,0.0,0,$875000,Free Agency,1\
473,Joe\'a0Smith\\smithjo05,27,CLE,71,0,0,0,0,0,0,0,0.0,0,0,0.0,.501,.500,0.0,0.1,0,$870000,Traded,1\
474,Alexi\'a0Casilla#\\casilal01,26,MIN,97,365,-5,3,2,-2,3,1,0.2,14,15,1.5,.501,.501,1.7,0.1,17,$865000,Traded,46/D\
475,Jorge\'a0Cantu\\cantujo01,29,SDP,57,155,-11,-1,-1,2,-1,-12,-1.3,5,-7,-0.9,.477,.492,-1.1,0.1,-9,$850000,Free Agency,35/4\
476,Juan\'a0Cruz\\cruzju02,32,TBR,56,0,0,0,0,0,0,0,0.0,0,0,0.0,.501,.500,0.0,0.0,0,$850000,Free Agency,1\
477,Koyie\'a0Hill#\\hillko01,32,CHC,46,153,-10,-1,0,0,3,-9,-1.0,5,-4,-0.5,.479,.494,-0.6,0.3,-4,$850000,Free Agency,2\
478,Matt\'a0Stairs*\\stairma01,43,WSN,56,74,-6,0,0,-1,0,-7,-0.8,2,-5,-0.6,.485,.495,-0.5,-0.2,-4,$850000,Free Agency,/D3\
479,Matt\'a0Treanor\\treanma01,35,2TM,72,242,-3,-4,0,-2,4,-5,-0.5,9,4,0.4,.492,.498,0.6,0.2,6,$850000,Purchased,2\
480,Jesse\'a0Litsch\\litscje01,26,TOR,28,0,0,0,0,0,0,0,0.0,0,0,0.0,.501,.500,0.0,0.0,0,$830000,Amateur Draft,1\
481,Chris\'a0Denorfia\\denorch01,30,SDP,111,340,2,-2,-1,4,-4,-1,-0.1,11,10,1.0,.500,.500,0.5,0.0,6,$800000,Free Agency,978\
482,Chad\'a0Durbin\\durbich01,33,CLE,56,0,0,0,0,0,0,0,0.0,0,0,0.0,.501,.500,0.0,0.0,0,$800000,Free Agency,1\
483,Willie\'a0Harris*\\harriwi02,33,NYM,126,283,-3,-1,0,-14,-1,-19,-2.1,9,-10,-1.2,.484,.487,0.3,-1.7,4,$800000,Free Agency,74/589D\
484,Mark\'a0Kotsay*\\kotsama01,35,MIL,104,255,-3,1,0,1,-2,-3,-0.3,8,5,0.5,.497,.498,0.3,-0.2,4,$800000,Free Agency,9738\
485,Edward\'a0Mujica\\mujiced01,27,FLA,67,1,0,0,0,0,0,0,0.0,0,0,0.0,.500,.500,0.0,0.0,0,$800000,Traded,1\
486,Brad\'a0Thomas*\\thomabr01,33,DET,12,0,0,0,0,0,0,0,0.0,0,0,0.0,.501,.500,0.0,0.0,0,$800000,Free Agency,1\
487,Felipe\'a0Paulino\\paulife01,27,2TM,39,4,-1,0,0,0,1,0,0.0,0,0,0.0,.499,.500,0.0,0.0,0,$790000,Traded,1\
488,Wil\'a0Nieves\\nievewi01,33,MIL,20,54,-7,0,0,1,1,-6,-0.6,2,-4,-0.5,.469,.496,-0.6,0.2,-5,$775000,Free Agency,2\
489,Reggie\'a0Willits#\\willire03,30,LAA,22,28,-4,0,1,-1,0,-5,-0.5,1,-4,-0.4,.477,.497,-0.3,-0.2,-3,$775000,Amateur Draft,7/9\
490,Burke\'a0Badenhop\\badenbu01,28,FLA,50,8,0,0,0,0,1,2,0.2,0,2,0.2,.504,.501,0.2,0.0,2,$750000,Traded,1\
491,Miguel\'a0Batista\\batismi01,40,2TM,35,8,-1,0,0,0,1,0,0.0,0,0,0.0,.500,.500,0.0,0.0,0,$750000,Free Agency,/1\
492,Jared\'a0Burton\\burtoja01,30,CIN,6,0,0,0,0,0,0,0,0.0,0,0,0.0,.501,.500,0.0,0.0,0,$750000,Rule 5 Draft,/1\
493,Jesus\'a0Flores\\floreje02,26,WSN,30,91,-6,0,0,0,1,-4,-0.5,3,-2,-0.2,.484,.497,-0.2,0.2,-2,$750000,Rule 5 Draft,2\
494,Adam\'a0Kennedy*\\kennead01,35,SEA,114,409,-13,0,1,0,-3,-14,-1.5,15,1,0.0,.487,.491,0.0,-0.3,1,$750000,Free Agency,345D\
495,Nick\'a0Punto#\\puntoni01,33,STL,63,166,5,0,0,3,1,9,1.0,5,14,1.5,.516,.506,1.1,0.5,11,$750000,Free Agency,4/65\
496,Jarrod\'a0Saltalamacchia#\\saltaja01,26,BOS,103,386,-5,0,-1,-4,6,-4,-0.3,14,11,1.1,.496,.498,1.5,0.2,15,$750000,Traded,2\
497,Brian\'a0Tallet*\\tallebr01,33,2TM,19,0,0,0,0,0,0,0,0.0,0,0,0.0,.500,.500,0.0,0.0,0,$750000,Free Agency,1\
498,Blaine\'a0Boyer\\boyerbl01,29,NYM,5,0,0,0,0,0,0,0,0.0,0,0,0.0,.500,.500,0.0,0.0,0,$725000,Free Agency,/1\
499,Josh\'a0Wilson\\wilsojo03,30,2TM,60,92,-2,0,0,0,1,-1,-0.1,3,2,0.2,.499,.499,0.2,0.1,2,$725000,Free Agency,/6\
500,Adam\'a0Everett\\everead01,34,CLE,34,67,-5,0,0,0,0,-5,-0.5,3,-2,-0.2,.486,.497,-0.2,0.0,-2,$700000,Free Agency,5/4D6\
501,Laynce\'a0Nix*\\nixla01,30,WSN,124,351,3,-1,1,5,-4,4,0.5,11,15,1.6,.504,.503,1.0,0.1,10,$700000,Free Agency,79/38D\
502,Glen\'a0Perkins*\\perkigl01,28,MIN,65,0,0,0,0,0,0,0,0.0,0,0,0.0,.501,.500,0.0,0.0,0,$700000,Amateur Draft,1\
503,Doug\'a0Slaten*\\slatedo01,31,WSN,31,0,0,0,0,0,0,0,0.0,0,0,0.0,.501,.500,0.0,0.0,0,$695000,Waivers,1\
504,Tony\'a0Gwynn*\\gwynnto02,28,LAD,136,340,-6,2,2,15,-3,11,1.2,11,21,2.2,.509,.507,0.5,1.4,6,$675000,Free Agency,*78/9\
505,Brayan\'a0Pena#\\penabr01,29,KCR,72,240,-9,-2,0,3,4,-4,-0.4,9,5,0.5,.494,.497,0.2,0.7,2,$660000,Waivers,2\
506,Alfredo\'a0Aceves\\aceveal01,28,BOS,55,0,0,0,0,0,0,0,0.0,0,0,0.0,.501,.500,0.0,0.0,0,$650000,Free Agency,1\
507,Luis\'a0Ayala\\ayalalu01,33,NYY,52,0,0,0,0,0,0,0,0.0,0,0,0.0,.501,.500,0.0,0.0,0,$650000,Free Agency,1\
508,Jay\'a0Gibbons*\\gibboja01,34,LAD,24,62,-1,0,0,-1,-1,-2,-0.3,2,0,-0.1,.489,.498,0.0,-0.2,1,$650000,Free Agency,7/9D\
509,Bill\'a0Bray*\\braybi01,28,CIN,79,0,0,0,0,0,0,0,0.0,0,0,0.0,.501,.500,0.0,0.0,0,$645000,Traded,1\
510,Mike\'a0Aviles\\avilemi01,30,2TM,91,309,-5,-2,-1,-4,2,-10,-1.0,12,2,0.1,.488,.496,0.5,-0.2,6,$640000,Traded,5/6497\
511,Travis\'a0Buck*\\bucktr01,27,CLE,50,160,-5,0,0,6,-2,-1,-0.1,6,5,0.5,.498,.499,-0.1,0.4,-1,$625000,Free Agency,79/D8\
512,Pat\'a0Neshek#\\neshepa01,30,SDP,25,0,0,0,0,0,0,0,0.0,0,0,0.0,.501,.500,0.0,0.0,0,$625000,Waivers,1\
513,Yonder\'a0Alonso*\\alonsyo01,24,CIN,47,98,6,0,0,-6,-1,-1,-0.1,3,3,0.2,.499,.500,0.9,-0.7,8,$600000,Amateur Draft,7/35\
514,Taylor\'a0Buchholz\\buchhta01,29,NYM,23,2,-1,0,0,0,0,0,0.0,0,0,0.0,.499,.500,0.0,0.0,0,$600000,Free Agency,1\
515,Greg\'a0Dobbs*\\dobbsgr01,32,FLA,134,439,-5,-1,-1,-9,1,-15,-1.7,14,-1,-0.3,.488,.490,0.6,-0.9,8,$600000,Free Agency,5/397D\
516,Alberto\'a0Gonzalez\\gonzaal03,28,SDP,102,267,-12,0,0,3,3,-6,-0.7,8,2,0.1,.493,.496,-0.3,0.6,-1,$600000,Traded,465/3\
517,Andy\'a0LaRoche\\larocan01,27,OAK,40,104,-3,-1,-1,-1,1,-5,-0.5,4,-1,-0.1,.487,.497,0.0,0.0,0,$600000,Free Agency,5/643\
518,Pete\'a0Orr*\\orrpe01,32,PHI,46,104,-8,1,1,2,1,-3,-0.4,3,0,-0.1,.492,.498,-0.3,0.3,-2,$600000,Free Agency,4/5\
519,Jason\'a0Repko\\repkoja01,30,MIN,67,144,-9,1,0,2,-3,-9,-0.9,5,-3,-0.4,.486,.494,-0.6,-0.1,-5,$600000,Free Agency,97/D8\
520,Luis\'a0Rodriguez#\\rodrilu01,31,SEA,44,139,-2,0,1,-2,2,-3,-0.3,5,3,0.2,.494,.498,0.5,-0.1,5,$600000,Free Agency,65/43\
521,Max\'a0Scherzer\\scherma01,26,DET,33,4,-1,0,0,0,1,0,-0.1,0,0,-0.1,.499,.500,-0.1,0.0,0,$600000,Traded,1\
522,Buster\'a0Posey\\poseybu01,24,SFG,45,185,3,0,-1,3,3,8,0.9,6,14,1.4,.519,.505,1.1,0.6,11,$575000,Amateur Draft,2/3\
523,Wilson\'a0Valdez\\valdewi01,33,PHI,99,300,-10,2,1,-10,3,-15,-1.6,9,-5,-0.7,.484,.490,0.4,-0.8,5,$560000,Free Agency,465/1\
524,Joey\'a0Devine\\devinjo01,27,OAK,26,0,0,0,0,0,0,0,0.0,0,0,0.0,.501,.500,0.0,0.0,0,$557500,Traded,1\
525,Clay\'a0Buchholz*\\buchhcl01,26,BOS,14,0,0,0,0,0,0,0,0.0,0,0,0.0,.501,.500,0.0,0.0,0,$555000,Amateur Draft,1\
526,Ryan\'a0Hanigan\\hanigry01,30,CIN,91,304,1,0,0,0,5,6,0.6,9,15,1.6,.507,.504,1.5,0.5,15,$550000,Amateur Free Agent,2\
527,Jeremy\'a0Reed*\\reedje03,30,MIL,7,7,-2,0,0,0,0,-2,-0.2,0,-2,-0.2,.471,.499,-0.2,0.0,-2,$550000,Free Agency,\
528,Brett\'a0Gardner*\\gardnbr01,27,NYY,159,588,-7,5,2,23,-5,18,2.0,22,40,4.1,.512,.512,1.7,1.9,17,$529500,Amateur Draft,*78\
529,Ryan\'a0Langerhans*\\langery01,31,SEA,19,64,0,-2,0,-6,0,-8,-0.8,2,-6,-0.6,.457,.495,0.0,-0.6,0,$525000,Free Agency,8/7D9\
530,Andres\'a0Blanco#\\blancan01,27,TEX,36,82,-3,0,0,3,1,1,0.1,3,4,0.4,.502,.500,0.0,0.5,1,$520000,Purchased,6/549\
531,Daniel\'a0Bard\\bardda01,26,BOS,70,0,0,0,0,0,0,0,0.0,0,0,0.0,.501,.500,0.0,0.1,0,$505000,Amateur Draft,1\
532,Shelley\'a0Duncan\\duncash01,31,CLE,76,247,7,0,-1,-5,-4,-4,-0.4,9,5,0.5,.494,.497,1.0,-1.0,10,$500000,Free Agency,7D/39\
533,Jack\'a0Hannahan*\\hannaja01,31,CLE,110,366,2,1,0,7,1,11,1.1,14,24,2.5,.510,.507,1.7,0.9,17,$500000,Free Agency,5/3\
534,Philip\'a0Humber\\humbeph01,28,CHW,28,6,-2,0,0,0,1,-1,-0.1,0,-1,-0.1,.497,.499,-0.1,0.0,-1,$500000,Waivers,1\
535,Clayton\'a0Kershaw*\\kershcl01,23,LAD,33,86,-6,1,1,0,11,6,0.7,0,6,0.7,.520,.504,0.6,0.0,6,$500000,Amateur Draft,1\
536,Mike\'a0MacDougal#\\macdomi01,34,LAD,69,0,0,0,0,0,0,0,0.0,0,0,0.0,.501,.500,0.0,0.0,0,$500000,Free Agency,1\
537,Aaron\'a0Miles#\\milesaa01,34,LAD,136,490,-7,1,0,-7,3,-10,-1.2,15,5,0.4,.492,.493,1.1,-0.5,12,$500000,Free Agency,45/6\
538,Lastings\'a0Milledge\\millela02,26,CHW,2,4,0,0,0,-2,0,-2,-0.2,0,-2,-0.2,.401,.499,0.0,-0.2,0,$500000,Free Agency,/7\
539,Pablo\'a0Sandoval#\\sandopa01,24,SFG,117,466,27,0,0,15,1,43,4.7,15,58,6.1,.540,.529,4.4,1.8,43,$500000,Amateur Free Agent,5/3D\
540,Jason\'a0Heyward*\\heywaja01,21,ATL,128,456,-4,2,1,15,-5,10,1.1,14,24,2.5,.509,.507,0.8,1.2,9,$496500,Amateur Draft,*9\
541,Julio\'a0Borbon*\\borboju01,25,TEX,32,98,-2,1,0,-3,1,-4,-0.4,4,0,0.0,.488,.498,0.3,-0.3,3,$490000,Amateur Draft,8\
542,Chris\'a0Coghlan*\\coghlch01,26,FLA,65,298,-9,0,1,-13,1,-19,-2.1,9,-11,-1.3,.468,.487,0.1,-1.3,2,$490000,Amateur Draft,8\
543,Gordon\'a0Beckham\\beckhgo01,24,CHW,150,557,-16,1,1,3,4,-8,-0.8,21,13,1.2,.494,.495,0.9,0.7,10,$485000,Amateur Draft,*4/D\
544,Jose\'a0Arredondo\\arredjo01,27,CIN,53,2,0,0,0,0,1,1,0.1,0,1,0.1,.501,.500,0.1,0.0,1,$480000,Free Agency,1\
545,Casey\'a0McGehee\\mcgehca01,28,MIL,155,600,-24,-4,-1,3,2,-24,-2.7,19,-5,-0.9,.483,.483,-1.3,0.6,-8,$478000,Waivers,*5/3D\
546,Josh\'a0Rupe\\rupejo01,28,BAL,9,0,0,0,0,0,0,0,0.0,0,0,0.0,.501,.500,0.0,0.0,0,$475000,Free Agency,/1\
547,Randy\'a0Wells\\wellsra01,28,CHC,23,50,-8,0,0,0,6,-1,-0.1,0,-1,-0.1,.494,.499,-0.2,0.0,-1,$475000,Rule 5 returned,1\
548,J.A.\'a0Happ*\\happja01,28,HOU,29,53,-3,0,0,0,7,4,0.4,0,4,0.4,.515,.503,0.4,0.0,4,$474000,Traded,1\
549,Nyjer\'a0Morgan*\\morgany01,30,MIL,119,429,8,3,0,7,0,18,2.0,13,31,3.3,.517,.512,2.4,0.8,24,$471500,Traded,*897\
550,Darnell\'a0McDonald\\mcdonda02,32,BOS,79,175,-2,0,0,2,-3,-4,-0.4,7,3,0.3,.495,.498,0.1,-0.1,1,$470000,Free Agency,978/D1\
551,Clayton\'a0Richard*\\richacl01,27,SDP,20,32,-5,0,0,0,4,-1,-0.1,0,-1,-0.1,.495,.499,-0.1,0.0,-1,$468800,Traded,1\
552,Justin\'a0Masterson\\masteju01,26,CLE,34,6,-1,0,0,0,1,0,0.0,0,0,0.0,.500,.500,0.0,0.0,0,$468400,Traded,1\
553,Jeff\'a0Fulchino\\fulchje01,31,2TM,39,0,0,0,0,0,0,0,0.0,0,0,0.0,.500,.500,0.0,0.0,0,$467000,Waivers,1\
554,Andrew\'a0Bailey\\bailean01,27,OAK,42,0,0,0,0,0,0,0,0.0,0,0,0.0,.501,.500,0.0,0.0,0,$465000,Amateur Draft,1\
555,Brian\'a0Duensing*\\duensbr01,28,MIN,33,4,-1,0,0,0,1,0,0.0,0,0,0.0,.499,.500,0.0,0.0,0,$462500,Amateur Draft,1\
556,Evan\'a0Meek\\meekev01,28,PIT,24,0,0,0,0,0,0,0,0.0,0,0,0.0,.501,.500,0.0,0.0,0,$461500,Purchased,1\
557,Mat\'a0Latos\\latosma01,23,SDP,31,63,-10,0,0,0,8,-2,-0.3,0,-2,-0.3,.492,.498,-0.3,0.0,-2,$460700,Amateur Draft,1\
558,David\'a0Robertson\\roberda08,26,NYY,70,0,0,0,0,0,0,0,0.0,0,0,0.0,.501,.500,0.0,0.1,0,$460450,Amateur Draft,1\
559,Blake\'a0DeWitt*\\dewitbl01,25,CHC,121,243,-1,-1,0,-4,0,-5,-0.6,8,2,0.2,.495,.496,0.5,-0.5,6,$460000,Traded,745\
560,Mitch\'a0Maier*\\maiermi01,29,KCR,45,113,-1,1,0,5,-1,4,0.4,4,8,0.8,.509,.502,0.3,0.4,3,$459000,Amateur Draft,79/8D1\
561,Neftali\'a0Feliz\\felizne01,23,TEX,64,0,0,0,0,0,0,0,0.0,0,0,0.0,.501,.500,0.0,0.0,0,$457160,Traded,1\
562,Tommy\'a0Hanson\\hansoto01,24,ATL,22,45,-9,-1,0,0,6,-4,-0.5,0,-4,-0.5,.478,.497,-0.5,0.0,-4,$456500,Amateur Draft,1\
563,Francisco\'a0Cervelli\\cervefr01,25,NYY,43,137,0,1,0,-1,2,3,0.3,5,8,0.8,.506,.502,0.9,0.1,9,$455700,Amateur Free Agent,2/54\
564,Garrett\'a0Jones*\\jonesga02,30,PIT,148,478,6,-4,1,-7,-6,-10,-1.1,15,5,0.3,.492,.493,1.0,-1.4,12,$455500,Free Agency,93/D\
565,Gustavo\'a0Molina\\molingu01,29,NYY,3,6,-1,0,0,0,0,-1,-0.1,0,0,0.0,.483,.500,0.0,0.0,0,$455000,Free Agency,/2\
566,Andrew\'a0McCutchen\\mccutan01,24,PIT,158,678,26,-1,1,5,3,34,3.6,21,55,5.7,.523,.523,5.0,0.9,50,$452500,Amateur Draft,*8/D\
567,Matt\'a0Wieters#\\wietema01,25,BAL,139,551,4,0,-2,17,8,27,2.9,21,48,4.9,.521,.518,3.2,2.7,31,$452250,Amateur Draft,*2/D3\
568,Elvis\'a0Andrus\\andruel01,22,TEX,150,665,-3,7,0,7,7,18,2.0,24,42,4.3,.513,.512,3.6,1.5,35,$452180,Traded,*6/D\
569,Jon\'a0Niese*\\niesejo01,24,NYM,29,60,-10,0,0,0,8,-2,-0.3,0,-2,-0.3,.491,.498,-0.3,0.0,-2,$452000,Amateur Draft,1\
570,Madison\'a0Bumgarner\\bumgama01,21,SFG,35,75,-8,0,0,0,10,2,0.2,0,2,0.2,.506,.501,0.2,0.0,2,$450000,Amateur Draft,1\
571,Jed\'a0Lowrie#\\lowrije01,27,BOS,88,341,-8,0,0,-2,3,-8,-0.8,13,5,0.5,.491,.495,0.7,0.1,7,$450000,Amateur Draft,65/3D4\
572,Dustin\'a0McGowan\\mcgowdu01,29,TOR,5,0,0,0,0,0,0,0,0.0,0,0,0.0,.500,.500,0.0,0.0,0,$450000,Amateur Draft,/1\
573,Sergio\'a0Romo\\romose01,28,SFG,65,0,0,0,0,0,0,0,0.0,0,0,0.0,.501,.500,0.0,0.0,0,$450000,Amateur Draft,1\
574,Drew\'a0Stubbs\\stubbdr01,26,CIN,158,681,-10,6,3,-4,3,-3,-0.3,21,18,1.8,.498,.498,2.1,-0.1,22,$450000,Amateur Draft,*8\
575,Luke\'a0Gregerson*\\gregelu01,27,SDP,61,0,0,0,0,0,0,0,0.0,0,0,0.0,.501,.500,0.0,0.0,0,$447800,Traded,1\
576,Jose\'a0Mijares*\\mijarjo01,26,MIN,58,0,0,0,0,0,0,0,0.0,0,0,0.0,.501,.500,0.0,0.0,0,$445000,Amateur Free Agent,1\
577,Chris\'a0Volstad\\volstch01,24,FLA,29,52,-5,0,0,0,7,1,0.1,0,1,0.1,.505,.501,0.1,0.0,1,$445000,Amateur Draft,1\
578,Will\'a0Venable*\\venabwi01,28,SDP,121,411,0,4,1,6,-4,7,0.7,13,20,2.0,.506,.505,1.3,0.3,14,$444400,Amateur Draft,*98/7\
579,Brett\'a0Cecil\\cecilbr01,24,TOR,20,0,0,0,0,0,0,0,0.0,0,0,0.0,.501,.500,0.0,0.0,0,$443100,Amateur Draft,1\
580,Tyler\'a0Clippard\\clippty01,26,WSN,72,3,-1,0,0,0,1,0,0.0,0,0,0.0,.500,.500,0.0,0.0,0,$443000,Traded,1\
581,Chris\'a0Getz*\\getzch01,27,KCR,118,429,-14,1,1,-1,2,-10,-1.1,16,6,0.5,.491,.493,0.7,0.2,7,$443000,Traded,*4/D6\
582,James\'a0McDonald*\\mcdonja03,26,PIT,31,63,-10,0,-1,0,8,-3,-0.3,0,-3,-0.3,.490,.498,-0.3,0.0,-3,$443000,Traded,1\
583,Colby\'a0Rasmus*\\rasmuco01,24,2TM,129,526,-10,0,0,-4,3,-12,-1.2,17,6,0.5,.490,.499,0.9,-0.2,10,$443000,Amateur Draft,8\
584,John\'a0Axford\\axforjo01,28,MIL,74,0,0,0,0,0,0,0,0.0,0,0,0.0,.501,.500,0.0,0.0,0,$442500,Free Agency,1\
585,Tommy\'a0Hunter\\hunteto02,24,2TM,20,0,0,0,0,0,0,0,0.0,0,0,0.0,.501,.500,0.0,0.0,0,$442160,Traded,1\
586,Wilton\'a0Lopez\\lopezwi01,27,HOU,73,0,0,0,0,0,0,0,0.0,0,0,0.0,.501,.500,0.0,0.0,0,$442000,Waivers,1\
587,John\'a0Bowker*\\bowkejo01,27,2TM,31,32,-4,-1,0,0,0,-4,-0.4,1,-3,-0.4,.486,.499,-0.4,0.0,-3,$441500,Conditional Deal,/39\
588,Ian\'a0Desmond\\desmoia01,25,WSN,154,639,-13,3,2,-3,8,-4,-0.5,20,16,1.5,.497,.497,1.8,0.5,19,$441500,Amateur Draft,*6\
589,Chris\'a0Narveson*\\narvech01,29,MIL,30,59,-7,-1,0,0,8,0,0.0,0,0,0.0,.501,.500,0.0,0.0,0,$441500,Free Agency,1\
590,Homer\'a0Bailey\\baileho02,25,CIN,23,45,-2,-1,0,0,6,3,0.3,0,3,0.3,.514,.502,0.3,0.0,3,$441000,Amateur Draft,1\
591,Charlie\'a0Morton\\mortoch02,27,PIT,29,64,-10,0,0,0,8,-2,-0.3,0,-2,-0.3,.491,.498,-0.3,0.0,-2,$441000,Traded,1\
592,Scott\'a0Atchison\\atchisc01,35,BOS,17,0,0,0,0,0,0,0,0.0,0,0,0.0,.501,.500,0.0,0.0,0,$440000,Free Agency,1\
593,Trevor\'a0Cahill\\cahiltr01,23,OAK,34,5,-1,0,0,0,1,-1,-0.1,0,-1,-0.1,.498,.499,-0.1,0.0,-1,$440000,Amateur Draft,1\
594,Starlin\'a0Castro\\castrst01,21,CHC,158,715,12,0,-1,-10,8,9,0.9,21,30,3.0,.506,.506,4.0,-0.2,40,$440000,Amateur Free Agent,*6\
595,Phil\'a0Coke*\\cokeph01,28,DET,48,2,-1,0,0,0,0,0,0.0,0,0,0.0,.500,.500,0.0,0.0,0,$440000,Traded,1\
596,Tyler\'a0Colvin*\\colvity01,25,CHC,80,222,-19,0,1,5,-2,-15,-1.7,7,-8,-1.0,.479,.489,-1.6,0.3,-13,$440000,Amateur Draft,97/83\
597,Austin\'a0Jackson\\jacksau01,24,DET,153,668,-10,2,0,29,3,24,2.6,24,48,4.9,.517,.516,1.9,3.4,19,$440000,Traded,*8/D\
598,George\'a0Kottaras*\\kottage01,28,MIL,49,123,0,0,0,-1,2,1,0.1,4,5,0.5,.502,.501,0.6,0.1,6,$440000,Waivers,2\
599,Nick\'a0Hundley\\hundlni01,27,SDP,82,308,11,0,1,5,5,21,2.2,10,30,3.2,.527,.514,2.6,1.1,25,$439900,Amateur Draft,2\
600,Jo-Jo\'a0Reyes*\\reyesjo03,26,2TM,29,4,0,0,0,0,1,0,0.0,0,0,0.0,.501,.500,0.0,0.0,0,$439100,Waivers,/1\
601,Jayson\'a0Nix\\nixja01,28,TOR,46,151,-10,0,0,9,1,0,0.0,6,6,0.6,.500,.500,-0.4,1.0,-3,$438100,Purchased,5/4D7\
602,Paul\'a0Janish\\janispa01,28,CIN,114,366,-24,-2,-1,5,5,-16,-1.8,11,-5,-0.7,.484,.489,-1.3,1.1,-10,$437500,Amateur Draft,6/54\
603,Bud\'a0Norris\\norribu01,26,HOU,31,66,-10,0,1,0,8,-1,-0.1,0,-1,-0.1,.497,.499,-0.1,0.0,-1,$437500,Amateur Draft,1\
604,Danny\'a0Valencia\\valenda01,26,MIN,154,608,-10,-3,-2,-13,2,-25,-2.6,23,-2,-0.4,.483,.484,1.0,-1.1,11,$437500,Amateur Draft,*5/D\
605,Jaime\'a0Garcia*\\garcija02,24,STL,32,68,-11,-1,0,0,9,-2,-0.3,0,-2,-0.3,.492,.498,-0.3,0.0,-2,$437000,Amateur Draft,1\
606,Neil\'a0Walker#\\walkene01,25,PIT,159,662,4,1,0,-3,4,6,0.6,21,26,2.6,.504,.504,2.9,0.1,29,$437000,Amateur Draft,*4\
607,Tony\'a0Sipp*\\sippto01,27,CLE,69,0,0,0,0,0,0,0,0.0,0,0,0.0,.501,.500,0.0,0.0,0,$436800,Amateur Draft,1\
608,Doug\'a0Fister*\\fistedo01,27,2TM,32,7,0,0,0,0,1,1,0.1,0,1,0.1,.504,.500,0.1,0.0,1,$436500,Traded,1\
609,David\'a0Purcey*\\purceda01,29,3TM,33,0,0,0,0,0,0,0,0.0,0,0,0.0,.500,.500,0.0,0.0,0,$436400,Traded,1\
610,Travis\'a0Snider*\\snidetr01,23,TOR,49,202,-9,1,0,3,-2,-7,-0.7,8,1,0.0,.485,.495,-0.3,0.1,-2,$435800,Amateur Draft,7/89D\
611,Trevor\'a0Crowe#\\crowetr01,27,CLE,15,32,-1,0,0,0,0,-2,-0.2,1,0,0.0,.490,.499,0.0,0.0,0,$435700,Amateur Draft,7/8\
612,Enrique\'a0Gonzalez\\gonzaen01,28,DET,8,0,0,0,0,0,0,0,0.0,0,0,0.0,.501,.500,0.0,0.0,0,$435000,Free Agency,/1\
613,Kevin\'a0Jepsen\\jepseke01,26,LAA,16,0,0,0,0,0,0,0,0.0,0,0,0.0,.501,.500,0.0,0.0,0,$435000,Amateur Draft,1\
614,Jason\'a0Motte\\motteja01,29,STL,78,1,0,0,0,0,0,0,0.0,0,0,0.0,.500,.500,0.0,0.0,0,$435000,Amateur Draft,1\
615,Sergio\'a0Santos\\santose01,27,CHW,63,0,0,0,0,0,0,0,0.0,0,0,0.0,.501,.500,0.0,0.0,0,$435000,Free Agency,1\
616,Wade\'a0Davis\\daviswa01,25,TBR,30,4,0,0,0,0,1,1,0.1,0,1,0.1,.502,.500,0.1,0.0,1,$434100,Amateur Draft,1\
617,Brad\'a0Bergesen*\\bergebr02,25,BAL,34,0,0,0,0,0,0,0,0.0,0,0,0.0,.501,.500,0.0,0.0,0,$434000,Amateur Draft,1\
618,Joe\'a0Thatcher*\\thatcjo01,29,SDP,18,0,0,0,0,0,0,0,0.0,0,0,0.0,.501,.500,0.0,0.0,0,$433900,Traded,1\
619,Bobby\'a0Parnell\\parnebo01,26,NYM,60,0,0,0,0,0,0,0,0.0,0,0,0.0,.501,.500,0.0,0.0,0,$433500,Amateur Draft,1\
620,Ivan\'a0Nova\\novaiv01,24,NYY,28,5,-1,0,0,0,1,-1,-0.1,0,-1,-0.1,.498,.500,-0.1,0.0,-1,$432900,Rule 5 returned,1\
621,Angel\'a0Sanchez\\sanchan02,27,HOU,110,328,-14,1,0,-1,3,-11,-1.2,10,0,-0.2,.489,.493,-0.1,0.2,1,$432500,Traded,645\
622,Nate\'a0Schierholtz*\\schiena01,27,SFG,115,362,6,0,2,-6,-4,-1,-0.2,11,10,1.0,.499,.499,1.6,-1.1,16,$432500,Amateur Draft,9/7\
623,Ike\'a0Davis*\\davisik02,24,NYM,36,149,9,0,-1,1,-2,7,0.8,5,12,1.2,.521,.505,1.1,-0.1,11,$432000,Amateur Draft,3\
624,Derek\'a0Holland#\\hollade01,24,TEX,32,0,0,0,0,0,0,0,0.0,0,0,0.0,.501,.500,0.0,0.0,0,$431810,Amateur Draft,1\
625,Mitch\'a0Talbot\\talbomi01,27,CLE,12,3,-1,0,0,0,0,0,0.0,0,0,0.0,.497,.500,0.0,0.0,0,$431700,Traded,1\
626,Aaron\'a0Laffey*\\laffeaa01,26,2TM,47,0,0,0,0,0,0,0,0.0,0,0,0.0,.501,.500,0.0,0.0,0,$431600,Waivers,1\
627,Chris\'a0Resop\\resopch01,28,PIT,76,0,0,0,0,0,0,0,0.0,0,0,0.0,.501,.500,0.0,0.0,0,$431500,Waivers,1\
628,Matt\'a0LaPorta\\laporma01,26,CLE,107,385,1,-4,0,-11,-6,-20,-2.1,14,-6,-0.7,.480,.487,0.5,-1.8,5,$431400,Traded,3/D\
629,Mitchell\'a0Boggs\\boggsmi01,27,STL,51,2,-1,0,0,0,0,0,0.0,0,0,0.0,.500,.500,0.0,0.0,0,$431000,Amateur Draft,1\
630,Gaby\'a0Sanchez\\sanchga01,27,FLA,159,661,11,0,-2,5,-9,6,0.6,21,26,2.7,.504,.504,2.0,-0.5,21,$431000,Amateur Draft,*3/D\
631,J.C.\'a0Gutierrez\\gutieju01,27,ARI,20,0,0,0,0,0,0,0,0.0,0,0,0.0,.501,.500,0.0,0.0,0,$430500,Traded,1\
632,Alexi\'a0Ogando\\ogandal01,27,TEX,31,2,0,0,0,0,0,1,0.1,0,1,0.1,.502,.500,0.1,0.0,1,$430150,Rule 5 Draft,1\
633,Brennan\'a0Boesch*\\boescbr01,26,DET,115,472,9,-2,1,4,-6,7,0.8,18,25,2.5,.506,.504,2.1,-0.2,21,$430000,Amateur Draft,79D\
634,Brent\'a0Lillibridge\\lillibr01,27,CHW,97,216,5,1,0,7,-4,9,1.0,8,17,1.8,.510,.506,1.0,0.4,10,$430000,Traded,938/7D4\
635,Garrett\'a0Olson\\olsonga01,27,PIT,4,0,0,0,0,0,0,0,0.0,0,0,0.0,.501,.500,0.0,0.0,0,$430000,Waivers,/1\
636,Ryan\'a0Perry\\perryry01,24,DET,36,0,0,0,0,0,0,0,0.0,0,0,0.0,.501,.500,0.0,0.0,0,$430000,Amateur Draft,1\
637,Marc\'a0Rzepczynski*\\rzepcma01,25,2TM,71,0,0,0,0,0,0,0,0.0,0,0,0.0,.501,.500,0.0,0.0,0,$429600,Traded,1\
638,Kris\'a0Medlen#\\medlekr01,25,ATL,2,0,0,0,0,0,0,0,0.0,0,0,0.0,.501,.500,0.0,0.0,0,$429500,Amateur Draft,/1\
639,Jonny\'a0Venters*\\ventejo01,26,ATL,85,0,0,0,0,0,0,0,0.0,0,0,0.0,.501,.500,0.0,0.0,0,$429500,Amateur Draft,1\
640,Cameron\'a0Maybin\\maybica01,24,SDP,137,568,1,5,1,15,3,25,2.8,18,43,4.5,.520,.517,2.8,2.0,28,$429100,Traded,*8\
641,Drew\'a0Butera\\buterdr01,27,MIN,93,254,-25,-1,-1,-1,5,-23,-2.4,10,-13,-1.5,.474,.485,-1.4,0.4,-12,$429000,Traded,2\
642,Dusty\'a0Hughes*\\hughedu01,29,MIN,15,0,0,0,0,0,0,0,0.0,0,0,0.0,.501,.500,0.0,0.0,0,$429000,Waivers,1\
643,Seth\'a0Smith*\\smithse01,28,COL,147,533,4,0,0,-8,-5,-10,-1.1,17,7,0.5,.493,.493,1.3,-1.5,15,$429000,Amateur Draft,*97\
644,Matt\'a0Harrison*\\harrima01,25,TEX,31,9,-3,0,0,0,1,-1,-0.1,0,-1,-0.1,.496,.499,-0.1,0.0,-1,$428830,Traded,1\
645,Sean\'a0Rodriguez\\rodrise01,26,TBR,131,436,-3,0,1,6,4,9,0.9,16,25,2.5,.507,.505,1.9,1.1,19,$428600,Traded,645/37\
646,Alcides\'a0Escobar\\escobal02,24,KCR,158,598,-16,0,1,10,8,4,0.5,22,27,2.7,.503,.503,1.7,1.9,17,$428000,Traded,*6\
647,Jose\'a0Tabata\\tabatjo01,22,PIT,91,382,-1,0,-1,-1,-4,-7,-0.7,12,5,0.4,.492,.496,0.5,-0.5,6,$428000,Traded,79/8\
648,Andrew\'a0Cashner\\cashnan01,24,CHC,7,2,-1,0,0,0,0,0,0.0,0,0,0.0,.496,.500,0.0,0.0,0,$427500,Amateur Draft,/1\
649,Steve\'a0Pearce\\pearcst01,28,PIT,50,105,-7,0,-1,-1,-1,-10,-1.1,3,-6,-0.7,.479,.493,-0.7,-0.2,-5,$427500,Amateur Draft,35/9\
650,James\'a0Russell*\\russeja02,25,CHC,64,8,-1,0,0,0,1,0,0.0,0,0,0.0,.500,.500,0.0,0.0,0,$427500,Amateur Draft,1\
651,Brooks\'a0Conrad#\\conrabr01,31,ATL,92,122,-1,1,0,0,1,0,0.0,4,4,0.4,.500,.500,0.4,0.1,4,$427250,Free Agency,4/53\
652,John\'a0Jaso*\\jasojo01,27,TBR,89,273,-6,0,-1,-3,4,-5,-0.5,10,5,0.5,.494,.497,0.8,0.2,8,$427200,Amateur Draft,2\
653,Mitch\'a0Stetter*\\stettmi01,30,MIL,16,0,0,0,0,0,0,0,0.0,0,0,0.0,.501,.500,0.0,0.0,0,$427000,Amateur Draft,1\
654,Jason\'a0Berken\\berkeja01,27,BAL,40,0,0,0,0,0,0,0,0.0,0,0,0.0,.501,.500,0.0,0.0,0,$426500,Amateur Draft,1\
655,Matthew\'a0Joyce*\\joycema01,26,TBR,141,522,16,3,1,-4,-6,10,1.1,20,30,3.0,.507,.506,3.4,-1.0,34,$426500,Traded,*97/D\
656,Blake\'a0Hawksworth\\hawksbl01,28,LAD,49,1,0,0,0,0,0,0,0.0,0,0,0.0,.500,.500,0.0,0.0,0,$426000,Traded,1\
657,Mitch\'a0Moreland*\\morelmi01,25,TEX,134,512,-4,-1,0,-4,-8,-17,-1.8,19,2,0.1,.487,.489,0.6,-1.3,6,$426000,Amateur Draft,39/D\
658,Gerardo\'a0Parra*\\parrage01,24,ARI,141,493,3,2,0,14,-6,14,1.5,15,29,3.0,.511,.509,1.4,0.9,15,$426000,Amateur Free Agent,*79/8\
659,Kanekoa\'a0Texeira\\texeika01,25,KCR,6,0,0,0,0,0,0,0,0.0,0,0,0.0,.501,.500,0.0,0.0,0,$426000,Waivers,/1\
660,Reid\'a0Brignac#\\brignre01,25,TBR,92,264,-24,0,0,7,4,-13,-1.4,10,-3,-0.5,.484,.491,-1.2,1.2,-10,$425400,Amateur Draft,6\
661,Alex\'a0Avila*\\avilaal01,24,DET,141,551,26,-2,0,-3,8,30,3.1,21,50,5.1,.522,.519,5.5,0.6,53,$425000,Amateur Draft,*2/D5\
662,Daric\'a0Barton*\\bartoda02,25,OAK,67,280,-9,0,0,4,-4,-9,-0.9,11,2,0.1,.486,.494,-0.3,0.0,-2,$425000,Traded,3\
663,Emilio\'a0Bonifacio#\\bonifem01,26,FLA,152,641,5,5,2,-7,2,7,0.7,20,27,2.7,.505,.504,3.3,-0.5,34,$425000,Traded,65789/4\
664,Hector\'a0Gimenez#\\gimenhe01,28,LAD,4,7,0,0,0,0,0,0,0.0,0,0,0.0,.493,.500,0.0,0.0,0,$425000,Free Agency,/2\
665,David\'a0Herndon\\herndda01,25,PHI,45,4,-1,0,0,0,1,0,0.0,0,0,0.0,.499,.500,0.0,0.0,0,$425000,MinorLg Draft,1\
666,Mike\'a0Leake\\leakemi01,23,CIN,38,66,-6,0,0,0,9,3,0.3,0,3,0.3,.507,.502,0.3,0.0,3,$425000,Amateur Draft,1\
667,Donnie\'a0Murphy\\murphdo01,28,FLA,36,100,-7,1,0,-1,1,-6,-0.6,3,-3,-0.3,.482,.496,-0.2,0.0,-2,$425000,Free Agency,65/4\
668,Adam\'a0Rosales\\rosalad01,28,OAK,24,68,-7,0,0,-1,0,-8,-0.9,3,-6,-0.7,.462,.494,-0.6,-0.1,-5,$425000,Traded,/65347\
669,Chris\'a0Sale*\\salech01,22,CHW,58,0,0,0,0,0,0,0,0.0,0,0,0.0,.501,.500,0.0,0.0,0,$425000,Amateur Draft,1\
670,Brian\'a0Sanches\\sanchbr01,32,FLA,39,5,-1,0,0,0,1,0,0.0,0,0,0.0,.500,.500,0.0,0.0,0,$425000,Free Agency,1\
671,Matt\'a0Tolbert#\\tolbema01,29,MIN,87,226,-16,0,2,2,2,-10,-1.0,8,-2,-0.2,.488,.493,-0.4,0.4,-4,$425000,Amateur Draft,46/5D\
672,Eli\'a0Whiteside\\whiteel03,31,SFG,82,236,-11,0,-2,-2,4,-10,-1.1,7,-3,-0.4,.486,.493,-0.2,0.2,-1,$425000,Free Agency,2\
673,Kyle\'a0Blanks\\blankky01,24,SDP,55,190,1,1,0,8,-2,8,0.9,6,14,1.5,.516,.506,0.6,0.6,6,$424700,Amateur Draft,73\
674,Lou\'a0Marson\\marsolo01,25,CLE,79,272,-9,-1,0,2,5,-4,-0.4,10,6,0.6,.495,.497,0.4,0.7,4,$424300,Traded,2/D\
675,Zach\'a0Braddock*\\braddza01,23,MIL,25,0,0,0,0,0,0,0,0.0,0,0,0.0,.501,.500,0.0,0.0,0,$424000,Amateur Draft,1\
676,Dexter\'a0Fowler#\\fowlede01,25,COL,125,563,6,2,1,-3,3,8,0.9,17,25,2.5,.507,.505,2.7,-0.1,28,$424000,Amateur Draft,*8\
677,Jake\'a0Fox\\foxja02,28,BAL,27,67,0,0,0,-1,0,-2,-0.2,3,1,0.1,.493,.499,0.2,-0.1,2,$424000,Traded,2/37D\
678,Chris\'a0Johnson\\johnsch05,26,HOU,107,405,-9,-1,1,-12,2,-20,-2.2,13,-7,-0.9,.480,.487,0.3,-1.1,5,$424000,Amateur Draft,5\
679,Jonathan\'a0Lucroy\\lucrojo01,25,MIL,136,468,-7,-1,0,-5,8,-5,-0.5,15,10,0.9,.496,.497,1.4,0.3,15,$424000,Amateur Draft,*2\
680,Franklin\'a0Morales*\\moralfr01,25,2TM,50,0,0,0,0,0,0,0,0.0,0,0,0.0,.501,.500,0.0,0.0,0,$424000,Purchased,1\
681,J.R.\'a0Towles\\towlejr01,27,HOU,54,165,-6,-1,0,1,3,-3,-0.3,5,2,0.2,.494,.498,0.1,0.4,1,$424000,Amateur Draft,2\
682,David\'a0Hernandez\\hernada01,26,ARI,74,0,0,0,0,0,0,0,0.0,0,0,0.0,.501,.500,0.0,0.0,0,$423500,Traded,1\
683,Ryan\'a0Roberts\\roberry01,30,ARI,143,555,7,3,1,-6,3,7,0.7,17,24,2.4,.505,.505,3.0,-0.4,30,$423500,Free Agency,54/76\
684,Eric\'a0Patterson*\\patteer01,28,SDP,47,104,-4,0,0,-1,0,-5,-0.6,3,-2,-0.2,.488,.497,-0.2,-0.1,-1,$423300,Traded,4/897\
685,Jason\'a0Donald\\donalja01,26,CLE,39,143,4,0,0,0,1,5,0.5,5,10,1.1,.513,.503,1.1,0.1,10,$423200,Traded,46/5D\
686,Jason\'a0Bourgeois\\bourgja01,29,HOU,93,252,-2,5,1,1,-1,3,0.3,8,11,1.1,.503,.502,0.9,0.0,10,$423000,Waivers,879/4\
687,Jason\'a0Bulger\\bulgeja01,32,LAA,5,0,0,0,0,0,0,0,0.0,0,0,0.0,.500,.500,0.0,0.0,0,$423000,Free Agency,/1\
688,Don\'a0Kelly*\\kellydo01,31,DET,113,281,-4,0,0,3,-3,-4,-0.4,11,6,0.6,.496,.497,0.3,0.1,3,$423000,Free Agency,5973/8D21\
689,Ian\'a0Kennedy\\kenneia01,26,ARI,34,75,-9,-1,0,0,10,0,0.0,0,0,0.0,.501,.500,0.0,0.0,0,$423000,Traded,1\
690,Jason\'a0Jaramillo#\\jaramja01,28,PIT,23,45,1,0,0,-1,1,0,0.0,1,1,0.1,.499,.500,0.2,0.0,2,$422500,Traded,2\
691,Travis\'a0Wood\\woodtr01,24,CIN,26,35,-6,0,0,0,5,-2,-0.2,0,-2,-0.2,.492,.499,-0.2,0.0,-2,$422500,Amateur Draft,1\
692,Mike\'a0McCoy\\mccoymi01,30,TOR,80,228,-9,3,0,3,2,-1,-0.1,9,7,0.7,.498,.499,0.4,0.5,4,$422300,Waivers,6584/D91\
693,Daniel\'a0Murphy*\\murphda08,26,NYM,109,423,14,-3,-2,8,-2,16,1.7,13,29,3.0,.516,.511,2.0,0.7,21,$422000,Amateur Draft,354/7\
694,David\'a0Pauley\\pauleda01,28,2TM,53,0,0,0,0,0,0,0,0.0,0,0,0.0,.501,.500,0.0,0.0,0,$422000,Traded,1\
695,Michael\'a0Brantley*\\brantmi02,24,CLE,114,496,-3,1,-1,6,-2,1,0.2,18,19,1.9,.501,.501,1.3,0.4,13,$421800,Traded,*78/D\
696,Rob\'a0Johnson\\johnsro07,28,SDP,67,199,-12,0,0,3,3,-6,-0.6,6,1,0.0,.491,.496,-0.4,0.7,-2,$421700,Purchased,2\
697,Robert\'a0Andino\\andinro01,27,BAL,139,511,-8,1,-2,9,4,4,0.5,19,24,2.3,.503,.503,1.4,1.4,14,$421500,Traded,465/7\
698,Matt\'a0Downs\\downsma01,27,HOU,106,222,12,-1,0,-7,0,5,0.5,7,12,1.2,.505,.503,1.9,-0.7,19,$421000,Waivers,453/96\
699,A.J.\'a0Ellis\\ellisaj01,30,LAD,31,103,3,-1,0,-3,2,1,0.1,3,4,0.4,.502,.500,0.7,-0.2,7,$421000,Amateur Draft,2\
700,Mark\'a0Melancon\\melanma01,26,HOU,71,1,0,0,0,0,0,1,0.1,0,1,0.1,.501,.501,0.1,0.0,1,$421000,Traded,1\
701,Adam\'a0Russell\\russead01,28,TBR,36,0,0,0,0,0,0,0,0.0,0,0,0.0,.501,.500,0.0,0.0,0,$420800,Traded,1\
702,Sean\'a0O'Sullivan\\osullse01,23,KCR,12,0,0,0,0,0,0,0,0.0,0,0,0.0,.501,.500,0.0,0.0,0,$420500,Traded,1\
703,Jerry\'a0Blevins*\\blevije01,27,OAK,26,0,0,0,0,0,0,0,0.0,0,0,0.0,.501,.500,0.0,0.0,0,$420000,Traded,1\
704,Gio\'a0Gonzalez\\gonzagi01,25,OAK,32,5,0,0,0,0,1,1,0.1,0,1,0.1,.502,.500,0.1,0.0,1,$420000,Traded,1\
705,Chin-lung\'a0Hu\\huch01,27,NYM,22,23,-4,0,0,-1,0,-4,-0.5,1,-4,-0.4,.478,.497,-0.3,-0.1,-3,$420000,Traded,4/6\
706,Shawn\'a0Kelley\\kellesh01,27,SEA,10,0,0,0,0,0,0,0,0.0,0,0,0.0,.501,.500,0.0,0.0,0,$420000,Amateur Draft,1\
707,Juan\'a0Miranda*\\miranju01,28,ARI,65,202,-1,-1,0,-4,-3,-9,-1.0,6,-3,-0.4,.485,.494,0.0,-0.7,1,$420000,Traded,3\
708,Jose\'a0Morales#\\moraljo02,28,COL,22,71,-2,-2,0,0,1,-3,-0.4,2,-1,-0.2,.483,.498,-0.2,0.1,-1,$420000,Traded,2/4\
709,Cliff\'a0Pennington#\\pennicl01,27,OAK,148,570,-8,-3,1,-9,7,-11,-1.1,21,10,0.9,.492,.493,1.9,-0.2,19,$420000,Amateur Draft,*6/D\
710,Landon\'a0Powell#\\powella01,29,OAK,36,122,-10,-1,0,2,2,-7,-0.8,5,-3,-0.3,.479,.495,-0.5,0.4,-5,$420000,Amateur Draft,2/3D\
711,Michael\'a0Saunders*\\saundmi01,24,SEA,58,179,-18,1,0,4,0,-12,-1.3,7,-6,-0.7,.477,.492,-1.1,0.5,-10,$420000,Amateur Draft,87\
712,Josh\'a0Thole*\\tholejo01,24,NYM,114,386,-3,-4,1,-4,6,-5,-0.6,12,7,0.6,.495,.497,1.0,0.2,11,$420000,Amateur Draft,2\
713,Brandon\'a0Wood\\woodbr01,26,2TM,105,272,-8,0,0,-8,2,-15,-1.6,9,-6,-0.8,.485,.492,0.0,-0.7,2,$420000,Amateur Draft,/63\
714,Frank\'a0Herrmann*\\herrmfr01,27,CLE,40,1,0,0,0,0,0,0,0.0,0,0,0.0,.501,.500,0.0,0.0,0,$419800,Amateur Free Agent,1\
715,Xavier\'a0Paul*\\paulxa01,26,2TM,128,262,-5,0,1,0,-3,-7,-0.7,8,2,0.1,.494,.496,0.0,-0.3,1,$419500,Amateur Draft,/79\
716,Eduardo\'a0Nunez\\nunezed02,24,NYY,112,338,-8,0,1,-12,3,-17,-1.7,13,-4,-0.5,.485,.489,0.8,-1.0,8,$419300,Amateur Free Agent,654/D97\
717,Jake\'a0Arrieta\\arrieja01,25,BAL,22,5,0,0,0,0,1,0,0.0,0,0,0.0,.501,.500,0.0,0.0,0,$419000,Amateur Draft,1\
718,Antonio\'a0Bastardo\\bastaan01,25,PHI,64,0,0,0,0,0,0,0,0.0,0,0,0.0,.501,.500,0.0,0.0,0,$419000,Amateur Free Agent,1\
719,Jhoulys\'a0Chacin\\chacijh01,23,COL,33,68,-10,0,0,0,9,-1,-0.1,0,-1,-0.1,.498,.500,-0.1,0.0,-1,$419000,Amateur Free Agent,1\
720,Chris\'a0Heisey\\heisech01,26,CIN,120,308,7,1,1,1,-3,7,0.8,10,17,1.7,.506,.505,1.6,-0.2,16,$419000,Amateur Draft,789\
721,Jonathan\'a0Herrera#\\herrejo03,26,COL,104,320,-11,0,1,3,3,-5,-0.6,10,5,0.4,.495,.497,0.0,0.6,2,$419000,Free Agency,46/5\
722,Daniel\'a0Hudson\\hudsoda01,24,ARI,33,79,-2,-1,0,0,10,8,0.8,0,8,0.8,.525,.505,0.8,0.0,8,$419000,Traded,1\
723,Kila\'a0Ka'aihue*\\kaaihki01,27,KCR,23,96,-3,1,0,-2,-1,-5,-0.6,4,-2,-0.2,.475,.496,0.0,-0.4,0,$419000,Amateur Draft,3/D\
724,Craig\'a0Kimbrel\\kimbrcr01,23,ATL,79,0,0,0,0,0,0,0,0.0,0,0,0.0,.501,.500,0.0,0.0,0,$419000,Amateur Draft,1\
725,Jeff\'a0Manship\\manshje01,26,MIN,5,0,0,0,0,0,0,0,0.0,0,0,0.0,.500,.500,0.0,0.0,0,$419000,Amateur Draft,/1\
726,Cristhian\'a0Martinez\\marticr01,29,ATL,46,8,0,-1,0,0,1,1,0.1,0,1,0.1,.503,.501,0.1,0.0,1,$419000,Waivers,1\
727,Will\'a0Rhymes*\\rhymewi01,28,DET,29,99,-3,0,0,-3,0,-6,-0.7,4,-3,-0.3,.477,.496,0.0,-0.3,0,$419000,Amateur Draft,4/D\
728,Justin\'a0Smoak#\\smoakju01,24,SEA,123,489,3,-2,-1,-1,-7,-8,-0.8,18,10,0.9,.493,.495,1.1,-0.9,11,$419000,Traded,3D\
729,Dan\'a0Runzler*\\runzlda01,26,SFG,31,1,0,0,0,0,0,1,0.1,0,1,0.1,.502,.500,0.1,0.0,1,$418500,Amateur Draft,1\
730,Jeremy\'a0Hellickson\\hellije01,24,TBR,29,2,-1,0,0,0,0,0,0.0,0,0,0.0,.500,.500,0.0,0.0,0,$418400,Amateur Draft,1\
731,Sam\'a0Fuld*\\fuldsa01,29,TBR,105,346,-2,1,1,10,-4,7,0.8,13,20,2.0,.507,.504,1.0,0.7,10,$418300,Traded,7/98D\
732,Fernando\'a0Abad*\\abadfe01,25,HOU,29,0,0,0,0,0,0,0,0.0,0,0,0.0,.501,.500,0.0,0.0,0,$418000,Amateur Free Agent,1\
733,Barry\'a0Enright\\enrigba01,25,ARI,8,15,0,0,0,0,2,1,0.1,0,1,0.1,.517,.501,0.1,0.0,1,$418000,Amateur Draft,/1\
734,Logan\'a0Ondrusek\\ondrulo01,26,CIN,66,0,0,0,0,0,0,0,0.0,0,0,0.0,.501,.500,0.0,0.0,0,$418000,Amateur Draft,1\
735,Daniel\'a0Schlereth*\\schleda01,25,DET,49,0,0,0,0,0,0,0,0.0,0,0,0.0,.501,.500,0.0,0.0,0,$418000,Traded,1\
736,Drew\'a0Storen#\\storedr01,23,WSN,73,0,0,0,0,0,0,0,0.0,0,0,0.0,.501,.500,0.0,0.0,0,$418000,Amateur Draft,1\
737,Rich\'a0Thompson\\thompri03,26,LAA,44,0,0,0,0,0,0,0,0.0,0,0,0.0,.501,.500,0.0,0.0,0,$418000,Amateur Free Agent,1\
738,Brett\'a0Wallace*\\wallabr01,24,HOU,115,379,-3,-4,-1,5,-5,-8,-0.9,12,4,0.2,.492,.494,-0.4,0.0,-1,$418000,Traded,3\
739,Casper\'a0Wells\\wellsca01,26,2TM,95,241,3,0,1,8,-3,9,0.9,9,18,1.8,.509,.503,1.0,0.5,10,$418000,Amateur Draft,9/87D\
740,Adam\'a0Moore\\mooread01,27,SEA,2,6,-1,0,0,0,0,0,0.0,0,0,0.0,.488,.500,0.0,0.0,0,$417500,Amateur Draft,/2\
741,J.P.\'a0Arencibia\\arencjp01,25,TOR,129,486,-5,-2,0,-5,8,-5,-0.4,18,14,1.3,.496,.497,1.9,0.3,19,$417400,Amateur Draft,*2/D\
742,Josh\'a0Tomlin\\tomlijo01,26,CLE,27,2,1,0,0,0,0,1,0.1,0,1,0.1,.505,.501,0.1,0.0,1,$417200,Amateur Draft,1\
743,Ernesto\'a0Frieri\\frierer01,25,SDP,59,0,0,0,0,0,0,0,0.0,0,0,0.0,.501,.500,0.0,0.0,0,$417100,Amateur Free Agent,1\
744,John\'a0Baker*\\bakerjo01,30,FLA,16,16,-2,0,0,0,0,-1,-0.1,1,-1,-0.1,.491,.499,-0.1,0.0,-1,$417000,Traded,/2\
745,Darwin\'a0Barney\\barneda01,25,CHC,143,571,-8,1,1,2,3,-1,-0.1,18,17,1.7,.500,.500,1.3,0.6,15,$417000,Amateur Draft,*4/6\
746,Enerio\'a0Del\'a0Rosario\\delroen01,25,HOU,54,0,0,0,0,0,0,0,0.0,0,0,0.0,.501,.500,0.0,0.0,0,$417000,Purchased,1\
747,Sam\'a0Demel\\demelsa01,25,ARI,34,0,0,0,0,0,0,0,0.0,0,0,0.0,.501,.500,0.0,0.0,0,$417000,Traded,1\
748,Felix\'a0Doubront*\\doubrfe01,23,BOS,11,0,0,0,0,0,0,0,0.0,0,0,0.0,.501,.500,0.0,0.0,0,$417000,Amateur Free Agent,1\
749,Marcos\'a0Mateo\\mateoma01,27,CHC,23,2,-1,0,0,0,0,0,0.0,0,0,0.0,.499,.500,0.0,0.0,0,$417000,Traded,1\
750,Kam\'a0Mickolio\\mickoka01,27,ARI,6,1,0,0,0,0,0,0,0.0,0,0,0.0,.498,.500,0.0,0.0,0,$417000,Traded,/1\
751,Esmil\'a0Rogers\\rogeres01,25,COL,22,31,-3,-1,0,0,4,1,0.1,0,1,0.1,.502,.500,0.0,0.0,1,$417000,Amateur Free Agent,1\
752,Chris\'a0Tillman\\tillmch01,23,BAL,13,0,0,0,0,0,0,0,0.0,0,0,0.0,.501,.500,0.0,0.0,0,$417000,Traded,1\
753,Cesar\'a0Ramos*\\ramosce01,27,TBR,59,0,0,0,0,0,0,0,0.0,0,0,0.0,.501,.500,0.0,0.0,0,$416700,Traded,1\
754,Carlos\'a0Santana#\\santaca01,25,CLE,155,658,17,0,0,-6,2,13,1.5,25,38,3.8,.509,.509,4.5,-0.4,44,$416600,Traded,23/D\
755,Brandon\'a0Beachy\\beachbr01,24,ATL,25,50,-9,-1,0,0,6,-3,-0.4,0,-3,-0.4,.485,.498,-0.4,0.0,-3,$416500,Amateur Free Agent,1\
756,Brian\'a0Bogusevic*\\bogusbr01,27,HOU,87,182,4,1,-1,11,-2,13,1.5,6,19,2.0,.517,.509,0.8,1.0,8,$416500,Amateur Draft,97\
757,Jordan\'a0Smith\\smithjo06,25,CIN,17,2,-1,0,0,0,0,0,0.0,0,0,0.0,.499,.500,0.0,0.0,0,$416500,Amateur Draft,1\
758,Jose\'a0Ascanio\\ascanjo01,26,PIT,8,0,0,0,0,0,0,0,0.0,0,0,0.0,.501,.500,0.0,0.0,0,$416000,Traded,/1\
759,Kyle\'a0Drabek\\drabeky01,23,TOR,18,0,0,0,0,0,0,0,0.0,0,0,0.0,.501,.500,0.0,0.0,0,$416000,Traded,1\
760,David\'a0Freese\\freesda01,28,STL,97,363,8,0,-2,-1,1,6,0.6,11,17,1.7,.506,.504,1.8,0.0,18,$416000,Traded,5/3\
761,Kenley\'a0Jansen#\\janseke01,23,LAD,51,0,0,0,0,0,0,0,0.0,0,0,0.0,.501,.500,0.0,0.0,0,$416000,Amateur Free Agent,1\
762,Jon\'a0Jay*\\jayjo02,26,STL,159,503,6,-3,1,9,-2,11,1.2,16,27,2.8,.508,.508,1.7,0.8,18,$416000,Amateur Draft,*897\
763,Giancarlo\'a0Stanton\\stantmi03,21,FLA,150,601,27,-3,0,3,-6,21,2.3,19,40,4.1,.515,.514,3.7,-0.3,37,$416000,Amateur Draft,*9/8D\
764,Pedro\'a0Strop\\stroppe01,26,2TM,23,0,0,0,0,0,0,0,0.0,0,0,0.0,.501,.500,0.0,0.0,0,$416000,Traded,1\
765,Bobby\'a0Wilson\\wilsobo02,28,LAA,57,127,-8,-1,0,3,2,-4,-0.4,5,1,0.0,.493,.497,-0.3,0.5,-2,$416000,Amateur Draft,2/3D\
766,Carlos\'a0Carrasco\\carraca01,24,CLE,21,7,-2,0,0,0,1,-1,-0.1,0,-1,-0.1,.496,.499,-0.1,0.0,-1,$415800,Traded,1\
767,Justin\'a0Germano\\germaju01,28,CLE,9,0,0,0,0,0,0,0,0.0,0,0,0.0,.501,.500,0.0,0.0,0,$415600,Free Agency,/1\
768,Cory\'a0Luebke\\luebkco01,26,SDP,47,36,-2,0,0,0,5,3,0.3,0,3,0.3,.506,.502,0.3,0.0,3,$415600,Amateur Draft,1\
769,Tyler\'a0Greene\\greenty02,27,STL,58,121,-2,3,0,-4,1,-2,-0.2,4,2,0.2,.497,.499,0.6,-0.3,6,$415500,Amateur Draft,46/97\
770,Jake\'a0McGee*\\mcgeeja01,24,TBR,37,0,0,0,0,0,0,0,0.0,0,0,0.0,.501,.500,0.0,0.0,0,$415200,Amateur Draft,1\
771,Danny\'a0Espinosa#\\espinda01,24,WSN,158,658,-1,-1,1,5,4,7,0.7,21,27,2.8,.505,.505,2.1,1.0,22,$415000,Amateur Draft,*4\
772,Matt\'a0Maloney*\\malonma02,27,CIN,8,4,-1,0,0,0,1,-1,-0.1,0,-1,-0.1,.493,.500,-0.1,0.0,-1,$415000,Traded,/1\
773,Wilson\'a0Ramos\\ramoswi01,23,WSN,113,435,6,-1,-2,-5,7,4,0.4,14,18,1.8,.504,.503,2.2,0.2,22,$415000,Traded,2/D\
774,Matt\'a0Reynolds*\\reynoma02,26,COL,73,2,-1,0,0,0,1,0,0.0,0,0,0.0,.500,.500,0.0,0.0,0,$415000,Amateur Draft,1\
775,Henry\'a0Rodriguez\\rodrihe03,24,WSN,59,2,-1,0,0,0,1,0,0.0,0,0,0.0,.500,.500,0.0,0.0,0,$415000,Traded,1\
776,Jordan\'a0Zimmermann\\zimmejo02,25,WSN,29,56,-5,0,0,0,7,3,0.3,0,3,0.3,.510,.502,0.3,0.0,3,$415000,Amateur Draft,1\
777,Elliot\'a0Johnson#\\johnsel02,27,TBR,70,181,-5,-3,1,8,2,3,0.3,7,10,1.0,.504,.502,0.1,1.1,1,$414900,Amateur Free Agent,6/438D7\
778,Jeremy\'a0Jeffress\\jeffrje01,23,KCR,14,0,0,0,0,0,0,0,0.0,0,0,0.0,.501,.500,0.0,0.0,0,$414500,Traded,1\
779,Brad\'a0Lincoln*\\lincobr01,26,PIT,13,14,-2,0,0,0,2,0,0.0,0,0,0.0,.500,.500,0.0,0.0,0,$414500,Amateur Draft,1\
780,Sam\'a0Deduno\\dedunsa01,27,SDP,2,0,0,0,0,0,0,0,0.0,0,0,0.0,.501,.500,0.0,0.0,0,$414240,Waivers,/1\
781,Vinnie\'a0Pestano\\pestavi01,26,CLE,67,0,0,0,0,0,0,0,0.0,0,0,0.0,.501,.500,0.0,0.0,0,$414100,Amateur Draft,1\
782,Nathan\'a0Adcock\\adcocna01,23,KCR,24,0,0,0,0,0,0,0,0.0,0,0,0.0,.501,.500,0.0,0.0,0,$414000,Rule 5 Draft,1\
783,Erick\'a0Almonte\\almoner01,33,MIL,16,29,-4,0,-1,-3,0,-8,-0.8,1,-7,-0.8,.447,.495,-0.4,-0.4,-4,$414000,Free Agency,/93\
784,Bryan\'a0Augenstein\\augenbr01,24,STL,5,1,0,0,0,0,0,1,0.1,0,1,0.1,.516,.500,0.1,0.0,1,$414000,Waivers,/1\
785,Pedro\'a0Beato\\beatope01,24,NYM,60,0,0,0,0,0,0,0,0.0,0,0,0.0,.501,.500,0.0,0.0,0,$414000,Rule 5 Draft,1\
786,Brandon\'a0Belt*\\beltbr01,23,SFG,63,209,2,0,0,3,-3,2,0.2,7,9,0.9,.504,.502,0.5,0.0,6,$414000,Amateur Draft,37/9\
787,Peter\'a0Bourjos\\bourjpe01,24,LAA,147,552,10,3,1,12,3,30,3.2,21,50,5.1,.521,.519,3.9,1.6,38,$414000,Amateur Draft,*8\
788,Brian\'a0Broderick\\brodebr01,24,WSN,11,0,0,0,0,0,0,0,0.0,0,0,0.0,.501,.500,0.0,0.0,0,$414000,Rule 5 Draft,1\
789,Domonic\'a0Brown*\\browndo01,23,PHI,56,210,1,0,1,-9,-2,-9,-1.0,7,-2,-0.3,.483,.494,0.6,-1.2,7,$414000,Amateur Draft,9\
790,Bobby\'a0Cassevah\\cassebo01,25,LAA,30,0,0,0,0,0,0,0,0.0,0,0,0.0,.501,.500,0.0,0.0,0,$414000,Rule 5 returned,1\
791,Tim\'a0Collins*\\colliti01,21,KCR,68,0,0,0,0,0,0,0,0.0,0,0,0.0,.501,.500,0.0,0.0,0,$414000,Traded,1\
792,Hank\'a0Conger#\\congeha01,23,LAA,59,197,-4,0,0,-1,3,-1,-0.1,7,6,0.6,.498,.499,0.7,0.2,7,$414000,Amateur Draft,2/D\
793,Scott\'a0Cousins*\\cousisc01,26,FLA,48,58,-5,1,1,4,0,0,0.0,2,2,0.2,.500,.500,-0.3,0.4,-2,$414000,Amateur Draft,9/87\
794,Allen\'a0Craig\\craigal01,26,STL,75,219,13,2,0,2,-2,15,1.6,7,22,2.3,.522,.510,2.1,0.0,20,$414000,Amateur Draft,79/4835\
795,Bobby\'a0Cramer*\\cramebo01,31,OAK,5,0,0,0,0,0,0,0,0.0,0,0,0.0,.500,.500,0.0,0.0,0,$414000,Free Agency,/1\
796,Michael\'a0Crotta\\crottmi01,26,PIT,15,0,0,0,0,0,0,0,0.0,0,0,0.0,.501,.500,0.0,0.0,0,$414000,Free Agency,1\
797,Ivan\'a0De\'a0Jesus\\dejesiv02,24,LAD,17,35,-3,0,0,-3,0,-6,-0.7,1,-5,-0.6,.458,.496,-0.3,-0.3,-2,$414000,Amateur Draft,4\
798,Daniel\'a0Descalso*\\descada01,24,STL,148,375,-2,1,1,-7,3,-4,-0.5,12,8,0.7,.497,.497,1.4,-0.5,14,$414000,Amateur Draft,*546\
799,Lucas\'a0Duda*\\dudalu01,25,NYM,100,347,15,-1,0,-12,-5,-2,-0.2,11,9,0.8,.498,.499,2.1,-1.8,21,$414000,Amateur Draft,39/7D\
800,Mike\'a0Dunn*\\dunnmi01,26,FLA,72,1,0,0,0,0,0,0,0.0,0,0,0.0,.500,.500,0.0,0.0,0,$414000,Traded,1\
801,Jarrod\'a0Dyson*\\dysonja01,26,KCR,26,53,-4,2,0,4,0,3,0.3,2,5,0.5,.510,.502,0.0,0.4,0,$414000,Amateur Draft,8/D\
802,Brad\'a0Emaus\\emausbr01,25,NYM,14,42,-4,0,-1,-3,0,-8,-0.9,1,-7,-0.7,.438,.495,-0.4,-0.3,-4,$414000,Rule 5 Draft,4\
803,Juan\'a0Francisco*\\francju02,24,CIN,31,97,-1,0,0,-1,0,-1,-0.2,3,2,0.1,.495,.499,0.2,-0.1,3,$414000,Amateur Free Agent,5\
804,Freddie\'a0Freeman*\\freemfr01,21,ATL,157,635,13,-4,-2,-2,-9,-4,-0.4,20,16,1.5,.497,.497,1.6,-1.2,18,$414000,Amateur Draft,*3\
805,Brett\'a0Hayes\\hayesbr01,27,FLA,64,144,-1,-1,0,-1,2,-1,-0.1,4,4,0.4,.499,.500,0.5,0.1,5,$414000,Amateur Draft,2/379\
806,Brandon\'a0Hicks\\hicksbr01,25,ATL,17,22,-4,-1,0,0,0,-5,-0.5,1,-4,-0.5,.469,.497,-0.5,0.0,-4,$414000,Amateur Draft,/56\
807,Cedric\'a0Hunter*\\huntece01,23,SDP,6,5,0,0,0,0,0,0,0.0,0,0,0.0,.495,.500,0.0,0.0,0,$414000,Amateur Draft,/8\
808,Brandon\'a0Kintzler\\kintzbr01,26,MIL,9,1,0,0,0,0,0,0,0.0,0,0,0.0,.499,.500,0.0,0.0,0,$414000,Free Agency,/1\
809,Michael\'a0Kohn\\kohnmi01,25,LAA,14,0,0,0,0,0,0,0,0.0,0,0,0.0,.501,.500,0.0,0.0,0,$414000,Amateur Draft,1\
810,Sam\'a0LeCure\\lecursa01,27,CIN,43,11,-1,0,0,0,2,1,0.1,0,1,0.1,.501,.500,0.1,0.0,1,$414000,Amateur Draft,1\
811,Josh\'a0Lueke\\luekejo01,26,SEA,25,0,0,0,0,0,0,0,0.0,0,0,0.0,.501,.500,0.0,0.0,0,$414000,Traded,1\
812,Michael\'a0Martinez#\\martimi02,28,PHI,88,234,-11,1,1,0,2,-7,-0.8,7,0,-0.1,.491,.495,-0.1,0.2,0,$414000,Rule 5 Draft,5468/7\
813,John\'a0Mayberry\\maybejo02,27,PHI,104,296,10,0,1,-3,-2,7,0.8,9,16,1.7,.507,.505,1.9,-0.5,19,$414000,Traded,8739\
814,Brent\'a0Morel\\morelbr01,24,CHW,126,444,-10,0,1,2,2,-4,-0.4,17,12,1.2,.496,.497,1.0,0.5,10,$414000,Amateur Draft,*5\
815,Logan\'a0Morrison*\\morrilo01,23,FLA,123,525,11,-2,1,-26,-5,-21,-2.3,16,-4,-0.6,.482,.486,2.1,-3.4,22,$414000,Amateur Draft,*7/3D\
816,Mike\'a0Nickeas\\nickemi01,28,NYM,21,59,-3,0,0,1,1,-2,-0.2,2,0,0.0,.492,.499,-0.1,0.2,-1,$414000,Traded,2\
817,Joe\'a0Paterson\\paterjo01,25,ARI,62,0,0,0,0,0,0,0,0.0,0,0,0.0,.501,.500,0.0,0.0,0,$414000,Rule 5 Draft,1\
818,Chris\'a0Pettit\\pettich01,26,LAA,1,0,0,0,0,0,0,0,0.0,0,0,0.0,.500,.500,0.0,0.0,0,$414000,Amateur Draft,\
819,Michael\'a0Pineda\\pinedmi01,22,SEA,28,5,0,0,0,0,1,1,0.1,0,1,0.1,.503,.501,0.1,0.0,1,$414000,Amateur Free Agent,1\
820,Aneury\'a0Rodriguez\\rodrian01,23,HOU,43,11,-3,0,0,0,2,-1,-0.1,0,-1,-0.1,.497,.499,-0.1,0.0,-1,$414000,Rule 5 Draft,1\
821,Josh\'a0Rodriguez\\rodrijo05,26,PIT,7,14,-2,0,0,0,0,-2,-0.2,0,-1,-0.1,.476,.499,-0.1,0.0,-1,$414000,Purchased,/64\
822,Mason\'a0Tobin\\tobinma01,23,TEX,4,0,0,0,0,0,0,0,0.0,0,0,0.0,.501,.500,0.0,0.0,0,$414000,Purchased,/1\
823,Mark\'a0Trumbo\\trumbma01,25,LAA,149,573,8,1,-1,8,-9,8,0.9,21,29,2.9,.505,.505,2.1,-0.1,21,$414000,Amateur Draft,*39/7\
824,Brayan\'a0Villarreal\\villabr02,24,DET,16,0,0,0,0,0,0,0,0.0,0,0,0.0,.501,.500,0.0,0.0,0,$414000,Amateur Free Agent,1\
825,Jordan\'a0Walden\\waldejo01,23,LAA,62,0,0,0,0,0,0,0,0.0,0,0,0.0,.501,.500,0.0,0.0,0,$414000,Amateur Draft,1\
826,Ryan\'a0Webb\\webbry01,25,FLA,53,0,0,0,0,0,0,0,0.0,0,0,0.0,.501,.500,0.0,0.0,0,$414000,Traded,1\
827,Tom\'a0Wilhelmsen\\wilheto01,27,SEA,25,0,0,0,0,0,0,0,0.0,0,0,0.0,.501,.500,0.0,0.0,0,$414000,Free Agency,1\
828,Matt\'a0Young*\\youngma02,28,ATL,20,52,-4,0,1,0,-1,-4,-0.4,2,-2,-0.3,.478,.497,-0.3,-0.1,-2,$414000,Amateur Free Agent,/798\
829,Scott\'a0Proctor\\proctsc01,34,2TM,39,2,-1,0,0,0,0,0,0.0,0,0,0.0,.500,.500,0.0,0.0,0,$185440,Free Agency,1\