Rk,Name,Age,Tm,G,PA,Rbat,Rbaser,Rdp,Rfield,Rpos,RAA,WAA,Rrep,RAR,WAR,waaWL%,162WL%,oWAR,dWAR,oRAR,Salaryâ–¼,Acquired,Pos Summary
1,Alex Rodriguez\rodrial01,26,TEX,162,725,52,5,-1,1,9,65,6.4,26,91,8.8,.539,.539,8.7,1.0,90,$22000000,Free Agency,*6
2,Carlos Delgado*\delgaca01,30,TOR,143,628,32,-2,0,4,-8,27,2.7,23,50,4.9,.519,.516,4.5,-0.4,46,$19400000,Amateur Free Agent,*3/D
3,Kevin Brown\brownke01,37,LAD,17,22,-1,0,0,0,3,3,0.3,0,3,0.3,.516,.502,0.3,0.0,3,$15714286,Free Agency,1
4,Manny Ramirez\ramirma02,30,BOS,120,518,53,-1,-2,1,-8,43,4.2,19,63,6.0,.535,.526,6.0,-0.7,62,$15462727,Free Agency,7D/9
5,Barry Bonds*\bondsba01,37,SFG,143,612,109,-2,0,0,-6,102,9.9,19,121,11.8,.570,.562,11.8,-0.7,121,$15000000,Amateur Draft--no sign,*7/D
6,Sammy Sosa\sosasa01,33,CHC,150,666,53,0,-1,-8,-6,38,3.7,20,58,5.7,.526,.524,6.6,-1.6,66,$15000000,Traded,*9
7,Derek Jeter\jeterde01,28,NYY,157,730,15,8,0,-18,8,13,1.3,25,38,3.7,.508,.508,5.5,-0.9,57,$14600000,Amateur Draft,*6/D
8,Pedro Martinez\martipe02,30,BOS,30,7,-1,0,0,0,1,0,0.0,0,0,0.0,.499,.500,0.0,0.0,0,$14000000,Traded,1
9,Shawn Green*\greensh01,29,LAD,158,685,44,-1,-2,13,-7,48,4.8,21,69,6.9,.531,.530,5.5,0.6,55,$13416667,Traded,*9/D
10,Randy Johnson\johnsra05,38,ARI,35,99,-15,0,-1,0,14,-2,-0.3,0,-2,-0.3,.493,.499,-0.3,0.0,-2,$13350000,Free Agency,1
11,Greg Maddux\maddugr01,36,ATL,35,68,-8,0,0,0,9,2,0.2,0,2,0.2,.506,.501,0.2,0.0,2,$13100000,Free Agency,1
12,Larry Walker*\walkela01,35,COL,136,553,38,2,0,9,-6,43,4.4,17,61,6.1,.533,.528,5.2,0.2,52,$12666667,Free Agency,*9/D
13,Bernie Williams#\willibe02,33,NYY,154,699,38,2,1,-22,2,22,2.2,25,47,4.5,.514,.513,6.7,-1.8,69,$12357143,Free Agency,*8/D
14,Mo Vaughn*\vaughmo01,34,NYM,139,558,8,-3,-1,-16,-7,-20,-2.2,17,-3,-0.5,.485,.487,1.2,-2.5,14,$12166667,Traded,*3
15,Chipper Jones#\jonesch06,30,ATL,158,662,41,0,-1,3,-6,37,3.7,21,58,5.7,.524,.523,5.4,-0.4,54,$11333333,Amateur Draft,*7
16,Jeff Bagwell\bagweje01,34,HOU,158,691,28,1,-2,-2,-9,16,1.6,21,37,3.7,.511,.510,3.9,-1.3,40,$11000000,Traded,*3/D
17,Juan Gonzalez\gonzaju03,32,TEX,70,296,1,1,-2,-3,-3,-7,-0.6,11,4,0.4,.490,.496,0.7,-0.6,8,$11000000,Free Agency,9/D
18,Raul Mondesi\mondera01,31,2TM,146,637,-9,4,2,-9,-6,-18,-1.7,23,6,0.5,.488,.495,1.4,-1.4,14,$11000000,Traded,98/D
19,Mike Mussina*\mussimi01,33,NYY,33,6,1,-1,0,0,1,1,0.1,0,1,0.1,.504,.501,0.1,0.0,1,$11000000,Free Agency,1
20,Mike Piazza\piazzmi01,33,NYM,135,541,24,-1,-4,-12,7,14,1.3,17,30,3.0,.510,.509,4.2,-0.6,42,$10571429,Traded,*2/D
21,Jason Giambi*\giambja01,31,NYY,155,689,61,-1,-2,1,-11,48,4.7,25,73,7.1,.530,.529,7.0,-1.0,72,$10428571,Free Agency,3D
22,Roger Clemens\clemero02,39,NYY,29,4,1,0,0,0,1,1,0.1,0,1,0.1,.503,.501,0.1,0.0,1,$10300000,Free Agency,1
23,Andruw Jones\jonesan01,25,ATL,154,659,22,0,0,19,3,45,4.6,20,66,6.6,.530,.529,4.6,2.3,46,$10000000,Amateur Free Agent,*8/D
24,Curt Schilling\schilcu01,35,ARI,36,98,-14,0,0,0,14,-1,-0.1,0,-1,-0.1,.497,.499,-0.1,0.0,-1,$10000000,Traded,1
25,Frank Thomas\thomafr04,34,CHW,148,628,14,-3,-1,1,-14,-4,-0.3,24,20,1.9,.498,.498,1.9,-1.3,19,$9927000,Free Agency,*D/3
26,Gary Sheffield\sheffga01,33,ATL,135,579,32,1,-1,-1,-6,26,2.6,18,44,4.4,.520,.517,4.4,-0.7,45,$9916667,Traded,*9/D
27,Tim Salmon\salmoti01,33,ANA,138,568,27,-1,0,0,-7,20,2.0,21,41,4.0,.514,.512,4.0,-0.7,41,$9650000,Amateur Draft,*9D
28,Ivan Rodriguez\rodriiv01,30,TEX,108,440,14,0,-2,-2,6,15,1.5,17,31,3.1,.513,.509,3.3,0.4,33,$9600000,Amateur Free Agent,2/D
29,Mike Hampton\hamptmi01,29,COL,36,66,1,0,0,0,9,10,1.0,0,10,1.0,.528,.506,1.0,0.0,10,$9503543,Free Agency,1
30,Kevin Appier\appieke01,34,ANA,32,4,-1,0,0,0,1,-1,0.0,0,-1,0.0,.499,.500,0.0,0.0,-1,$9500000,Traded,1
31,Andy Pettitte*\pettian01,30,NYY,22,3,0,0,0,0,1,1,0.1,0,1,0.1,.503,.500,0.1,0.0,1,$9500000,Amateur Draft,1
32,Matt Williams\willima04,36,ARI,60,238,-1,0,-1,1,1,1,0.0,7,8,0.8,.501,.500,0.7,0.2,7,$9500000,Traded,5
33,Mariano Rivera\riverma01,32,NYY,45,0,0,0,0,0,0,0,0.0,0,0,0.0,.501,.500,0.0,0.0,0,$9450000,Amateur Free Agent,1
34,Al Leiter*\leiteal01,36,NYM,33,64,-6,0,0,0,9,3,0.3,0,3,0.3,.509,.502,0.3,0.0,3,$9250000,Traded,1
35,Nomar Garciaparra\garcino01,28,BOS,156,693,21,0,-2,16,8,44,4.4,25,69,6.8,.528,.527,5.2,2.4,53,$9000000,Amateur Draft,*6
36,Barry Larkin\larkiba01,38,CIN,145,567,-22,4,-1,-7,7,-19,-2.1,18,-2,-0.4,.486,.488,0.3,-0.1,5,$9000000,Amateur Draft--no sign,*6
37,Craig Biggio\biggicr01,36,HOU,145,655,-4,5,0,-18,3,-13,-1.5,19,6,0.4,.491,.491,2.3,-1.6,24,$8750000,Free Agency,*4/7
38,Brad Radke\radkebr01,29,MIN,21,0,0,0,0,0,0,0,0.0,0,0,0.0,.501,.500,0.0,0.0,0,$8750000,Amateur Draft,1
39,Greg Vaughn\vaughgr01,36,TBD,69,297,-12,1,1,5,-5,-10,-1.0,11,1,0.1,.485,.494,-0.4,0.0,-4,$8750000,Free Agency,D7
40,Rafael Palmeiro*\palmera01,37,TEX,155,663,32,-1,-1,2,-11,21,2.2,25,46,4.5,.514,.513,4.4,-0.9,45,$8712986,Free Agency,3D
41,Carl Everett#\evereca01,31,TEX,105,418,-1,0,0,-11,-3,-15,-1.4,16,1,0.1,.486,.491,1.1,-1.3,11,$8666666,Traded,98D7
42,Tom Glavine*\glavito02,36,ATL,37,84,-14,0,-1,0,12,-4,-0.4,0,-4,-0.4,.489,.498,-0.4,0.0,-4,$8623700,Amateur Draft,1
43,Scott Rolen\rolensc01,27,2TM,155,667,27,2,-3,15,3,44,4.5,20,65,6.5,.529,.514,4.9,1.8,49,$8600000,Amateur Draft,5
44,Ken Griffey*\griffke02,32,CIN,70,232,-2,-2,-1,-10,1,-13,-1.4,7,-6,-0.7,.480,.491,0.3,-1.0,4,$8557223,Traded,8/79
45,Robin Ventura*\venturo01,34,NYY,141,562,11,0,0,3,2,17,1.7,21,38,3.7,.512,.510,3.4,0.6,35,$8500000,Free Agency,*5/3
46,Robb Nen\nenro01,32,SFG,68,2,0,0,0,0,1,1,0.1,0,1,0.1,.501,.501,0.1,0.0,1,$8300000,Traded,1
47,Ray Lankford*\lankfra01,35,SDP,81,240,-2,-3,0,-4,-2,-10,-1.1,7,-3,-0.4,.487,.493,0.0,-0.6,1,$8100000,Traded,7/8D
48,Brian Giles*\gilesbr02,31,PIT,153,644,55,-1,0,-14,-6,34,3.4,20,54,5.3,.523,.521,6.8,-2.2,69,$8063003,Traded,*7/8
49,Wilson Alvarez*\alvarwi01,32,TBD,23,4,-1,0,0,0,1,-1,-0.1,0,-1,-0.1,.498,.500,-0.1,0.0,-1,$8000000,Free Agency,1
50,Andy Ashby\ashbyan01,34,LAD,30,56,-8,-1,0,0,8,0,-0.1,0,0,-0.1,.499,.500,-0.1,0.0,0,$8000000,Free Agency,1
51,Jay Bell\bellja01,36,ARI,32,56,-4,0,0,0,0,-4,-0.4,2,-2,-0.3,.487,.497,-0.3,0.0,-3,$8000000,Free Agency,/5346
52,Bret Boone\boonebr01,33,SEA,155,675,11,0,2,1,4,18,1.8,25,43,4.2,.511,.511,4.1,0.5,41,$8000000,Free Agency,*4/D
53,Vladimir Guerrero\guerrvl01,27,MON,161,709,50,3,-1,4,-7,49,4.9,21,71,7.0,.531,.531,6.6,-0.4,67,$8000000,Amateur Free Agent,*9
54,Dean Palmer\palmede01,33,DET,4,13,-3,0,0,0,0,-4,-0.4,0,-3,-0.3,.405,.498,-0.3,0.0,-3,$8000000,Free Agency,/D
55,Todd Stottlemyre*\stottto01,37,ARI,5,6,-1,0,0,0,1,0,0.0,0,0,0.0,.495,.500,0.0,0.0,0,$8000000,Free Agency,/1
56,Mike Sweeney\sweenmi01,28,KCR,126,545,34,1,-1,5,-8,31,3.1,20,52,5.0,.524,.519,4.5,-0.3,46,$8000000,Amateur Draft,3D
57,Jim Thome*\thomeji01,31,CLE,147,613,70,0,2,-8,-9,54,5.2,23,77,7.4,.535,.532,8.2,-1.7,85,$8000000,Amateur Draft,*3D
58,Billy Wagner*\wagnebi02,30,HOU,70,2,-1,0,0,0,1,0,0.0,0,0,0.0,.500,.500,0.0,0.0,0,$8000000,Amateur Draft,1
59,Roberto Alomar#\alomaro01,34,NYM,149,655,-5,2,0,-12,4,-12,-1.4,20,8,0.6,.492,.492,1.8,-0.9,20,$7939664,Traded,*4
60,Chuck Finley*\finlech01,39,2TM,32,37,-7,0,0,0,5,-1,-0.1,0,-1,-0.1,.496,.500,-0.1,0.0,-1,$7911948,Free Agency,1
61,Shane Reynolds\reynosh01,34,HOU,13,30,-7,0,0,0,4,-3,-0.3,0,-3,-0.3,.477,.498,-0.3,0.0,-3,$7666667,Free Agency,1
62,John Smoltz\smoltjo01,35,ATL,75,2,-1,0,0,0,1,0,0.0,0,0,0.0,.500,.500,0.0,0.0,0,$7666667,Free Agency,1
63,Jeffrey Hammonds\hammoje01,31,MIL,128,510,-5,-2,0,-12,-1,-20,-2.1,16,-4,-0.6,.484,.487,0.7,-1.4,8,$7500000,Free Agency,*89/7
64,Kenny Rogers*\rogerke01,37,TEX,34,4,1,0,0,0,1,2,0.2,0,2,0.2,.506,.501,0.2,0.0,2,$7500000,Free Agency,1
65,Jim Edmonds*\edmonji01,32,STL,144,576,39,-3,1,9,3,49,4.9,18,67,6.7,.535,.531,5.8,1.1,58,$7333333,Traded,*8
66,Mike Lieberthal\liebemi01,30,PHI,130,530,11,-2,-1,-3,8,13,1.2,17,29,2.9,.510,.508,3.2,0.4,32,$7333333,Amateur Draft,*2
67,Woody Williams\williwo02,35,STL,18,36,-2,0,0,0,5,3,0.3,0,3,0.3,.518,.502,0.3,0.0,3,$7300000,Free Agency,1
68,Johnny Damon*\damonjo01,28,BOS,154,702,8,7,4,3,3,25,2.5,25,50,4.8,.516,.515,4.5,0.7,46,$7250000,Free Agency,*8/D
69,Jose Lima\limajo01,29,DET,20,0,0,0,0,0,0,0,0.0,0,0,0.0,.501,.500,0.0,0.0,0,$7250000,Traded,1
70,Fred McGriff*\mcgrifr01,38,CHC,146,595,21,-3,-1,-6,-8,4,0.3,19,22,2.1,.503,.502,2.7,-1.5,28,$7250000,Traded,*3/D
71,Jeromy Burnitz*\burnije01,33,NYM,154,550,-11,-1,1,2,-5,-15,-1.7,17,2,0.0,.490,.490,-0.1,-0.5,1,$7166667,Traded,*9/D
72,Jermaine Dye\dyeje01,28,OAK,131,555,8,2,-2,-8,-6,-6,-0.5,21,15,1.4,.496,.496,2.2,-1.4,23,$7166667,Traded,*9D
73,Darryl Kile\kileda01,33,STL,14,26,-4,0,0,0,4,-1,-0.1,0,-1,-0.1,.496,.500,-0.1,0.0,-1,$7166667,Traded,1
74,Aaron Sele\seleaa01,32,ANA,26,2,0,0,0,0,0,1,0.1,0,1,0.1,.502,.500,0.1,0.0,1,$7166667,Free Agency,1
75,Edgar Martinez\martied01,39,SEA,97,407,21,-1,1,0,-9,11,1.2,15,27,2.6,.512,.507,2.6,-0.8,27,$7086668,Amateur Free Agent,D
76,David Justice*\justida01,36,OAK,118,471,7,1,-1,-1,-7,-1,0.0,18,17,1.6,.499,.500,1.7,-0.7,18,$7000000,Traded,7D9
77,Denny Neagle*\neaglde01,33,COL,35,50,-4,-1,0,0,7,2,0.2,0,2,0.2,.507,.502,0.2,0.0,2,$7000000,Free Agency,1
78,Darren Oliver\oliveda02,31,BOS,14,1,0,0,0,0,0,0,0.0,0,0,0.0,.499,.500,0.0,0.0,0,$7000000,Traded,1
79,Jorge Posada#\posadjo01,30,NYY,143,598,16,1,-3,-4,8,19,1.9,22,42,4.0,.513,.511,4.5,0.4,46,$7000000,Amateur Draft,*2/D
80,Rick Reed\reedri01,37,MIN,33,6,0,0,0,0,1,1,0.1,0,1,0.1,.503,.501,0.1,0.0,1,$7000000,Traded,1
81,John Olerud*\olerujo01,33,SEA,154,668,35,0,-1,2,-9,28,2.8,25,52,5.1,.517,.517,4.9,-0.6,50,$6950000,Free Agency,*3/D
82,Chan Ho Park\parkch01,29,TEX,25,4,-1,0,0,0,1,-1,-0.1,0,-1,-0.1,.497,.500,-0.1,0.0,-1,$6884803,Free Agency,1
83,Eric Karros\karroer01,34,LAD,142,573,-2,0,-1,4,-8,-7,-0.8,18,11,0.9,.495,.495,0.5,-0.5,7,$6875000,Amateur Draft,*3
84,Todd Zeile\zeileto01,36,COL,144,580,-4,-1,-1,-6,2,-9,-1.0,18,9,0.7,.493,.494,1.3,-0.4,15,$6833333,Traded,*5/1
85,Rusty Greer*\greerru01,33,TEX,51,219,-3,0,1,-3,-3,-8,-0.8,8,0,0.0,.484,.495,0.3,-0.6,3,$6800000,Amateur Draft,D7/93
86,David Segui#\seguida01,35,BAL,26,107,-1,-1,0,0,-2,-4,-0.4,4,0,-0.1,.483,.497,0.0,-0.3,0,$6762895,Free Agency,D/3
87,Jose Offerman#\offerjo01,33,2TM,101,326,-5,-1,-1,5,-6,-8,-0.8,12,4,0.4,.492,.496,-0.1,-0.1,0,$6750000,Free Agency,3D/9
88,Ugueth Urbina\urbinug01,28,BOS,61,0,0,0,0,0,0,0,0.0,0,0,0.0,.501,.500,0.0,0.1,0,$6700000,Traded,1
89,Ellis Burks\burksel01,37,CLE,138,570,31,-1,1,-1,-12,19,1.9,21,40,3.9,.513,.511,4.0,-1.2,41,$6666667,Free Agency,*D/7
90,Trevor Hoffman\hoffmtr01,34,SDP,61,0,0,0,0,0,0,0,0.0,0,0,0.0,.501,.500,0.0,0.0,0,$6600000,Traded,1
91,Brian Jordan\jordabr01,35,LAD,128,515,12,0,0,8,-5,14,1.4,16,30,3.0,.511,.509,2.2,0.2,22,$6600000,Traded,*7/9D
92,Jason Kendall\kendaja01,28,PIT,145,605,-7,-2,3,3,8,5,0.4,19,24,2.3,.504,.503,2.0,1.1,21,$6571429,Amateur Draft,*2
93,Cliff Floyd*\floydcl01,29,3TM,146,609,31,3,1,-1,-7,27,2.7,20,47,4.6,.519,.509,4.8,-0.9,48,$6500000,Traded,7D/9
94,Todd Hundley#\hundlto01,33,CHC,92,303,-3,-1,0,-5,4,-5,-0.6,9,5,0.4,.495,.497,0.9,-0.1,10,$6500000,Free Agency,2/D
95,Jamie Moyer*\moyerja01,39,SEA,34,5,-1,0,0,0,1,0,0.0,0,0,0.0,.501,.500,0.0,0.0,0,$6500000,Free Agency,1
96,Magglio Ordonez\ordonma01,28,CHW,153,654,47,0,-2,-10,-6,29,2.8,25,53,5.1,.518,.517,6.1,-1.6,63,$6500000,Amateur Free Agent,*9/D
97,Jeff Cirillo\cirilje01,32,SEA,146,547,-15,-2,-1,9,2,-7,-0.6,21,14,1.3,.495,.496,0.4,1.1,5,$6375000,Traded,*53
98,Andy Benes\benesan01,34,STL,19,37,-2,0,0,0,5,3,0.3,0,3,0.3,.517,.502,0.3,0.0,3,$6367542,Free Agency,1
99,Bobby Abreu*\abreubo01,28,PHI,157,685,41,-1,1,2,-6,37,3.7,21,58,5.8,.524,.524,5.6,-0.5,56,$6333333,Traded,*98
100,Ray Durham#\durhara01,30,2TM,150,659,19,7,-1,-1,-2,22,2.2,24,46,4.5,.514,.508,4.6,-0.2,47,$6300000,Amateur Draft,4
101,Damion Easley\easleda01,32,DET,85,346,-6,-1,0,-3,2,-8,-0.7,13,6,0.5,.491,.495,0.8,-0.1,8,$6250000,Traded,4/D
102,Darin Erstad*\erstada01,28,ANA,150,663,-11,5,5,39,2,40,4.1,24,64,6.4,.527,.525,2.5,4.2,26,$6250000,Amateur Draft,*8/3D
103,Rey Ordonez\ordonre01,31,NYM,144,499,-22,1,-1,-5,7,-19,-2.0,16,-3,-0.5,.487,.488,0.0,0.2,2,$6250000,Amateur Free Agent,*6
104,Robert Person\persoro01,32,PHI,17,29,-3,0,0,0,4,1,0.1,0,1,0.1,.508,.501,0.1,0.0,1,$6250000,Traded,1
105,Edgardo Alfonzo\alfoned01,28,NYM,135,562,19,3,1,8,2,33,3.3,18,50,5.0,.525,.521,4.2,1.0,43,$6200000,Amateur Free Agent,*5
106,Shawn Estes\estessh01,29,2TM,30,50,-9,0,0,0,7,-3,-0.3,0,-3,-0.3,.491,.499,-0.3,0.0,-3,$6200000,Traded,/1
107,Dave Mlicki\mlickda01,34,HOU,22,27,-4,0,0,0,4,0,0.0,0,0,0.0,.500,.500,0.0,0.0,0,$6200000,Traded,1
108,Esteban Loaiza\loaizes01,30,TOR,25,6,-1,0,0,0,1,0,0.0,0,0,0.0,.500,.500,0.0,0.0,0,$6050000,Traded,1
109,Moises Alou\aloumo01,35,CHC,132,534,1,1,-1,-9,-5,-13,-1.4,17,4,0.2,.490,.492,1.2,-1.5,13,$6000000,Free Agency,*7/9D8
110,Roberto Hernandez\hernaro01,37,KCR,53,0,0,0,0,0,0,0,0.0,0,0,0.0,.501,.500,0.0,0.0,0,$6000000,Traded,1
111,Jeff Kent\kentje01,34,SFG,152,682,46,1,-2,3,3,51,5.0,20,71,7.0,.534,.532,6.7,0.6,68,$6000000,Traded,*4/3
112,Ryan Klesko*\kleskry01,31,SDP,146,625,40,0,2,-10,-8,24,2.3,19,43,4.2,.517,.515,5.3,-2.0,53,$6000000,Traded,*39/D
113,Javy Lopez\lopezja01,31,ATL,109,385,-16,-1,-2,4,6,-9,-1.0,12,3,0.2,.492,.494,-0.2,1.0,-1,$6000000,Free Agency,2
114,Charles Nagy*\nagych01,35,CLE,20,0,0,0,0,0,0,0,0.0,0,0,0.0,.500,.500,0.0,0.0,0,$6000000,Amateur Draft,1
115,Edgar Renteria\renteed01,25,STL,152,609,13,-1,-2,5,8,23,2.3,19,42,4.2,.516,.515,3.7,1.3,37,$6000000,Traded,*6
116,J.T. Snow*\snowj.01,34,SFG,143,494,-5,-3,0,-3,-6,-18,-1.9,15,-2,-0.4,.487,.489,-0.1,-1.1,1,$5900000,Traded,*3
117,Bobby Higginson*\higgibo02,31,DET,119,499,4,1,0,-3,-5,-4,-0.3,19,15,1.5,.497,.498,1.8,-0.8,18,$5850000,Amateur Draft,*7/D
118,Dustin Hermanson\hermadu01,29,BOS,12,0,0,0,0,0,0,0,0.0,0,0,0.0,.501,.500,0.0,0.0,0,$5833333,Traded,1
119,Jon Lieber*\liebejo01,32,CHC,21,48,-7,0,0,0,7,-1,-0.1,0,-1,-0.1,.497,.500,-0.1,0.0,-1,$5833333,Traded,1
120,Travis Fryman\frymatr01,33,CLE,118,439,-13,1,0,-7,2,-18,-1.7,16,-1,-0.2,.485,.489,0.5,-0.5,6,$5825000,Traded,*5
121,Armando Benitez\benitar01,29,NYM,62,0,0,0,0,0,0,0,0.0,0,0,0.0,.501,.500,0.0,0.0,0,$5812500,Traded,1
122,Tino Martinez*\martiti02,34,STL,150,576,0,0,0,4,-8,-3,-0.4,18,15,1.4,.498,.498,0.9,-0.5,11,$5750000,Free Agency,*3
123,Kevin Young\youngke01,33,PIT,146,525,-6,-2,-1,5,-7,-11,-1.2,16,6,0.4,.492,.493,-0.2,-0.3,0,$5625000,Free Agency,*3
124,John Burkett\burkejo03,37,BOS,29,4,-1,0,0,0,1,-1,-0.1,0,-1,-0.1,.498,.500,-0.1,0.0,-1,$5500000,Free Agency,1
125,Richard Hidalgo\hidalri01,27,HOU,114,439,-7,-3,-2,4,-4,-12,-1.3,14,2,0.0,.489,.492,-0.4,-0.1,-2,$5500000,Amateur Free Agent,*9/8
126,Dmitri Young#\youngdm01,28,DET,54,216,3,1,-2,-1,-4,-4,-0.4,8,4,0.4,.493,.498,0.5,-0.5,5,$5500000,Traded,D3/57
127,Brian Anderson#\anderbr02,30,ARI,38,49,-9,0,1,0,7,-1,-0.1,0,-1,-0.1,.498,.499,-0.1,0.0,-1,$5375000,Expansion Draft,1
128,Steve Finley*\finlest01,37,ARI,150,577,14,1,1,2,3,22,2.2,18,40,3.9,.515,.514,3.7,0.5,37,$5375000,Free Agency,*8
129,Rich Aurilia\aurilri01,30,SFG,133,589,-7,-2,-2,-4,7,-8,-0.9,18,10,0.9,.494,.495,1.3,0.2,14,$5250000,Traded,*6
130,Matt Lawton*\lawtoma02,30,CLE,114,484,4,-2,0,-2,-5,-5,-0.5,18,13,1.3,.496,.497,1.4,-0.6,15,$5250000,Traded,97/D
131,Troy Percival\percitr01,32,ANA,58,0,0,0,0,0,0,0,0.0,0,0,0.0,.501,.500,0.0,0.1,0,$5250000,Amateur Draft,1
132,Mike Timlin\timlimi01,36,2TM,72,6,-2,0,0,0,1,-1,-0.1,0,-1,-0.1,.499,.500,-0.1,0.0,-1,$5250000,Traded,1
133,Scott Erickson\ericksc01,34,BAL,29,4,-1,0,0,0,1,0,0.0,0,0,0.0,.499,.500,0.0,0.0,0,$5142986,Traded,1
134,Kazuhiro Sasaki\sasakka01,34,SEA,61,0,0,0,0,0,0,0,0.0,0,0,0.0,.501,.500,0.0,0.1,0,$5070000,Amateur Free Agent,1
135,Garret Anderson*\anderga01,30,ANA,158,678,21,-3,2,12,-6,26,2.7,25,52,5.1,.516,.516,3.9,0.6,39,$5000000,Amateur Draft,*78D
136,Brad Ausmus\ausmubr01,33,HOU,130,496,-15,0,-4,5,7,-7,-0.9,15,8,0.7,.494,.495,0.2,1.2,3,$5000000,Traded,*2
137,Tony Clark#\clarkto02,30,BOS,90,298,-18,-1,0,3,-4,-21,-2.1,11,-10,-1.0,.476,.487,-1.3,-0.1,-13,$5000000,Waivers,3/D
138,Omar Daal*\daalom01,30,LAD,39,48,-5,0,0,0,7,1,0.1,0,1,0.1,.504,.501,0.1,0.0,1,$5000000,Traded,1
139,Marquis Grissom\grissma02,35,LAD,111,371,11,1,0,-1,0,10,1.0,12,22,2.2,.510,.507,2.3,-0.2,23,$5000000,Traded,87/9
140,Mark Grudzielanek\grudzma01,32,LAD,150,566,-15,-2,-1,8,3,-7,-0.9,18,10,0.9,.495,.495,0.0,1.1,2,$5000000,Traded,*4/D
141,Todd Helton*\heltoto01,28,COL,156,668,39,1,-1,11,-9,42,4.2,21,63,6.3,.528,.527,5.1,0.2,51,$5000000,Amateur Draft,*3
142,Charles Johnson\johnsch04,30,FLA,83,280,-11,-1,-1,1,4,-8,-0.9,9,1,0.0,.490,.495,-0.1,0.5,0,$5000000,Free Agency,2
143,Mark Loretta\loretma01,30,2TM,107,329,4,-1,-1,-6,2,-2,-0.2,10,9,0.8,.498,.497,1.4,-0.5,15,$5000000,Traded,5/64
144,Jose Valentin#\valenjo03,32,CHW,135,527,2,1,1,5,4,14,1.4,20,33,3.3,.510,.508,2.7,1.0,28,$5000000,Traded,56/D
145,Jason Schmidt\schmija01,29,SFG,29,62,-10,0,0,0,9,-1,-0.1,0,-1,-0.1,.497,.499,-0.1,0.0,-1,$4937500,Traded,1
146,Sterling Hitchcock*\hitchst01,31,NYY,20,0,0,0,0,0,0,0,0.0,0,0,0.0,.501,.500,0.0,0.0,0,$4936719,Traded,1
147,Bartolo Colon\colonba01,29,2TM,33,49,-9,0,0,0,7,-2,-0.2,0,-2,-0.2,.494,.499,-0.2,0.0,-2,$4925000,Amateur Free Agent,1
148,Tony Batista\batisto01,28,BAL,161,682,1,0,-2,4,2,6,0.6,26,31,3.0,.503,.503,2.6,0.7,27,$4900000,Waivers,*5/D
149,Mike Bordick\bordimi01,36,BAL,117,413,-11,-2,-1,18,6,9,1.0,15,25,2.4,.508,.506,0.7,2.4,7,$4873439,Free Agency,*6
150,Kirk Rueter*\rueteki01,31,SFG,35,79,-9,-1,1,0,11,2,0.2,0,2,0.2,.506,.501,0.2,0.0,2,$4866667,Traded,1
151,Javier Vazquez\vazquja01,25,MON,34,86,-11,-1,0,0,12,0,0.0,0,0,0.0,.501,.500,0.0,0.0,0,$4725000,Amateur Draft,1
152,Mike Cameron\camermi01,29,SEA,158,640,9,3,1,-3,3,13,1.4,24,37,3.6,.508,.508,3.9,0.1,40,$4666667,Traded,*8/D
153,Royce Clayton\claytro01,32,CHW,112,376,-10,0,0,5,5,-1,0.0,14,13,1.3,.499,.500,0.8,1.0,9,$4500000,Traded,*6
154,Hideo Nomo\nomohi01,33,LAD,34,74,-12,0,0,0,10,-3,-0.3,0,-3,-0.3,.492,.498,-0.3,0.0,-3,$4500000,Free Agency,1
155,B.J. Surhoff*\surhob.01,37,ATL,25,85,0,-1,0,4,-1,2,0.2,3,4,0.4,.506,.501,0.0,0.3,1,$4500000,Traded,3/9
156,Fernando Tatis\tatisfe01,27,MON,114,430,-11,-2,-1,-2,1,-14,-1.6,13,-1,-0.3,.487,.491,-0.1,-0.1,1,$4500000,Traded,5/D
157,Omar Vizquel#\vizquom01,35,CLE,151,663,0,0,1,-2,8,6,0.7,24,31,3.0,.504,.504,3.2,0.6,33,$4500000,Traded,*6
158,Rondell White\whitero02,30,NYY,126,494,-10,1,1,10,-6,-4,-0.4,19,15,1.4,.497,.498,0.4,0.5,4,$4500000,Free Agency,*7D/8
159,Dan Wilson\wilsoda01,33,SEA,115,394,-7,-1,-1,4,6,2,0.2,15,17,1.6,.502,.501,1.2,1.0,13,$4500000,Traded,*2/3
160,Tony Womack*\womacto01,32,ARI,153,652,-21,1,2,-3,8,-14,-1.6,20,6,0.4,.490,.491,0.8,0.4,9,$4500000,Traded,*6/9
161,Luis Gonzalez*\gonzalu01,34,ARI,148,633,20,2,3,-4,-6,15,1.4,20,34,3.3,.510,.509,3.8,-1.1,38,$4333333,Traded,*7
162,Matt Mantei\mantema01,28,ARI,31,0,0,0,0,0,0,0,0.0,0,0,0.0,.501,.500,0.0,0.0,0,$4333333,Traded,1
163,Fernando Vina*\vinafe01,33,STL,150,692,-17,-1,1,2,4,-13,-1.4,20,7,0.5,.491,.492,0.4,0.5,6,$4333333,Traded,*4
164,Jaret Wright\wrighja02,26,CLE,8,0,0,0,0,0,0,0,0.0,0,0,0.0,.501,.500,0.0,0.0,0,$4312500,Amateur Draft,/1
165,Steve Trachsel\trachst01,31,NYM,31,56,-8,0,0,0,8,-1,-0.1,0,-1,-0.1,.497,.499,-0.1,0.0,-1,$4300000,Free Agency,1
166,Alex Gonzalez\gonzaal01,29,CHC,142,568,-6,-1,-1,-14,8,-15,-1.6,18,3,0.1,.489,.491,1.6,-0.7,17,$4250000,Traded,*6
167,Shannon Stewart\stewash01,28,TOR,141,641,14,4,0,3,-8,13,1.4,23,36,3.5,.509,.508,3.2,-0.5,33,$4250000,Amateur Draft,7D
168,Dave Veres\veresda01,35,STL,71,3,0,0,0,0,1,1,0.1,0,1,0.1,.501,.500,0.1,0.0,1,$4250000,Traded,1
169,Jamey Wright\wrighja01,27,2TM,23,45,-6,-1,0,0,6,-1,-0.1,0,-1,-0.1,.497,.500,-0.1,0.0,-1,$4250000,Traded,1
170,Pat Hentgen\hentgpa01,33,BAL,4,0,0,0,0,0,0,0,0.0,0,0,0.0,.501,.500,0.0,0.0,0,$4246877,Free Agency,/1
171,Marvin Benard*\benarma01,31,SFG,65,131,-1,0,0,3,-1,1,0.1,4,5,0.5,.502,.501,0.2,0.1,2,$4200000,Amateur Draft,97/8
172,Jose Mesa\mesajo01,36,PHI,74,0,0,0,0,0,0,0,0.0,0,0,0.0,.501,.500,0.0,0.0,0,$4200000,Free Agency,1
173,Wil Cordero\cordewi01,30,2TM,72,184,0,0,0,1,-2,-1,-0.2,6,4,0.4,.498,.501,0.3,-0.1,3,$4166667,Traded,/73
174,Jeff Suppan\suppaje01,27,KCR,33,5,0,0,0,0,1,1,0.1,0,1,0.1,.503,.501,0.1,0.0,1,$4150000,Purchased,1
175,Danys Baez\baezda01,24,CLE,39,2,-1,0,0,0,0,0,0.0,0,0,0.0,.500,.500,0.0,0.0,0,$4125000,Amateur Free Agent,1
176,Armando Reynoso\reynoar02,36,ARI,2,0,0,0,0,0,0,0,0.0,0,0,0.0,.501,.500,0.0,0.0,0,$4125000,Free Agency,/1
177,Neifi Perez#\perezne01,29,KCR,145,585,-49,0,1,-2,8,-42,-4.2,22,-20,-2.1,.471,.474,-1.9,0.6,-18,$4100000,Traded,*6/4
178,Pedro Astacio\astacpe01,33,NYM,31,69,-9,-1,0,0,10,0,0.0,0,0,0.0,.500,.500,0.0,0.0,0,$4000000,Free Agency,1
179,Sean Casey*\caseyse01,27,CIN,120,476,-11,0,1,6,-6,-10,-1.1,15,5,0.3,.491,.493,-0.3,0.0,-1,$4000000,Traded,3/D
180,Keith Foulke\foulkke01,29,CHW,65,1,0,0,0,0,0,0,0.0,0,0,0.0,.500,.500,0.0,0.1,0,$4000000,Traded,1
181,Brad Fullmer*\fullmbr01,27,ANA,130,479,20,2,1,-1,-11,11,1.2,18,29,2.8,.509,.507,2.9,-1.1,30,$4000000,Traded,D3
182,Doug Glanville\glanvdo01,31,PHI,138,460,-17,2,1,2,2,-10,-1.1,14,4,0.3,.493,.494,0.1,0.3,3,$4000000,Traded,*8
183,Troy Glaus\glaustr01,25,ANA,156,671,8,3,-2,7,3,19,2.0,25,44,4.3,.512,.512,3.6,1.0,37,$4000000,Amateur Draft,*5/6
184,Ben Grieve*\grievbe01,26,TBD,136,561,8,-2,1,-8,-6,-7,-0.7,21,14,1.3,.495,.496,2.1,-1.3,21,$4000000,Traded,*9D
185,Bobby Jones\jonesbo03,32,SDP,19,34,-5,0,0,0,5,-1,-0.1,0,-1,-0.1,.495,.499,-0.1,0.0,-1,$4000000,Free Agency,1
186,Steve Karsay\karsast01,30,NYY,78,1,0,0,0,0,1,0,0.0,0,0,0.0,.500,.500,0.0,0.1,0,$4000000,Free Agency,1
187,Albie Lopez\lopezal02,30,ATL,30,9,-2,0,0,0,1,-1,-0.1,0,-1,-0.1,.498,.500,-0.1,0.0,-1,$4000000,Free Agency,1
188,Eric Milton*\miltoer01,26,MIN,30,5,0,0,0,0,1,1,0.1,0,1,0.1,.503,.501,0.1,0.0,1,$4000000,Traded,1
189,Matt Morris\morrima01,27,STL,32,79,-10,0,1,0,11,1,0.1,0,1,0.1,.505,.501,0.1,0.0,1,$4000000,Amateur Draft,1
190,Joe Randa\randajo01,32,KCR,151,617,-5,0,0,1,1,-4,-0.3,23,19,1.9,.498,.498,1.8,0.2,18,$4000000,Traded,*5D
191,Lee Stevens*\stevele01,34,2TM,116,417,-12,0,0,2,-6,-16,-1.7,14,-2,-0.3,.486,.495,-0.5,-0.5,-4,$4000000,Traded,37/9D
192,Jose Vidro#\vidrojo01,27,MON,152,681,24,2,-1,4,4,33,3.3,20,53,5.3,.522,.521,4.9,0.7,49,$4000000,Amateur Draft,*4
193,Jose Cruz#\cruzjo02,28,TOR,124,522,0,2,1,1,-4,0,0.0,20,19,1.9,.500,.500,1.8,-0.3,19,$3950000,Traded,*798/D
194,Kevin Millwood\millwke01,27,ATL,35,82,-8,0,1,0,11,3,0.3,0,3,0.3,.510,.502,0.3,0.0,3,$3900000,Amateur Draft,1
195,Darrin Fletcher*\fletcda01,35,TOR,45,135,-9,0,0,-1,2,-8,-0.8,5,-3,-0.3,.482,.495,-0.2,0.1,-2,$3825000,Free Agency,2/D
196,Freddy Garcia\garcifr03,25,SEA,34,7,0,0,0,0,1,1,0.1,0,1,0.1,.504,.501,0.1,0.0,1,$3800000,Traded,1
197,Paul Konerko\konerpa01,26,CHW,151,630,18,-2,-3,-7,-9,-2,-0.1,24,22,2.1,.499,.499,2.8,-1.5,28,$3800000,Traded,*3/D
198,Steve Parris\parrist01,34,TOR,14,4,-1,0,0,0,1,-1,-0.1,0,-1,-0.1,.496,.500,-0.1,0.0,-1,$3775000,Traded,1
199,Ichiro Suzuki*\suzukic01,28,SEA,157,728,14,-1,5,-2,-7,11,1.1,25,36,3.5,.507,.506,3.6,-0.8,37,$3696000,Purchased,*9/D8
200,Kerry Wood\woodke02,25,CHC,33,81,-10,1,0,0,11,2,0.2,0,2,0.2,.506,.501,0.2,0.0,2,$3695000,Amateur Draft,1
201,Livan Hernandez\hernali01,27,SFG,36,75,-5,-1,0,0,10,4,0.4,0,4,0.4,.512,.503,0.4,0.0,4,$3625000,Traded,1
202,Miguel Tejada\tejadmi01,28,OAK,162,715,26,3,0,-6,9,32,3.1,26,58,5.6,.519,.519,6.2,0.3,64,$3625000,Amateur Free Agent,*6
203,Antonio Alfonseca\alfonan01,30,CHC,66,3,1,0,0,0,1,1,0.1,0,1,0.1,.502,.501,0.1,0.0,1,$3550000,Traded,1
204,Todd Ritchie\ritchto01,30,CHW,27,5,0,0,0,0,1,1,0.1,0,1,0.1,.503,.500,0.1,0.0,1,$3533333,Traded,1
205,Danny Graves\graveda01,28,CIN,69,8,-2,0,0,0,1,-1,-0.1,0,-1,-0.1,.499,.500,-0.1,0.0,-1,$3525000,Traded,1
206,Carlos Beltran#\beltrca01,25,KCR,162,722,15,6,1,-6,2,18,1.8,26,44,4.3,.511,.511,4.9,-0.3,50,$3500000,Amateur Draft,*8D
207,Jeff Conine\coninje01,36,BAL,116,488,-1,1,0,-4,-7,-11,-1.1,18,7,0.7,.490,.493,1.1,-1.1,11,$3500000,Traded,3/D7
208,Arthur Rhodes*\rhodear01,32,SEA,66,0,0,0,0,0,0,0,0.0,0,0,0.0,.501,.500,0.0,0.1,0,$3500000,Free Agency,1
209,Jason Varitek#\varitja01,30,BOS,132,519,-9,-1,1,4,7,2,0.2,19,21,2.1,.501,.501,1.7,1.2,17,$3500000,Traded,*2/D
210,Preston Wilson\wilsopr01,27,FLA,141,582,1,-1,0,-6,3,-4,-0.5,18,15,1.3,.497,.498,2.0,-0.4,20,$3500000,Traded,*8
211,Chris Carpenter\carpech01,27,TOR,13,2,1,0,0,0,0,1,0.1,0,1,0.1,.508,.501,0.1,0.0,1,$3450000,Amateur Draft,1
212,Bill Mueller#\muellbi02,31,2TM,111,427,-1,2,0,1,2,4,0.3,13,17,1.7,.504,.503,1.5,0.3,16,$3450000,Traded,5
213,Paul Abbott\abbotpa01,34,SEA,7,0,0,0,0,0,0,0,0.0,0,0,0.0,.500,.500,0.0,0.0,0,$3425000,Free Agency,/1
214,Jason Bere\bereja01,31,CHC,16,31,-5,0,0,0,4,-1,-0.1,0,-1,-0.1,.492,.499,-0.1,0.0,-1,$3400000,Free Agency,1
215,Bob Wickman\wickmbo01,33,CLE,36,0,0,0,0,0,0,0,0.0,0,0,0.0,.501,.500,0.0,0.0,0,$3400000,Traded,1
216,Homer Bush\bushho01,29,2TM,63,141,-9,0,1,-3,1,-11,-1.2,5,-7,-0.7,.481,.496,-0.4,-0.3,-3,$3375000,Free Agency,4/6
217,Jose Hernandez\hernajo01,32,MIL,152,582,12,-2,-2,10,8,26,2.7,18,45,4.5,.518,.517,3.4,1.8,34,$3333333,Free Agency,*6
218,Jeff Nelson\nelsoje01,35,SEA,41,0,0,0,0,0,0,0,0.0,0,0,0.0,.501,.500,0.0,0.0,0,$3333333,Free Agency,1
219,Luis Castillo#\castilu01,26,FLA,146,668,-1,5,3,-9,3,2,0.1,19,21,2.0,.501,.501,2.8,-0.6,29,$3325000,Amateur Free Agent,*4
220,John Flaherty\flahejo01,34,TBD,76,303,-9,-1,0,2,5,-4,-0.4,11,8,0.7,.495,.498,0.5,0.7,5,$3250000,Traded,2
221,Terry Mulholland\mulhote01,39,2TM,37,1,0,0,0,0,0,0,0.0,0,0,0.0,.500,.500,0.0,0.0,0,$3250000,Traded,1
222,Paul Shuey\shueypa01,31,2TM,67,3,0,0,0,0,1,1,0.1,0,1,0.1,.501,.500,0.1,0.0,1,$3250000,Amateur Draft,1
223,Orlando Hernandez\hernaor01,36,NYY,24,0,0,0,0,0,0,0,0.0,0,0,0.0,.501,.500,0.0,0.0,0,$3200000,Amateur Free Agent,1
224,Tim Wakefield\wakefti01,35,BOS,45,0,0,0,0,0,0,0,0.0,0,0,0.0,.501,.500,0.0,0.0,0,$3200000,Free Agency,1
225,Geoff Jenkins*\jenkige01,27,MIL,67,272,-1,-1,0,0,-3,-5,-0.6,8,4,0.3,.492,.497,0.3,-0.3,3,$3187500,Amateur Draft,7
226,Mark McLemore#\mclemma01,37,SEA,104,407,7,-2,1,-3,-3,1,0.1,15,16,1.5,.501,.500,1.8,-0.6,19,$3150000,Free Agency,758/D496
227,Derek Lowe\lowede01,29,BOS,32,5,0,0,0,0,1,1,0.1,0,1,0.1,.503,.501,0.1,0.0,1,$3125000,Traded,1
228,Richie Sexson\sexsori01,27,MIL,157,652,21,-1,-1,1,-9,12,1.1,20,32,3.1,.508,.508,3.0,-0.9,31,$3125000,Traded,*3/D
229,J.D. Drew*\drewj.01,26,STL,135,496,6,2,1,9,-4,13,1.3,15,29,2.8,.510,.509,1.9,0.4,20,$3100000,Amateur Draft,*9/8
230,Julian Tavarez*\tavarju01,29,FLA,29,47,-6,0,0,0,7,1,0.1,0,1,0.1,.503,.500,0.1,0.0,1,$3100000,Traded,1
231,Mark Kotsay*\kotsama01,26,SDP,153,646,19,-1,2,-10,3,13,1.2,20,33,3.2,.509,.508,4.3,-0.8,43,$3050000,Traded,*8
232,Vinny Castilla\castivi02,34,ATL,143,578,-27,-1,-2,3,3,-25,-2.8,18,-7,-1.0,.481,.483,-1.3,0.4,-10,$3000000,Free Agency,*5
233,Mark Grace*\gracema01,38,ARI,124,348,-3,-1,0,4,-4,-4,-0.4,11,7,0.7,.497,.498,0.3,-0.1,4,$3000000,Free Agency,3/1
234,Rick Helling\helliri01,31,ARI,30,61,-10,0,0,0,8,-1,-0.1,0,-1,-0.1,.496,.499,-0.1,0.0,-1,$3000000,Free Agency,1
235,Travis Lee*\leetr01,27,PHI,153,592,-6,-2,2,9,-8,-6,-0.8,18,12,1.1,.496,.496,0.2,0.0,3,$3000000,Traded,*3
236,Graeme Lloyd*\lloydgr01,35,2TM,66,4,-1,0,0,0,1,0,0.0,0,0,0.0,.500,.500,0.0,0.0,0,$3000000,Traded,1
237,Steve Sparks\sparkst01,36,DET,32,2,-1,0,0,0,0,0,0.0,0,0,0.0,.500,.500,0.0,0.0,0,$3000000,Free Agency,1
238,Rheal Cormier*\cormirh01,35,PHI,54,4,0,0,0,0,1,1,0.1,0,1,0.1,.502,.501,0.1,0.0,1,$2883333,Free Agency,1
239,Russ Ortiz\ortizru01,28,SFG,33,84,0,0,0,0,12,11,1.1,0,11,1.1,.535,.507,1.1,0.0,11,$2862500,Amateur Draft,1
240,Paul Quantrill*\quantpa01,33,LAD,86,3,0,0,0,0,1,1,0.1,0,1,0.1,.501,.500,0.1,0.0,1,$2833333,Traded,1
241,Greg Swindell\swindgr01,37,ARI,34,0,0,0,0,0,0,0,0.0,0,0,0.0,.501,.500,0.0,0.0,0,$2833333,Free Agency,1
242,Adrian Beltre\beltrad01,23,LAD,159,635,0,-2,0,0,3,1,0.0,20,21,2.0,.501,.501,2.0,0.2,21,$2800000,Amateur Free Agent,*5
243,Jeff Fassero*\fasseje01,39,2TM,73,3,0,0,0,0,1,1,0.1,0,1,0.1,.501,.500,0.1,0.0,1,$2800000,Free Agency,1
244,Tom Gordon\gordoto01,34,2TM,34,1,0,0,0,0,0,0,0.0,0,0,0.0,.500,.500,0.0,0.0,0,$2800000,Free Agency,1
245,Glendon Rusch*\ruschgl01,27,MIL,37,81,-3,0,0,0,11,8,0.8,0,8,0.8,.523,.505,0.8,0.0,8,$2800000,Traded,1
246,LaTroy Hawkins\hawkila01,29,MIN,65,0,0,0,0,0,0,0,0.0,0,0,0.0,.501,.500,0.0,0.1,0,$2750000,Amateur Draft,1
247,Todd Hollandsworth*\hollato01,29,2TM,134,477,-1,-1,1,3,-5,-2,-0.3,16,14,1.3,.498,.500,1.0,-0.2,11,$2750000,Traded,79/8
248,Jason Isringhausen\isrinja01,29,STL,60,0,0,0,0,0,0,0,0.0,0,0,0.0,.501,.500,0.0,0.0,0,$2750000,Free Agency,1
249,Alex Ochoa\ochoaal01,30,2TM,122,325,4,-2,0,5,-4,3,0.3,11,14,1.3,.502,.501,0.8,0.1,9,$2750000,Traded,9/7
250,Terry Adams\adamste01,29,PHI,46,34,-5,0,0,0,5,0,0.0,0,0,0.0,.500,.500,0.0,0.0,0,$2700000,Free Agency,1
251,Kris Benson\bensokr01,27,PIT,27,44,-7,0,0,0,6,0,0.0,0,0,0.0,.500,.500,0.0,0.0,0,$2700000,Amateur Draft,1
252,Carlos Lee\leeca01,26,CHW,140,576,14,-2,1,1,-6,9,1.0,22,31,3.0,.506,.506,2.9,-0.4,29,$2700000,Amateur Free Agent,*7/D
253,Derrek Lee\leede02,26,FLA,162,688,24,0,-1,-5,-9,9,0.9,21,31,3.0,.506,.506,3.5,-1.5,35,$2700000,Traded,*3
254,Trot Nixon*\nixontr01,28,BOS,152,612,5,1,1,6,-6,7,0.8,23,30,2.9,.505,.504,2.3,0.1,24,$2700000,Amateur Draft,*98
255,Damian Miller\milleda02,32,ARI,101,340,-3,0,-2,1,5,1,0.1,11,12,1.1,.501,.501,1.0,0.6,11,$2650000,Expansion Draft,2
256,Sidney Ponson\ponsosi01,25,BAL,28,3,0,0,0,0,1,1,0.1,0,1,0.1,.503,.501,0.1,0.0,1,$2650000,Amateur Free Agent,1
257,Ramiro Mendoza\mendora01,30,NYY,62,1,0,0,0,0,0,0,0.0,0,0,0.0,.500,.500,0.0,0.1,0,$2600000,Amateur Free Agent,1
258,Phil Nevin\nevinph01,31,SDP,107,450,6,0,-1,-1,-1,2,0.1,14,16,1.5,.502,.501,1.7,-0.3,17,$2600000,Traded,53
259,Roy Halladay\hallaro01,25,TOR,34,6,-2,0,0,0,1,-1,-0.1,0,-1,-0.1,.497,.499,-0.1,0.0,-1,$2583333,Amateur Draft,1
260,Cory Lidle\lidleco01,30,OAK,31,2,-1,0,0,0,0,0,0.0,0,0,0.0,.500,.500,0.0,0.0,0,$2550000,Traded,1
261,Felix Rodriguez\rodrife01,29,SFG,71,1,0,0,0,0,0,1,0.1,0,1,0.1,.501,.501,0.1,0.0,1,$2516667,Traded,1
262,Sandy Alomar\alomasa02,36,2TM,89,296,-7,-2,-2,1,5,-5,-0.5,10,5,0.5,.494,.499,0.3,0.6,4,$2500000,Free Agency,2
263,Matt Clement\clemema01,27,CHC,32,75,-14,0,0,0,10,-3,-0.4,0,-3,-0.4,.489,.498,-0.4,0.0,-3,$2500000,Traded,1
264,Marty Cordova\cordoma01,32,BAL,131,513,1,-4,-1,-2,-8,-14,-1.3,19,6,0.5,.490,.492,0.7,-1.0,8,$2500000,Free Agency,7D
265,Brook Fordyce\fordybr01,32,BAL,56,146,-5,0,-1,-4,3,-8,-0.7,5,-2,-0.2,.487,.495,0.2,-0.1,2,$2500000,Traded,2
266,Buddy Groom*\groombu01,36,BAL,70,0,0,0,0,0,0,0,0.0,0,0,0.0,.501,.500,0.0,0.1,0,$2500000,Free Agency,1
267,Mike Matheny\mathemi01,31,STL,110,363,-16,-1,2,6,6,-4,-0.4,11,8,0.7,.497,.498,0.1,1.2,2,$2500000,Free Agency,2/3
268,Brent Mayne*\maynebr01,34,KCR,101,370,-19,0,-1,0,6,-15,-1.4,14,-1,-0.1,.485,.491,-0.1,0.6,-1,$2500000,Traded,2
269,John Rocker\rockejo01,27,TEX,30,0,0,0,0,0,0,0,0.0,0,0,0.0,.501,.500,0.0,0.0,0,$2500000,Traded,1
270,Mike Stanton*\stantmi02,35,NYY,79,2,0,0,0,0,1,1,0.1,0,1,0.1,.501,.501,0.1,0.1,1,$2500000,Free Agency,1
271,Ismael Valdez\valdeis01,28,2TM,31,4,-1,0,0,0,1,-1,-0.1,0,-1,-0.1,.498,.500,-0.1,0.0,-1,$2500000,Traded,/1
272,Gabe White*\whitega01,30,CIN,62,3,-1,0,0,0,1,0,0.0,0,0,0.0,.500,.500,0.0,0.0,0,$2491667,Traded,1
273,Frank Catalanotto*\catalfr01,28,TEX,68,250,3,0,0,-3,-2,-3,-0.3,9,6,0.6,.496,.498,0.9,-0.5,9,$2475000,Traded,743/D
274,Ryan Dempster\dempsry01,25,2TM,35,75,-12,-1,0,0,10,-2,-0.2,0,-2,-0.2,.495,.499,-0.2,0.0,-2,$2475000,Traded,1
275,Billy Koch\kochbi01,27,OAK,84,0,0,0,0,0,0,0,0.0,0,0,0.0,.501,.500,0.0,0.1,0,$2433333,Traded,1
276,Orlando Cabrera\cabreor01,27,MON,153,626,-15,4,0,3,8,-1,-0.2,20,19,1.7,.500,.500,1.4,1.1,16,$2400000,Amateur Free Agent,*6
277,Torii Hunter\hunteto01,26,MIN,148,604,18,0,-2,-6,3,13,1.3,23,36,3.5,.509,.508,4.0,-0.2,41,$2400000,Amateur Draft,*8/D
278,Brian Moehler\moehlbr01,30,2TM,13,16,-3,0,0,0,2,-1,-0.1,0,-1,-0.1,.492,.499,-0.1,0.0,-1,$2400000,Traded,1
279,Roger Cedeno#\cedenro01,27,NYM,149,562,-10,4,1,-4,-5,-14,-1.5,18,4,0.2,.490,.491,0.7,-1.0,8,$2375000,Free Agency,*7
280,Jim Mecir#\mecirji01,32,OAK,61,0,0,0,0,0,0,0,0.0,0,0,0.0,.501,.500,0.0,0.1,0,$2366667,Traded,1
281,Joe Mays#\maysjo01,26,MIN,17,0,0,0,0,0,0,0,0.0,0,0,0.0,.501,.500,0.0,0.0,0,$2350000,Traded,1
282,Jeff Weaver\weaveje01,25,2TM,32,7,0,0,0,0,1,1,0.1,0,1,0.1,.502,.500,0.1,0.0,1,$2350000,Amateur Draft,1
283,Brian Daubach*\daubabr01,30,BOS,137,506,9,-2,-2,3,-8,0,0.0,19,19,1.8,.500,.500,1.5,-0.5,16,$2325000,Free Agency,37D9
284,Kelvim Escobar\escobke01,26,TOR,76,0,0,0,0,0,0,0,0.0,0,0,0.0,.501,.500,0.0,0.1,0,$2300000,Amateur Free Agent,1
285,Mike Lowell\lowelmi01,28,FLA,160,678,11,-2,-2,0,3,10,0.9,21,31,3.0,.506,.506,3.0,0.2,31,$2300000,Traded,*5
286,Mike Fetters\fettemi01,37,2TM,65,0,0,0,0,0,0,0,0.0,0,0,0.0,.501,.500,0.0,0.0,0,$2275000,Traded,1
287,Scott Spiezio#\spiezsc01,29,ANA,153,571,11,-3,-1,5,-8,4,0.5,21,26,2.5,.503,.503,2.0,-0.2,20,$2275000,Free Agency,*35/794
288,Frank Castillo\castifr01,33,BOS,36,2,-1,0,0,0,0,0,0.0,0,0,0.0,.500,.500,0.0,0.0,0,$2250000,Free Agency,1
289,Jay Powell\powelja04,30,TEX,51,0,0,0,0,0,0,0,0.0,0,0,0.0,.501,.500,0.0,0.0,0,$2250000,Free Agency,1
290,Michael Tucker*\tuckemi01,31,KCR,144,543,-9,0,2,0,-6,-14,-1.3,20,7,0.6,.491,.492,0.6,-0.6,7,$2250000,Traded,97D8/34
291,David Wells*\wellsda01,39,NYY,31,5,-1,0,0,0,1,-1,-0.1,0,-1,-0.1,.498,.500,-0.1,0.0,-1,$2250000,Free Agency,1
292,Rich Garces\garceri01,31,BOS,26,0,0,0,0,0,0,0,0.0,0,0,0.0,.501,.500,0.0,0.0,0,$2200000,Free Agency,1
293,Antonio Osuna\osunaan01,29,CHW,59,0,0,0,0,0,0,0,0.0,0,0,0.0,.501,.500,0.0,0.1,0,$2200000,Traded,1
294,Dan Plesac*\plesada01,40,2TM,60,0,0,0,0,0,0,0,0.0,0,0,0.0,.501,.500,0.0,0.0,0,$2200000,Traded,1
295,Scott Sullivan\sullisc01,31,CIN,71,3,0,0,0,0,1,1,0.1,0,1,0.1,.501,.500,0.1,0.0,1,$2200000,Amateur Draft,1
296,Ricky Gutierrez\gutieri01,32,CLE,94,384,-6,-1,0,-9,2,-14,-1.3,14,1,0.1,.486,.492,0.9,-0.6,9,$2166667,Free Agency,4/D
297,Eric Owens\owenser01,31,FLA,131,426,-6,2,3,8,-4,3,0.2,13,16,1.5,.502,.502,0.7,0.4,8,$2166667,Traded,*798
298,Josh Beckett\beckejo02,22,FLA,23,36,-9,0,0,0,5,-4,-0.4,0,-4,-0.4,.483,.498,-0.4,0.0,-4,$2156250,Amateur Draft,1
299,Corey Koskie*\koskico01,29,MIN,140,576,11,-3,-1,10,2,20,2.0,22,41,4.0,.514,.512,3.0,1.3,31,$2150000,Amateur Draft,*5/D
300,Miguel Batista\batismi01,31,ARI,36,56,-7,0,0,0,8,1,0.1,0,1,0.1,.502,.500,0.1,0.0,1,$2125000,Free Agency,1
301,Eric Chavez*\chaveer01,24,OAK,153,653,17,1,1,-2,2,19,1.9,24,43,4.2,.512,.511,4.4,0.0,45,$2125000,Amateur Draft,*5/D7
302,Craig Paquette\paquecr01,33,DET,72,266,-19,0,0,-5,-1,-26,-2.5,10,-16,-1.6,.465,.484,-1.1,-0.5,-11,$2125000,Free Agency,53/D79
303,Aaron Boone\booneaa01,29,CIN,162,685,-3,3,0,8,4,11,1.0,21,32,3.1,.507,.507,2.4,1.1,25,$2100000,Amateur Draft,*56
304,Todd Walker*\walketo04,29,CIN,155,675,2,1,0,-3,4,4,0.3,21,24,2.3,.502,.502,2.6,0.0,27,$2050000,Traded,*4
305,Benito Santiago\santibe01,37,SFG,126,517,4,0,-1,0,7,10,1.0,16,26,2.6,.509,.507,2.6,0.7,26,$2044168,Free Agency,*2
306,Danny Bautista\bautida01,30,ARI,40,166,5,0,1,-3,-1,1,0.1,5,6,0.6,.502,.500,0.9,-0.5,9,$2000000,Free Agency,9/8
307,Dave Burba\burbada01,35,2TM,35,5,-1,0,0,0,1,0,0.0,0,0,0.0,.500,.500,0.0,0.0,0,$2000000,Free Agency,1
308,Chuck Knoblauch\knoblch01,33,KCR,80,336,-21,3,1,1,-3,-19,-1.9,13,-7,-0.7,.476,.488,-0.8,-0.2,-8,$2000000,Free Agency,7/D
309,Mike Remlinger*\remlimi01,36,ATL,73,2,-1,0,0,0,1,0,0.0,0,0,0.0,.500,.500,0.0,0.0,0,$2000000,Traded,1
310,Todd Van Poppel\vanpoto01,30,TEX,50,1,0,0,0,0,0,0,0.0,0,0,0.0,.500,.500,0.0,0.0,0,$2000000,Free Agency,1
311,Gerald Williams\willige02,35,NYY,33,19,-4,0,0,-1,-1,-6,-0.6,1,-5,-0.5,.483,.496,-0.4,-0.2,-4,$2000000,Free Agency,9/78D
312,Mike Williams\willimi03,33,PIT,59,2,0,0,0,0,1,1,0.1,0,1,0.1,.501,.500,0.1,0.0,1,$2000000,Free Agency,1
313,Eric Young\younger01,35,MIL,138,553,-6,1,-1,3,3,-1,-0.2,17,16,1.5,.499,.499,1.2,0.5,13,$2000000,Free Agency,*4/D79
314,Jose Jimenez\jimenjo01,28,COL,74,0,0,0,0,0,0,0,0.0,0,0,0.0,.501,.500,0.0,0.0,0,$1937500,Traded,1
315,Pat Burrell\burrepa01,25,PHI,157,684,35,-1,-2,0,-6,25,2.5,21,46,4.5,.516,.516,4.6,-0.8,46,$1905000,Amateur Draft,*7
316,Rolando Arrojo\arrojro01,36,BOS,29,3,-1,0,0,0,1,0,0.0,0,0,0.0,.499,.500,0.0,0.0,0,$1900000,Traded,1
317,Jason Grimsley\grimsja01,34,KCR,70,0,0,0,0,0,0,0,0.0,0,0,0.0,.501,.500,0.0,0.1,0,$1900000,Free Agency,1
318,Ruben Sierra#\sierrru01,36,SEA,122,452,-3,1,-1,-5,-7,-17,-1.6,17,0,0.0,.486,.490,0.5,-1.2,6,$1900000,Free Agency,7D/9
319,Felix Heredia*\heredfe01,27,TOR,53,0,0,0,0,0,0,0,0.0,0,0,0.0,.501,.500,0.0,0.0,0,$1850000,Traded,1
320,Gabe Kapler\kaplega01,26,2TM,112,342,-8,1,2,2,-3,-6,-0.6,12,6,0.6,.495,.497,0.3,-0.1,4,$1850000,Traded,97/8
321,John Vander Wal*\vandejo02,36,NYY,84,245,0,-1,-1,0,-4,-5,-0.5,9,4,0.4,.494,.497,0.4,-0.4,4,$1850000,Traded,9D/73
322,Jeff D'Amico\d'amije01,26,NYM,29,44,-8,0,0,0,6,-2,-0.2,0,-2,-0.2,.495,.499,-0.2,0.0,-2,$1840000,Traded,1
323,David Weathers\weathda01,32,NYM,71,1,0,0,0,0,0,0,0.0,0,0,0.0,.500,.500,0.0,0.0,0,$1833333,Free Agency,1
324,Elmer Dessens\desseel01,31,CIN,31,57,-6,0,0,0,8,2,0.2,0,2,0.2,.506,.501,0.2,0.0,2,$1825000,Free Agency,1
325,Matt Anderson\anderma01,25,DET,12,0,0,0,0,0,0,0,0.0,0,0,0.0,.501,.500,0.0,0.0,0,$1800000,Amateur Draft,1
326,Greg Colbrunn\colbrgr01,32,ARI,72,185,12,-1,0,-1,-2,8,0.8,6,14,1.3,.511,.505,1.4,-0.4,15,$1800000,Free Agency,3/5D
327,Eddie Guardado\guarded01,31,MIN,68,0,0,0,0,0,0,0,0.0,0,0,0.0,.501,.500,0.0,0.1,0,$1800000,Amateur Draft,1
328,Mark Guthrie\guthrma01,36,NYM,68,2,-1,0,0,0,1,0,0.0,0,0,0.0,.500,.500,0.0,0.0,0,$1800000,Traded,1
329,Jason Johnson\johnsja02,28,BAL,22,3,-1,-1,0,0,1,-1,-0.1,0,-1,-0.1,.497,.500,-0.1,0.0,-1,$1800000,Traded,1
330,David Bell\bellda01,29,SFG,154,628,4,0,-2,9,3,13,1.3,20,33,3.2,.509,.508,2.3,1.1,24,$1750000,Traded,*54/63
331,Placido Polanco\polanpl01,26,2TM,147,595,0,-1,0,14,3,17,1.7,18,36,3.5,.512,.504,2.0,1.7,21,$1750000,Traded,5
332,Pokey Reese\reesepo01,29,PIT,119,475,-15,2,0,6,3,-5,-0.6,15,10,0.9,.496,.497,0.3,0.8,5,$1750000,Free Agency,*4
333,Reggie Sanders\sandere02,34,SFG,140,571,7,2,0,14,-5,18,1.7,18,35,3.5,.513,.511,2.1,0.8,22,$1750000,Free Agency,*9
334,Jason Christiansen\chrisja01,32,SFG,6,0,0,0,0,0,0,0,0.0,0,0,0.0,.501,.500,0.0,0.0,0,$1733333,Traded,/1
335,Alex Gonzalez\gonzaal02,25,FLA,42,172,-7,1,0,2,2,-2,-0.2,5,4,0.3,.496,.499,0.1,0.4,2,$1700000,Amateur Free Agent,6
336,Kerry Ligtenberg\ligteke01,31,ATL,52,0,0,0,0,0,0,0,0.0,0,0,0.0,.501,.500,0.0,0.0,0,$1700000,Purchased,1
337,Danny Patterson\patteda04,31,DET,6,0,0,0,0,0,0,0,0.0,0,0,0.0,.501,.500,0.0,0.0,0,$1700000,Traded,/1
338,Jose Vizcaino#\vizcajo01,34,HOU,125,438,-6,-2,2,-6,4,-8,-0.8,14,6,0.5,.494,.495,1.1,-0.2,12,$1700000,Free Agency,654/3
339,Bob Wells\wellsbo01,35,MIN,48,0,0,0,0,0,0,0,0.0,0,0,0.0,.501,.500,0.0,0.0,0,$1700000,Free Agency,1
340,Ronnie Belliard\belliro01,27,MIL,104,317,-24,-1,0,-7,2,-30,-3.2,10,-20,-2.2,.470,.481,-1.5,-0.5,-13,$1650000,Amateur Draft,45
341,Pedro Borbon\borbope02,34,2TM,72,3,-1,0,0,0,1,0,0.0,0,0,0.0,.500,.500,0.0,0.0,0,$1650000,Conditional Deal,1
342,Tyler Houston*\houstty01,31,2TM,111,345,-1,0,0,-5,1,-6,-0.7,11,5,0.4,.494,.499,0.9,-0.5,10,$1625000,Traded,3/5
343,Juan Encarnacion\encarju01,26,2TM,152,644,2,-3,-1,6,-2,3,0.2,20,23,2.2,.502,.501,1.5,0.3,17,$1550000,Traded,89
344,Mike Myers*\myersmi01,33,ARI,69,0,0,0,0,0,0,0,0.0,0,0,0.0,.501,.500,0.0,0.0,0,$1533333,Traded,1
345,Craig Counsell*\counscr01,31,ARI,112,491,-11,-3,0,13,3,1,0.1,15,16,1.5,.501,.501,0.2,1.7,3,$1516667,Free Agency,564
346,Henry Blanco\blanche01,30,ATL,81,249,-16,-2,0,3,4,-11,-1.2,8,-4,-0.5,.485,.493,-0.8,0.7,-6,$1512500,Traded,2
347,Ricky Bottalico*\bottari01,32,PHI,30,0,0,0,0,0,0,0,0.0,0,0,0.0,.501,.500,0.0,0.0,0,$1500000,Free Agency,1
348,Joe Girardi\girarjo01,37,CHC,90,256,-16,-1,0,0,4,-13,-1.4,8,-5,-0.6,.485,.492,-0.6,0.4,-5,$1500000,Free Agency,2
349,Shane Halter\haltesh01,32,DET,122,458,-4,-2,-1,2,4,-1,-0.1,17,16,1.5,.499,.499,1.4,0.6,14,$1500000,Waivers,65/74D3
350,Shigetoshi Hasegawa\hasegsh01,33,SEA,53,0,0,0,0,0,0,0,0.0,0,0,0.0,.501,.500,0.0,0.0,0,$1500000,Free Agency,1
351,Ricardo Rincon*\rincori01,32,2TM,71,1,0,0,0,0,0,0,0.0,0,0,0.0,.500,.500,0.0,0.1,0,$1500000,Traded,1
352,Bubba Trammell\trammbu01,30,SDP,133,465,6,-1,0,-14,-5,-15,-1.6,14,0,-0.2,.489,.491,1.3,-2.1,14,$1500000,Traded,*97/D
353,Esteban Yan\yanes01,27,TBD,55,0,0,0,0,0,0,0,0.0,0,0,0.0,.501,.500,0.0,0.1,0,$1500000,Expansion Draft,1
354,Cristian Guzman#\guzmacr01,24,MIN,148,656,-18,0,4,-2,8,-9,-0.8,24,15,1.4,.494,.495,1.6,0.6,17,$1425000,Traded,*6/D
355,Jesus Sanchez*\sanchje01,27,CHC,8,1,0,0,0,0,0,0,0.0,0,0,0.0,.499,.500,0.0,0.0,0,$1425000,Traded,/1
356,Mike DeJean\dejeami01,31,MIL,68,1,0,0,0,0,0,0,0.0,0,0,0.0,.500,.500,0.0,0.0,0,$1400000,Traded,1
357,Carlos Guillen#\guillca01,26,SEA,134,528,-2,1,2,-5,7,3,0.3,20,23,2.2,.502,.502,2.7,0.2,27,$1400000,Traded,*6/D
358,John Halama*\halamjo01,30,SEA,31,0,0,0,0,0,0,0,0.0,0,0,0.0,.501,.500,0.0,0.0,0,$1400000,Traded,1
359,Chris Singleton*\singlch01,29,BAL,136,502,-7,5,3,-4,2,0,0.1,19,19,1.8,.500,.500,2.2,-0.1,22,$1400000,Traded,*8/D
360,Tim Worrell\worreti01,34,SFG,80,3,-1,0,0,0,1,0,0.0,0,0,0.0,.500,.500,0.0,0.0,0,$1400000,Traded,1
361,Tsuyoshi Shinjo\shinjts01,30,SFG,118,398,-7,0,0,12,2,7,0.7,12,19,1.9,.506,.504,0.6,1.4,7,$1350000,Traded,*89/7
362,Blake Stein\steinbl01,28,KCR,27,0,0,0,0,0,0,0,0.0,0,0,0.0,.501,.500,0.0,0.0,0,$1350000,Traded,1
363,Al Levine*\levinal01,34,ANA,52,0,0,0,0,0,0,0,0.0,0,0,0.0,.501,.500,0.0,0.0,0,$1325000,Waivers,1
364,Jose Paniagua\paniajo01,28,DET,41,0,0,0,0,0,0,0,0.0,0,0,0.0,.501,.500,0.0,0.0,0,$1325000,Traded,1
365,Carl Pavano\pavanca01,26,2TM,37,45,-5,0,0,0,6,1,0.1,0,1,0.1,.502,.500,0.1,0.0,1,$1312500,Traded,1
366,Desi Relaford#\relafde01,28,SEA,112,376,-4,1,-1,0,1,-2,-0.2,14,12,1.2,.498,.499,1.2,0.1,12,$1275000,Traded,65749/D
367,James Baldwin\baldwja01,30,SEA,30,2,1,0,0,0,0,1,0.1,0,1,0.1,.505,.501,0.1,0.0,1,$1250000,Free Agency,1
368,Dennis Cook*\cookde01,39,ANA,37,0,0,0,0,0,0,0,0.0,0,0,0.0,.501,.500,0.0,0.0,0,$1250000,Free Agency,1
369,Delino DeShields*\deshide01,33,CHC,67,174,-8,3,1,3,1,-1,-0.1,5,5,0.5,.499,.500,0.1,0.4,2,$1250000,Free Agency,4/9
370,Kevin Jarvis*\jarvike01,32,SDP,7,12,0,-1,0,0,2,2,0.2,0,2,0.2,.521,.501,0.2,0.0,2,$1250000,Free Agency,/1
371,Tom Lampkin*\lampkto01,38,SDP,104,327,-8,-1,1,1,5,-2,-0.3,10,8,0.7,.498,.498,0.6,0.6,7,$1250000,Traded,2
372,Chris Stynes\stynech01,29,CHC,98,225,-3,0,0,-3,1,-6,-0.7,7,1,0.0,.494,.496,0.4,-0.2,4,$1250000,Free Agency,54
373,Jay Witasick\witasja01,29,SFG,44,5,-1,0,0,0,1,-1,-0.1,0,-1,-0.1,.499,.500,-0.1,0.0,-1,$1250000,Traded,1
374,Chad Fox\foxch02,31,MIL,3,0,0,0,0,0,0,0,0.0,0,0,0.0,.500,.500,0.0,0.0,0,$1200000,Traded,/1
375,Bob Howry*\howrybo01,28,2TM,67,0,0,0,0,0,0,0,0.0,0,0,0.0,.501,.500,0.0,0.1,0,$1200000,Traded,1
376,Steve Kline#\klinest02,29,STL,66,1,0,0,0,0,0,0,0.0,0,0,0.0,.500,.500,0.0,0.0,0,$1200000,Traded,1
377,Mike Magnante*\magnami01,37,OAK,32,0,0,0,0,0,0,0,0.0,0,0,0.0,.501,.500,0.0,0.0,0,$1200000,Free Agency,1
378,Paul Wilson\wilsopa02,29,TBD,30,6,-1,0,0,0,1,0,0.0,0,0,0.0,.500,.500,0.0,0.0,0,$1200000,Traded,1
379,Michael Barrett\barremi01,25,MON,117,428,-4,0,0,-3,6,-2,-0.2,13,12,1.1,.499,.499,1.4,0.2,15,$1150000,Amateur Draft,*2/3
380,Shawon Dunston\dunstsh01,39,SFG,72,153,-11,0,0,-6,-2,-19,-2.0,5,-14,-1.5,.473,.488,-0.9,-0.8,-8,$1150000,Free Agency,97/8D36
381,Robert Fick*\fickro01,28,DET,148,614,6,0,-3,-2,-6,-5,-0.5,23,18,1.7,.497,.497,1.9,-0.8,20,$1150000,Amateur Draft,*9/D
382,Gregg Zaun#\zaungr01,31,HOU,76,202,-13,0,0,-6,3,-16,-1.8,6,-10,-1.1,.477,.489,-0.5,-0.4,-4,$1150000,Free Agency,2
383,Lenny Harris*\harrile01,37,MIL,122,215,3,0,0,1,-1,2,0.2,7,9,0.9,.502,.502,0.8,-0.1,8,$1100000,Traded,753/D
384,Denny Hocking#\hockide01,32,MIN,102,294,-12,-1,2,-1,3,-10,-1.0,11,1,0.1,.490,.494,0.2,0.2,2,$1100000,Amateur Draft,465/398
385,Chad Kreuter#\kreutch01,37,LAD,41,108,-2,0,0,1,2,0,0.0,3,3,0.3,.499,.500,0.2,0.3,2,$1100000,Free Agency,2
386,John Thomson\thomsjo01,28,2TM,30,62,-7,0,0,0,9,2,0.2,0,2,0.2,.506,.500,0.2,0.0,2,$1100000,Amateur Draft,1
387,Brett Tomko\tomkobr01,29,SDP,32,74,-9,0,1,0,10,2,0.2,0,2,0.2,.506,.501,0.2,0.0,2,$1100000,Traded,1
388,Einar Diaz\diazei01,29,CLE,102,351,-22,0,-1,-2,6,-20,-1.9,13,-7,-0.7,.481,.488,-0.5,0.4,-5,$1087500,Amateur Free Agent,2
389,Jeremy Giambi*\giambje01,27,2TM,124,398,24,0,0,-8,-4,11,1.1,13,24,2.4,.509,.505,3.2,-1.3,33,$1065000,Traded,7/D
390,Orlando Merced#\merceor01,35,HOU,123,281,0,0,0,6,-3,3,0.3,9,12,1.1,.503,.502,0.5,0.2,6,$1050000,Free Agency,97/35D
391,Kenny Lofton*\loftoke01,35,2TM,139,611,5,1,3,5,3,17,1.7,21,38,3.8,.512,.505,3.2,0.8,33,$1025000,Free Agency,8
392,Chris Brock\brockch01,32,BAL,22,2,-1,0,0,0,0,0,0.0,0,0,0.0,.500,.500,0.0,0.0,0,$1000000,Traded,1
393,Chris Gomez\gomezch02,31,TBD,130,498,-8,-2,0,-2,7,-6,-0.5,19,13,1.3,.496,.497,1.5,0.5,15,$1000000,Free Agency,*6
394,Brian Hunter\huntebr02,31,HOU,98,220,0,2,0,1,1,4,0.4,7,11,1.0,.504,.502,1.0,0.1,10,$1000000,Free Agency,8
395,Todd Jones*\jonesto02,34,COL,79,3,-1,0,0,0,1,0,0.0,0,0,0.0,.500,.500,0.0,0.0,0,$1000000,Free Agency,1
396,T.J. Mathews\mathet.01,32,HOU,12,1,0,0,0,0,0,0,0.0,0,0,0.0,.497,.500,0.0,0.0,0,$1000000,Free Agency,1
397,Dan Miceli\micelda01,31,TEX,9,0,0,0,0,0,0,0,0.0,0,0,0.0,.500,.500,0.0,0.0,0,$1000000,Free Agency,/1
398,Orlando Palmeiro*\palmeor01,33,ANA,110,300,0,0,1,2,-4,-1,0.0,11,11,1.0,.500,.500,0.8,-0.1,9,$1000000,Amateur Draft,978/D
399,Rudy Seanez\seaneru01,33,TEX,33,0,0,0,0,0,0,0,0.0,0,0,0.0,.501,.500,0.0,0.0,0,$1000000,Free Agency,1
400,Kelly Stinnett\stinnke01,32,CIN,34,108,-3,0,0,-2,2,-2,-0.3,3,1,0.1,.493,.499,0.3,-0.1,3,$1000000,Free Agency,2
401,Randy Velarde\velarra01,39,OAK,56,155,-2,0,-1,-5,0,-8,-0.7,6,-2,-0.2,.487,.495,0.3,-0.4,3,$1000000,Free Agency,4/3D5
402,Rick White\whiteri01,33,2TM,61,1,0,0,0,0,0,0,0.0,0,0,0.0,.500,.500,0.0,0.0,0,$1000000,Free Agency,1
403,Randy Winn#\winnra01,28,TBD,152,674,23,3,1,-4,2,26,2.6,24,50,4.9,.516,.515,5.2,-0.1,54,$960000,Expansion Draft,*8/9D
404,Sean Lowe\lowese01,31,2TM,51,16,-4,0,0,0,2,-1,-0.1,0,-1,-0.1,.498,.499,-0.1,0.0,-1,$950000,Free Agency,/1
405,David Ortiz*\ortizda01,26,MIN,125,466,10,-3,0,-1,-10,-4,-0.3,17,14,1.3,.497,.498,1.4,-1.0,15,$950000,Traded,D3
406,Mike Benjamin\benjami01,36,PIT,108,130,-17,-2,0,2,2,-15,-1.6,4,-11,-1.2,.486,.490,-1.4,0.4,-13,$925000,Free Agency,564/3D9
407,Armando Rios*\riosar01,30,PIT,76,226,-9,0,-1,2,-2,-11,-1.2,7,-4,-0.5,.485,.493,-0.7,-0.1,-6,$925000,Traded,97
408,Scott Hatteberg*\hattesc01,32,OAK,136,568,14,0,1,7,-9,13,1.3,21,34,3.4,.509,.508,2.7,-0.2,27,$900000,Free Agency,3D
409,Kazuhisa Ishii*\ishiika01,28,LAD,28,56,-10,0,0,0,8,-3,-0.3,0,-3,-0.3,.490,.498,-0.3,0.0,-3,$900000,Free Agency,1
410,Kevin Millar\millake01,30,FLA,126,489,19,-2,-1,0,-5,11,1.0,15,26,2.5,.509,.507,2.6,-0.6,26,$900000,Free Agency,79/D35
411,Herbert Perry\perryhe01,32,TEX,132,496,5,0,-2,-1,1,2,0.3,19,21,2.0,.502,.501,2.2,0.0,22,$900000,Traded,*53/D7
412,Dennys Reyes\reyesde01,25,2TM,58,0,0,0,0,0,0,0,0.0,0,0,0.0,.501,.500,0.0,0.0,0,$900000,Traded,1
413,Garrett Stephenson\stephga01,30,STL,12,15,-3,0,0,0,2,-1,-0.1,0,-1,-0.1,.495,.500,-0.1,0.0,-1,$900000,Traded,1
414,Ron Villone*\villoro01,32,PIT,45,16,-1,0,0,0,2,2,0.2,0,2,0.2,.504,.501,0.2,0.0,2,$900000,Free Agency,1
415,Shane Spencer\spencsh01,30,NYY,94,329,-7,-1,0,0,-4,-13,-1.2,12,0,-0.1,.487,.492,0.0,-0.4,0,$885000,Amateur Draft,97/D
416,Tim Hudson\hudsoti01,26,OAK,34,6,0,0,0,0,1,1,0.1,0,1,0.1,.503,.501,0.1,0.0,1,$875000,Amateur Draft,1
417,Juan Acevedo\aceveju01,32,DET,65,0,0,0,0,0,0,0,0.0,0,0,0.0,.501,.500,0.0,0.1,0,$850000,Free Agency,1
418,Paul Byrd\byrdpa01,31,KCR,33,2,-1,0,0,0,0,0,0.0,0,0,0.0,.500,.500,0.0,0.0,0,$850000,Free Agency,1
419,Raul Casanova#\casanra01,29,2TM,33,100,-6,-2,-1,-1,2,-8,-0.9,3,-5,-0.6,.475,.495,-0.5,0.0,-4,$850000,Free Agency,/2
420,Wilton Guerrero#\guerrwi01,27,2TM,103,156,-12,1,0,-3,1,-12,-1.3,5,-7,-0.8,.488,.496,-0.5,-0.2,-4,$850000,Free Agency,4/65
421,Eli Marrero\marreel01,28,STL,131,446,1,1,0,2,-1,3,0.3,14,17,1.7,.503,.502,1.5,0.0,16,$850000,Amateur Draft,9278/3
422,Dave McCarty\mccarda01,32,2TM,25,74,-6,-1,0,2,-1,-6,-0.6,3,-3,-0.4,.475,.498,-0.5,0.0,-5,$850000,Purchased,/3D
423,Mike Holtz*\holtzmi01,29,2TM,49,2,-1,0,0,0,1,0,0.0,0,0,0.0,.500,.500,0.0,0.0,0,$825000,Free Agency,1
424,Mike Venafro*\venafmi01,28,OAK,47,0,0,0,0,0,0,0,0.0,0,0,0.0,.501,.500,0.0,0.0,0,$812500,Traded,1
425,Luis Alicea#\alicelu01,36,KCR,94,273,-13,0,0,2,0,-11,-1.1,10,-1,-0.1,.488,.493,-0.3,0.2,-3,$800000,Free Agency,45D/3796
426,Bill Haselman\haselbi01,36,TEX,69,193,-8,-1,-1,-2,3,-8,-0.8,7,-1,-0.1,.489,.495,0.1,0.1,1,$800000,Traded,2/D
427,Raul Ibanez*\ibanera01,30,KCR,137,544,12,-1,0,-7,-9,-5,-0.4,20,16,1.5,.497,.497,2.2,-1.5,23,$800000,Free Agency,37D9
428,Braden Looper\loopebr01,27,FLA,78,1,0,0,0,0,1,0,0.0,0,0,0.0,.500,.500,0.0,0.0,0,$800000,Traded,1
429,Mark Mulder*\muldema01,24,OAK,30,5,-1,0,0,0,1,-1,-0.1,0,-1,-0.1,.498,.500,-0.1,0.0,-1,$800000,Amateur Draft,1
430,Greg Myers*\myersgr01,36,OAK,65,170,-2,0,0,1,2,2,0.2,6,8,0.8,.503,.501,0.7,0.4,7,$800000,Free Agency,2/D
431,Olmedo Saenz\saenzol01,31,OAK,68,178,5,-1,0,-3,-2,-1,-0.1,7,5,0.5,.498,.499,0.8,-0.5,8,$800000,Free Agency,35/D
432,Vic Darensbourg*\darenvi01,31,FLA,43,2,-1,0,0,0,0,0,0.0,0,0,0.0,.500,.500,0.0,0.0,0,$775000,Free Agency,1
433,David Dellucci*\delluda01,28,ARI,97,261,-6,-2,-1,-8,-3,-19,-2.0,8,-11,-1.2,.480,.488,-0.4,-1.2,-3,$775000,Expansion Draft,97/D8
434,Carlos Febles\febleca01,26,KCR,119,404,-12,2,0,3,3,-4,-0.4,15,11,1.0,.496,.497,0.7,0.6,8,$775000,Amateur Free Agent,*4/6
435,Ramon Martinez\martira03,29,SFG,72,200,0,1,0,-2,2,1,0.1,6,8,0.7,.502,.501,1.0,0.0,10,$775000,Traded,64/375
436,Terry Shumpert\shumpte01,35,COL,106,268,-12,0,-2,-5,1,-17,-1.8,8,-8,-1.0,.484,.489,-0.5,-0.4,-4,$775000,Free Agency,4/7659
437,Scott Sauerbeck\sauersc01,30,PIT,79,2,-1,0,0,0,1,0,0.0,0,0,0.0,.500,.500,0.0,0.0,0,$766667,Rule 5 Draft,1
438,Byung-Hyun Kim\kimby01,23,ARI,72,2,0,0,0,0,1,1,0.1,0,1,0.1,.501,.500,0.1,0.0,1,$762500,Amateur Free Agent,1
439,Paul Bako*\bakopa01,30,MIL,87,257,-12,-3,1,-4,4,-13,-1.4,8,-5,-0.6,.484,.491,-0.2,0.0,-1,$750000,Traded,2
440,Ron Coomer\coomero01,35,NYY,55,156,-5,-1,-1,-3,-2,-12,-1.2,6,-7,-0.7,.478,.492,-0.3,-0.5,-3,$750000,Free Agency,5D3
441,Mike Difelice\difelmi01,33,STL,70,197,-6,0,0,-2,3,-5,-0.5,6,1,0.1,.493,.497,0.3,0.1,3,$750000,Free Agency,2
442,Ricky Ledee*\ledeeri01,28,PHI,96,241,2,1,0,0,0,4,0.3,8,11,1.1,.504,.502,1.1,0.0,11,$750000,Free Agency,87/9
443,Joe McEwing\mcewijo01,29,NYM,105,214,-15,-1,1,5,-1,-11,-1.2,7,-5,-0.6,.489,.493,-1.1,0.4,-9,$750000,Traded,963457/8
444,Mike Morgan\morgami01,42,ARI,29,0,0,0,0,0,0,0,0.0,0,0,0.0,.501,.500,0.0,0.0,0,$750000,Free Agency,1
445,Enrique Wilson#\wilsoen01,28,NYY,60,119,-10,-1,0,-2,1,-13,-1.2,4,-8,-0.8,.479,.492,-0.6,-0.1,-6,$720000,Traded,56/4D9
446,Jose Cabrera\cabrejo01,30,MIL,50,20,-4,0,0,0,3,-1,-0.1,0,-1,-0.1,.498,.499,-0.1,0.0,-1,$705000,Traded,1
447,Carlos Baerga#\baergca01,33,BOS,73,194,-6,1,0,0,-3,-8,-0.7,7,0,-0.1,.490,.495,-0.1,-0.2,-1,$700000,Free Agency,D4/5
448,Andy Fox*\foxan01,31,FLA,133,502,-12,6,2,-15,6,-12,-1.3,16,4,0.3,.491,.492,1.8,-0.9,18,$700000,Traded,*6/459
449,Luis Lopez#\lopezlu02,31,2TM,58,122,-9,1,0,-1,2,-8,-0.8,5,-4,-0.4,.486,.496,-0.3,0.1,-3,$700000,Free Agency,64/3D
450,CC Sabathia*\sabatc.01,21,CLE,33,6,0,0,0,0,1,1,0.1,0,1,0.1,.502,.500,0.1,0.0,1,$700000,Amateur Draft,1
451,Rey Sanchez\sanchre01,34,BOS,107,386,-12,1,0,8,3,0,0.0,14,14,1.4,.500,.500,0.6,1.1,6,$700000,Free Agency,46
452,Jose Santiago\santijo03,27,PHI,42,3,0,0,0,0,1,0,0.0,0,0,0.0,.501,.500,0.0,0.0,0,$700000,Traded,1
453,Jeff Tam\tamje01,31,OAK,40,0,0,0,0,0,0,0,0.0,0,0,0.0,.501,.500,0.0,0.0,0,$700000,Free Agency,1
454,Doug Creek*\creekdo01,33,2TM,52,1,0,0,0,0,0,0,0.0,0,0,0.0,.500,.500,0.0,0.0,0,$685000,Conditional Deal,1
455,Brian Boehringer#\boehrbr01,33,PIT,70,0,0,0,0,0,0,0,0.0,0,0,0.0,.501,.500,0.0,0.0,0,$675000,Free Agency,1
456,Dave Hansen*\hanseda01,33,LAD,96,135,1,0,0,-1,-1,-1,-0.1,4,3,0.3,.499,.499,0.4,-0.2,4,$675000,Free Agency,35/D
457,Terrence Long*\longte01,26,OAK,162,640,-17,-2,-1,-5,3,-21,-2.0,24,3,0.3,.487,.487,0.7,-0.1,7,$675000,Traded,*8
458,Alberto Castillo\castial01,32,NYY,15,41,-6,0,0,0,1,-5,-0.5,2,-4,-0.4,.464,.497,-0.4,0.1,-4,$650000,Free Agency,2
459,Doug Mirabelli\mirabdo01,31,BOS,57,173,-4,0,-1,2,2,-1,-0.1,6,6,0.5,.499,.499,0.3,0.5,4,$650000,Traded,2/D
460,Todd Pratt\prattto02,35,PHI,39,136,8,-1,1,-1,2,9,0.9,4,13,1.3,.524,.506,1.4,0.1,14,$650000,Traded,2/3
461,Mike Redmond\redmomi01,31,FLA,88,290,-1,-1,1,6,4,9,0.9,9,18,1.8,.511,.506,1.2,1.0,12,$650000,Amateur Free Agent,2/3
462,Jose Silva\silvajo01,28,CIN,12,1,0,0,0,0,0,0,0.0,0,0,0.0,.502,.500,0.0,0.0,0,$650000,Traded,1
463,Alfonso Soriano\soriaal01,26,NYY,156,741,27,5,1,-13,4,24,2.4,25,50,4.8,.515,.515,6.0,-0.9,62,$630000,Purchased,*4/D
464,Alex Cora*\coraal01,26,LAD,115,293,9,2,1,4,4,21,2.1,9,30,3.0,.519,.513,2.6,0.8,26,$625000,Amateur Draft,64
465,Damian Jackson\jacksda04,28,DET,81,274,1,1,1,-2,1,3,0.3,10,13,1.2,.503,.502,1.4,0.0,14,$625000,Traded,4/6D875
466,Keith Osik\osikke01,33,PIT,55,111,-10,0,0,1,1,-8,-0.8,3,-4,-0.5,.485,.495,-0.6,0.2,-5,$625000,Amateur Draft,2/5347
467,Odalis Perez*\perezod01,24,LAD,32,75,-7,0,0,0,10,4,0.4,0,4,0.4,.514,.503,0.4,0.0,4,$625000,Traded,1
468,Benny Agbayani\agbaybe01,30,2TM,61,171,-10,0,0,5,-2,-7,-0.8,6,-1,-0.2,.488,.495,-0.7,0.3,-6,$600000,Waivers,7/98
469,Miguel Cairo\cairomi01,28,STL,108,208,-6,0,0,-1,0,-7,-0.8,6,-1,-0.1,.493,.495,0.0,-0.2,0,$600000,Waivers,74/5693D
470,Deivi Cruz\cruzde01,29,SDP,151,547,-11,-2,-1,-12,7,-19,-2.0,17,-2,-0.4,.487,.488,0.9,-0.6,10,$600000,Free Agency,*6/3
471,Julio Franco\francju01,43,ATL,125,383,-2,0,-1,4,-5,-4,-0.5,12,8,0.7,.497,.497,0.3,-0.2,4,$600000,Purchased,3/D
472,Keith Lockhart*\lockhke01,37,ATL,128,331,-19,-2,0,15,2,-4,-0.5,10,7,0.6,.497,.498,-1.0,1.7,-8,$600000,Free Agency,4/5
473,Juan Pierre*\pierrju01,24,COL,152,640,-25,7,1,3,3,-11,-1.3,20,9,0.7,.492,.493,0.4,0.5,6,$600000,Amateur Draft,*8
474,Albert Pujols\pujolal01,22,STL,157,675,44,2,-2,-4,-6,35,3.4,21,56,5.5,.523,.522,5.9,-1.1,60,$600000,Amateur Draft,*753/D96
475,Rich Rodriguez*\rodriri02,39,TEX,36,0,0,0,0,0,0,0,0.0,0,0,0.0,.501,.500,0.0,0.0,0,$600000,Conditional Deal,1
476,Mark Wohlers\wohlema01,32,CLE,64,0,0,0,0,0,0,0,0.0,0,0,0.0,.501,.500,0.0,0.1,0,$600000,Free Agency,1
477,Tony Graffanino\graffto01,30,CHW,70,259,2,2,1,-1,2,5,0.6,10,15,1.5,.507,.503,1.6,0.1,16,$575000,Traded,54/6
478,Russ Johnson\johnsru01,29,TBD,45,130,-6,1,0,-4,0,-9,-0.8,5,-4,-0.4,.481,.495,0.0,-0.3,0,$575000,Traded,5/D64
479,Ramon Ortiz\ortizra02,29,ANA,32,7,-2,0,0,0,1,-1,-0.1,0,-1,-0.1,.496,.499,-0.1,0.0,-1,$575000,Amateur Free Agent,1
480,Ryan Rupe\rupery01,27,TBD,15,1,0,0,0,0,0,0,0.0,0,0,0.0,.500,.500,0.0,0.0,0,$575000,Amateur Draft,1
481,Hideki Irabu\irabuhi01,33,TEX,38,0,0,0,0,0,0,0,0.0,0,0,0.0,.501,.500,0.0,0.0,0,$550000,Free Agency,1
482,John Valentin\valenjo02,35,NYM,114,242,-3,1,-1,0,0,-3,-0.3,8,5,0.4,.497,.498,0.5,-0.1,5,$550000,Free Agency,635/4D
483,Steve Woodard*\woodast01,27,TEX,14,0,0,0,0,0,0,0,0.0,0,0,0.0,.501,.500,0.0,0.0,0,$550000,Free Agency,1
484,Paul Lo Duca\loducpa01,30,LAD,149,632,3,0,0,2,7,12,1.2,20,32,3.1,.509,.508,2.9,0.9,30,$546667,Amateur Draft,*23/7
485,Greg Norton#\nortogr01,29,COL,113,195,-6,-1,0,-3,0,-11,-1.1,6,-5,-0.6,.490,.493,-0.2,-0.4,-1,$525000,Free Agency,53/7D
486,Lance Berkman#\berkmla01,26,HOU,158,692,41,0,0,-11,-1,28,2.8,21,49,4.8,.518,.518,6.0,-1.4,61,$500000,Amateur Draft,*879
487,Alan Embree*\embreal01,32,2TM,68,0,0,0,0,0,0,0,0.0,0,0,0.0,.501,.500,0.0,0.0,0,$500000,Traded,1
488,Jorge Fabregas*\fabrejo01,32,2TM,65,169,-18,0,0,0,3,-16,-1.6,6,-10,-1.0,.475,.495,-1.0,0.3,-10,$500000,Free Agency,2
489,Andres Galarraga\galaran01,41,MON,104,334,-5,-3,-1,-4,-4,-17,-1.8,10,-7,-0.8,.483,.489,-0.4,-0.9,-2,$500000,Free Agency,3
490,Ron Gant\gantro01,37,SDP,102,353,10,-2,-1,4,-4,8,0.8,11,19,1.9,.508,.505,1.5,0.0,15,$500000,Free Agency,7/9D8
491,Jose Guillen\guilljo01,26,2TM,85,259,-14,-2,-1,-1,-3,-20,-2.1,8,-12,-1.3,.475,.493,-1.2,-0.4,-11,$500000,Free Agency,9/87D
492,Joey Hamilton\hamiljo02,31,CIN,39,33,-3,0,0,0,5,2,0.2,0,2,0.2,.505,.501,0.2,0.0,2,$500000,Free Agency,1
493,Jimmy Haynes\hayneji01,29,CIN,36,72,-9,0,0,0,10,1,0.1,0,1,0.1,.504,.501,0.1,0.0,1,$500000,Free Agency,1
494,Michael Jackson\jacksmi02,37,MIN,58,0,0,0,0,0,0,0,0.0,0,0,0.0,.501,.500,0.0,0.1,0,$500000,Free Agency,1
495,Mike James\jamesmi01,34,COL,13,0,0,0,0,0,0,0,0.0,0,0,0.0,.501,.500,0.0,0.0,0,$500000,Free Agency,1
496,Satoru Komiyama\komiysa01,36,NYM,25,3,0,0,0,0,1,1,0.1,0,1,0.1,.502,.500,0.1,0.0,1,$500000,Purchased,1
497,Darren Lewis\lewisda01,34,CHC,58,91,-4,-1,0,3,-1,-2,-0.2,3,1,0.1,.497,.499,-0.2,0.2,-2,$500000,Free Agency,78/9
498,John Mabry*\mabryjo01,31,2TM,110,234,5,0,0,11,-5,10,1.0,9,19,1.8,.509,.505,0.8,0.5,8,$500000,Traded,379
499,Quinton McCracken#\mccraqu01,31,ARI,123,400,5,-1,1,4,-2,6,0.6,12,19,1.8,.505,.504,1.4,0.1,15,$500000,Free Agency,98/7
500,Kent Mercker*\merckke01,34,COL,58,1,0,0,0,0,0,0,0.0,0,0,0.0,.500,.500,0.0,0.0,0,$500000,Free Agency,1
501,Mike Mordecai\mordemi01,34,2TM,93,176,-9,0,0,-1,2,-8,-0.9,5,-3,-0.4,.491,.497,-0.3,0.0,-2,$500000,Traded,6/53
502,Eddie Perez\perezed02,34,CLE,42,125,-10,0,-1,1,2,-8,-0.8,5,-3,-0.4,.481,.495,-0.5,0.3,-4,$500000,Traded,2
503,Hipolito Pichardo\pichahi01,32,HOU,1,0,0,0,0,0,0,0,0.0,0,0,0.0,.500,.500,0.0,0.0,0,$500000,Free Agency,/1
504,Aramis Ramirez\ramirar01,24,PIT,142,570,-24,-1,-1,-4,2,-28,-3.1,18,-11,-1.3,.479,.482,-0.9,-0.3,-7,$500000,Amateur Free Agent,*5/D
505,Steve Reed\reedst01,37,2TM,65,2,-1,0,0,0,1,0,0.0,0,0,0.0,.500,.500,0.0,0.0,0,$500000,Traded,1
506,Jose Rijo\rijojo01,37,CIN,31,19,-4,0,0,0,3,-1,-0.1,0,-1,-0.1,.496,.499,-0.1,0.0,-1,$500000,Free Agency,1
507,Matt Stairs*\stairma01,34,MIL,107,315,6,-1,0,-4,-4,-3,-0.4,10,6,0.6,.497,.498,1.0,-0.8,11,$500000,Free Agency,97
508,Ramon Hernandez\hernara02,26,OAK,136,457,-15,-2,0,9,8,0,0.0,17,17,1.7,.500,.500,0.8,1.7,8,$497500,Amateur Free Agent,*2
509,Mark Johnson*\johnsma01,34,NYM,42,61,-4,0,0,-2,0,-7,-0.7,2,-5,-0.5,.484,.496,-0.3,-0.3,-3,$475000,Free Agency,3/7
510,Tomas Perez#\perezto03,28,PHI,92,237,-5,2,0,2,2,1,0.0,7,8,0.8,.501,.500,0.6,0.4,6,$475000,Free Agency,456/31
511,Willie Banks\bankswi01,33,BOS,29,0,0,0,0,0,0,0,0.0,0,0,0.0,.501,.500,0.0,0.0,0,$450000,Free Agency,1
512,Dave Berg\bergda01,31,TOR,109,414,-8,-1,1,-3,0,-10,-1.0,16,5,0.5,.491,.494,0.8,-0.2,8,$450000,Free Agency,45639/D7
513,Adrian Brown#\brownad01,28,PIT,91,232,-14,-2,0,1,1,-14,-1.5,7,-7,-0.8,.484,.491,-0.9,0.1,-7,$450000,Amateur Draft,8/9
514,Charles Gipson\gipsoch01,29,SEA,79,84,-2,2,1,1,-2,0,0.0,3,3,0.3,.500,.500,0.2,-0.1,2,$450000,Amateur Draft,79/85D
515,Chris Hammond*\hammoch01,36,ATL,63,2,0,0,0,0,1,1,0.1,0,1,0.1,.501,.500,0.1,0.0,1,$450000,Free Agency,1
516,Donovan Osborne#\osbordo01,33,CHC,11,3,-1,0,0,0,0,0,0.0,0,0,0.0,.496,.500,0.0,0.0,0,$450000,Free Agency,1
517,Eduardo Perez\perezed01,32,STL,96,177,-1,0,-1,1,-2,-2,-0.2,6,4,0.4,.498,.499,0.2,-0.1,3,$450000,Purchased,93/75D
518,Tom Prince\princto01,37,MIN,51,148,-2,-2,0,3,3,2,0.2,6,8,0.8,.504,.501,0.5,0.6,5,$450000,Free Agency,2
519,Jeff Reboulet\rebouje01,38,LAD,38,58,-3,0,0,1,1,-1,-0.1,2,1,0.1,.497,.499,0.0,0.1,0,$450000,Free Agency,4/65D
520,Randy Wolf*\wolfra02,25,PHI,32,75,-7,0,0,0,10,2,0.2,0,2,0.2,.508,.502,0.2,0.0,2,$450000,Amateur Draft,1
521,Octavio Dotel\doteloc01,28,HOU,83,1,0,0,0,0,1,0,0.0,0,0,0.0,.500,.500,0.0,0.0,0,$435000,Traded,1
522,Takahito Nomura*\nomurta01,33,MIL,21,0,0,0,0,0,0,0,0.0,0,0,0.0,.501,.500,0.0,0.0,0,$430000,Free Agency,1
523,Wendell Magee\mageewe01,29,DET,97,364,-9,-2,0,4,1,-7,-0.6,14,7,0.7,.493,.496,0.3,0.5,3,$425000,Traded,8/97D
524,Kyle Farnsworth\farnsky01,26,CHC,45,2,-1,0,0,0,0,0,0.0,0,0,0.0,.500,.500,0.0,0.0,0,$410000,Amateur Draft,1
525,Rafael Furcal#\furcara02,24,ATL,154,693,-14,3,0,12,8,9,0.8,20,29,2.8,.506,.506,1.6,2.0,17,$405000,Amateur Free Agent,*6/4
526,Marlon Anderson*\anderma02,28,PHI,145,592,-12,2,-1,2,3,-5,-0.6,18,14,1.2,.496,.497,1.0,0.5,11,$400000,Amateur Draft,*4
527,Juan Castro\castrju01,30,CIN,54,91,-5,0,0,2,2,-2,-0.2,3,1,0.1,.497,.499,-0.1,0.4,-1,$400000,Traded,64/35
528,Jacob Cruz*\cruzja01,29,DET,35,107,3,0,0,-2,-2,-2,-0.2,4,2,0.2,.495,.499,0.4,-0.4,4,$400000,Free Agency,D/937
529,Benji Gil\gilbe01,29,ANA,61,139,-2,-1,0,6,0,4,0.4,5,9,0.9,.506,.502,0.3,0.6,3,$400000,Free Agency,463/D
530,Dave Hollins#\hollida01,36,PHI,14,18,-2,0,0,1,0,-2,-0.2,1,-1,-0.1,.489,.499,-0.2,0.1,-2,$400000,Free Agency,/3
531,Ed Vosberg*\vosbeed01,40,MON,4,0,0,0,0,0,0,0,0.0,0,0,0.0,.501,.500,0.0,0.0,0,$400000,Free Agency,/1
532,Scott Williamson\willisc01,26,CIN,63,0,0,0,0,0,0,0,0.0,0,0,0.0,.501,.500,0.0,0.0,0,$400000,Amateur Draft,1
533,Brad Penny\pennybr01,24,FLA,24,49,-6,0,0,0,7,1,0.1,0,1,0.1,.505,.501,0.1,0.0,1,$377500,Traded,1
534,Nelson Cruz\cruzne01,29,HOU,43,16,-2,0,0,0,2,0,0.0,0,0,0.0,.501,.500,0.0,0.0,0,$375000,Traded,1
535,Erubiel Durazo*\durazer01,28,ARI,76,276,12,0,1,-3,-4,6,0.6,9,14,1.4,.508,.504,1.7,-0.8,18,$375000,Purchased,3/D9
536,Adam Kennedy*\kennead01,26,ANA,144,509,9,3,1,12,3,29,2.9,19,48,4.7,.520,.517,3.5,1.5,36,$375000,Traded,*4/8D
537,Jose Macias#\maciajo01,30,2TM,123,373,-7,-4,1,3,3,-4,-0.4,12,9,0.8,.497,.500,0.5,0.6,5,$375000,MinorLg Draft,4/859
538,Darrell May*\mayda02,30,KCR,30,5,-1,0,0,0,1,0,0.0,0,0,0.0,.500,.500,0.0,0.0,0,$375000,Free Agency,1
539,Mark Quinn\quinnma01,28,KCR,23,84,-1,0,0,-2,-1,-5,-0.5,3,-2,-0.2,.478,.497,0.0,-0.3,0,$375000,Amateur Draft,9/D
540,Daryle Ward*\wardda01,27,HOU,136,491,-9,-2,0,-14,-4,-30,-3.2,15,-15,-1.7,.477,.481,-0.3,-2.0,-1,$375000,Traded,*7/D
541,Matt Herges*\hergema01,32,MON,62,2,0,0,0,0,1,1,0.1,0,1,0.1,.501,.500,0.1,0.0,1,$370000,Traded,1
542,A.J. Burnett\burnea.01,25,FLA,31,69,-9,-1,0,0,10,0,0.0,0,0,0.0,.501,.500,0.0,0.0,0,$367500,Traded,1
543,Adam Everett\everead01,25,HOU,40,103,-8,0,1,-2,2,-8,-0.9,3,-5,-0.5,.479,.495,-0.3,-0.1,-2,$366750,Traded,6
544,Jay Payton\paytoja01,29,2TM,134,481,14,2,0,9,0,25,2.5,15,40,4.0,.519,.507,3.1,0.9,31,$362500,Traded,78/9
545,Giovanni Carrara\carragi01,34,LAD,63,8,-2,0,0,0,1,0,0.0,0,0,0.0,.500,.500,0.0,0.0,0,$360000,Free Agency,1
546,Vladimir Nunez\nunezvl01,27,FLA,77,5,-1,0,0,0,1,0,0.0,0,0,0.0,.501,.500,0.0,0.0,0,$360000,Traded,1
547,Jimmy Rollins#\rolliji01,23,PHI,154,705,-11,2,1,4,8,5,0.4,20,25,2.4,.503,.503,2.0,1.2,21,$355000,Amateur Draft,*6/4
548,Scott Strickland\stricsc02,26,2TM,69,0,0,0,0,0,0,0,0.0,0,0,0.0,.500,.500,0.0,0.0,0,$355000,Amateur Draft,/1
549,Ben Davis#\davisbe01,25,SEA,80,253,-3,-1,-1,4,4,3,0.3,9,12,1.2,.503,.502,0.8,0.8,8,$350000,Traded,2/3
550,Chris Donnels*\donnech01,36,ARI,74,93,-3,0,0,-1,0,-4,-0.4,3,-1,-0.1,.495,.498,0.0,-0.1,0,$350000,Free Agency,5/3
551,Wiki Gonzalez\gonzawi01,28,SDP,56,194,-5,-1,-1,-1,3,-4,-0.5,6,2,0.1,.492,.497,0.2,0.2,3,$350000,Free Agency,2
552,Rickey Henderson\henderi01,43,BOS,72,222,-1,0,0,-1,-2,-4,-0.4,8,4,0.4,.495,.498,0.6,-0.4,6,$350000,Free Agency,7/D89
553,Wade Miller\millewa04,25,HOU,26,69,-10,-1,0,0,10,-2,-0.2,0,-2,-0.2,.493,.499,-0.2,0.0,-2,$350000,Amateur Draft,1
554,Bengie Molina\molinbe01,27,ANA,122,459,-24,-5,-1,10,7,-13,-1.2,17,4,0.4,.489,.492,-0.6,1.7,-6,$350000,Amateur Free Agent,*2
555,Melvin Mora\morame01,30,BAL,149,652,3,-1,1,21,0,24,2.4,24,48,4.7,.516,.515,2.6,2.1,27,$350000,Traded,7684/9D
556,Eddie Oropesa*\oropeed01,30,ARI,32,0,0,0,0,0,0,0,0.0,0,0,0.0,.501,.500,0.0,0.0,0,$350000,Free Agency,1
557,Tim Raines#\raineti01,42,FLA,98,114,-5,1,0,1,0,-3,-0.4,4,0,0.0,.496,.498,-0.1,0.1,-1,$350000,Free Agency,7/D
558,Jarrod Washburn*\washbja01,27,ANA,32,5,-1,0,0,0,1,0,0.0,0,0,0.0,.501,.500,0.0,0.0,0,$350000,Amateur Draft,1
559,Armando Almanza*\almanar01,29,FLA,51,0,0,0,0,0,0,0,0.0,0,0,0.0,.501,.500,0.0,0.0,0,$346000,Traded,1
560,Mitch Meluskey#\melusmi01,28,DET,8,34,-1,0,0,1,0,1,0.1,1,2,0.2,.509,.500,0.1,0.2,1,$345000,Traded,/2
561,Tony Armas\armasto02,24,MON,29,56,-9,0,0,0,8,-1,-0.1,0,-1,-0.1,.496,.499,-0.1,0.0,-1,$335000,Traded,1
562,Darren Holmes\holmeda01,36,ATL,55,2,-1,0,0,0,1,0,0.0,0,0,0.0,.500,.500,0.0,0.0,0,$325000,Free Agency,1
563,Julio Lugo\lugoju01,26,HOU,88,358,-6,0,1,-3,4,-3,-0.4,11,8,0.7,.496,.498,1.0,0.1,10,$325000,Amateur Draft,6
564,Scott Schoeneweis*\schoesc01,28,ANA,54,2,-1,0,0,0,1,0,0.0,0,0,0.0,.500,.500,0.0,0.1,0,$325000,Amateur Draft,1
565,Cory Bailey\baileco01,31,KCR,37,0,0,0,0,0,0,0,0.0,0,0,0.0,.501,.500,0.0,0.0,0,$320000,Free Agency,1
566,Mark Johnson*\johnsma02,26,CHW,86,302,-16,1,0,2,5,-8,-0.8,11,3,0.3,.491,.495,0.1,0.7,1,$320000,Amateur Draft,2
567,Geoff Blum#\blumge01,29,HOU,130,421,2,0,-1,4,1,6,0.6,13,19,1.8,.505,.504,1.5,0.5,15,$315000,Traded,5/79634
568,Jacque Jones*\jonesja05,27,MIN,149,626,22,0,1,15,-6,32,3.2,23,56,5.4,.521,.519,4.0,1.0,40,$312500,Amateur Draft,*7/D
569,Mark Buehrle*\buehrma01,23,CHW,34,6,-1,0,0,0,1,0,0.0,0,0,0.0,.500,.500,0.0,0.0,0,$310000,Amateur Draft,1
570,Doug Davis\davisdo02,26,TEX,10,0,0,0,0,0,0,0,0.0,0,0,0.0,.501,.500,0.0,0.0,0,$310000,Amateur Draft,1
571,Dan Reichert\reichda01,25,KCR,30,0,0,0,0,0,0,0,0.0,0,0,0.0,.501,.500,0.0,0.0,0,$310000,Amateur Draft,1
572,Justin Speier\speieju01,28,COL,63,3,0,0,0,0,1,1,0.1,0,1,0.1,.501,.500,0.1,0.0,1,$310000,Waivers,1
573,Jimmy Anderson*\anderji02,26,PIT,28,47,-7,0,0,0,7,0,-0.1,0,0,-0.1,.499,.500,-0.1,0.0,0,$305000,Amateur Draft,1
574,Jason LaRue\larueja01,28,CIN,113,397,-7,-1,-2,1,6,-2,-0.3,12,10,0.9,.498,.498,0.8,0.7,9,$305000,Amateur Draft,*2
575,Calvin Murray\murraca01,30,2TM,48,99,-8,2,0,0,0,-5,-0.5,4,-2,-0.2,.489,.498,-0.2,0.0,-1,$305000,Amateur Draft,/789
576,Bruce Chen*\chenbr01,25,3TM,55,17,-1,0,0,0,3,2,0.2,0,2,0.2,.504,.500,0.2,0.0,2,$300000,Traded,1
577,Mike Colangelo\colanmi01,25,OAK,20,26,-3,0,0,-1,-1,-4,-0.4,1,-3,-0.3,.480,.498,-0.2,-0.2,-2,$300000,Free Agency,7/98
578,Aaron Fultz*\fultzaa01,28,SFG,44,1,0,0,0,0,0,0,0.0,0,0,0.0,.500,.500,0.0,0.0,0,$300000,Free Agency,1
579,Eric Gagne\gagneer01,26,LAD,77,1,0,0,0,0,1,0,0.0,0,0,0.0,.500,.500,0.0,0.0,0,$300000,Amateur Free Agent,1
580,Jerry Hairston\hairsje02,26,BAL,122,479,-2,4,1,3,3,9,0.9,18,27,2.6,.507,.505,2.3,0.6,24,$300000,Amateur Draft,*4
581,Trent Hubbard\hubbatr01,38,SDP,89,144,-5,-1,0,-4,-1,-11,-1.2,4,-7,-0.7,.487,.493,-0.3,-0.6,-2,$300000,Free Agency,987/54D
582,Ray King*\kingra01,28,MIL,76,0,0,0,0,0,0,0,0.0,0,0,0.0,.501,.500,0.0,0.0,0,$300000,Traded,1
583,Mike Matthews*\matthmi01,28,2TM,47,7,-1,0,0,0,1,0,0.0,0,0,0.0,.501,.500,0.0,0.0,0,$300000,Traded,/1
584,Roy Oswalt\oswalro01,24,HOU,35,89,-13,0,0,0,12,0,0.0,0,0,0.0,.499,.500,0.0,0.0,0,$300000,Amateur Draft,1
585,Mark Redman*\redmama01,28,DET,30,5,0,0,0,0,1,1,0.1,0,1,0.1,.502,.500,0.1,0.0,1,$300000,Traded,1
586,Chris Richard*\richach01,28,BAL,50,171,-4,-3,0,2,-4,-9,-0.9,6,-2,-0.3,.482,.495,-0.5,-0.2,-5,$300000,Traded,D/3
587,Henry Rodriguez*\rodrihe02,34,MON,20,25,-4,0,0,-2,0,-6,-0.6,1,-5,-0.5,.471,.496,-0.3,-0.2,-3,$300000,Free Agency,/79
588,B.J. Ryan*\ryanb.01,26,BAL,67,1,0,0,0,0,0,0,0.0,0,0,0.0,.500,.500,0.0,0.1,0,$300000,Traded,1
589,Mark Sweeney*\sweenma01,32,SDP,48,69,-6,0,0,0,-1,-7,-0.8,2,-5,-0.5,.485,.495,-0.5,-0.1,-4,$300000,Free Agency,3/9D
590,Donne Wall\walldo01,34,ANA,17,0,0,0,0,0,0,0,0.0,0,0,0.0,.501,.500,0.0,0.0,0,$300000,Free Agency,1
591,Masato Yoshii\yoshima01,37,MON,31,44,-7,0,0,0,6,-1,-0.1,0,-1,-0.1,.496,.499,-0.1,0.0,-1,$300000,Free Agency,1
592,Frank Menechino\menecfr01,31,OAK,38,154,-4,0,0,-3,1,-6,-0.6,6,0,0.0,.484,.496,0.3,-0.2,3,$295000,MinorLg Draft,4/56D
593,Tanyon Sturtze\sturtta01,31,TBD,33,5,-1,0,0,0,1,0,0.0,0,0,0.0,.499,.500,0.0,0.0,0,$295000,Traded,1
594,Barry Zito*\zitoba01,24,OAK,35,6,-2,0,0,0,1,-1,-0.1,0,-1,-0.1,.498,.500,-0.1,0.0,-1,$295000,Amateur Draft,1
595,Gary Bennett\bennega01,30,COL,90,314,-14,-3,-1,-4,5,-17,-1.8,10,-7,-0.8,.481,.489,-0.4,0.1,-3,$290000,Traded,2
596,Lou Merloni\merlolo01,31,BOS,84,222,-2,-1,0,6,2,5,0.5,8,13,1.3,.506,.503,0.7,0.8,7,$290000,Free Agency,4/56379
597,Ben Sheets\sheetbe01,23,MIL,34,76,-14,0,0,0,11,-3,-0.3,0,-3,-0.3,.491,.498,-0.3,0.0,-3,$290000,Amateur Draft,1
598,Randall Simon*\simonra01,27,DET,130,506,5,-1,0,-8,-10,-13,-1.3,19,6,0.5,.490,.492,1.3,-1.7,14,$290000,Free Agency,D3
599,Jeff Liefer*\liefeje01,27,CHW,76,224,-6,-1,0,4,-4,-8,-0.7,8,1,0.1,.490,.495,-0.3,0.0,-3,$285000,Amateur Draft,379/D
600,Doug Mientkiewicz*\mientdo01,28,MIN,143,554,1,-2,2,1,-8,-6,-0.5,21,15,1.5,.496,.497,1.4,-0.7,15,$285000,Amateur Draft,*3
601,Brian Tollberg\tollbbr01,29,SDP,12,22,-2,0,0,0,3,0,0.0,0,0,0.0,.503,.500,0.0,0.0,0,$285000,Free Agency,1
602,Kelly Wunsch*\wunscke01,29,CHW,50,0,0,0,0,0,0,0,0.0,0,0,0.0,.501,.500,0.0,0.0,0,$285000,Free Agency,1
603,Steve Cox*\coxst01,27,TBD,148,633,-7,0,-1,-2,-10,-19,-1.8,24,5,0.5,.488,.489,0.6,-1.1,7,$280000,Expansion Draft,*3D
604,Adam Eaton\eatonad01,24,SDP,6,10,-1,0,0,0,1,0,0.0,0,0,0.0,.496,.500,0.0,0.0,0,$280000,Traded,/1
605,David Eckstein\eckstda01,27,ANA,152,702,6,3,2,10,8,29,2.9,24,54,5.2,.519,.518,4.3,1.8,44,$280000,Waivers,*6/D
606,Scott Eyre*\eyresc01,30,2TM,70,0,0,0,0,0,0,0,0.0,0,0,0.0,.501,.500,0.0,0.0,0,$280000,Waivers,1
607,Robert Machado\macharo01,29,2TM,73,233,-5,0,-1,2,3,-1,-0.1,7,7,0.6,.499,.499,0.5,0.5,5,$277500,Free Agency,2/3
608,Chad Durbin\durbich01,24,KCR,2,0,0,0,0,0,0,0,0.0,0,0,0.0,.501,.500,0.0,0.0,0,$275000,Amateur Draft,/1
609,Jon Garland\garlajo01,22,CHW,33,3,-1,0,0,0,1,0,0.0,0,0,0.0,.499,.500,0.0,0.0,0,$275000,Traded,1
610,Warren Morris*\morriwa02,28,MIN,4,7,-2,0,0,1,0,-1,-0.1,0,-1,-0.1,.478,.499,-0.2,0.1,-1,$275000,Free Agency,/4
611,Kip Wells\wellski01,25,PIT,34,76,-9,0,1,0,11,2,0.2,0,2,0.2,.505,.501,0.2,0.0,2,$272500,Traded,1
612,Tom Davey\daveyto01,28,SDP,19,0,0,0,0,0,0,0,0.0,0,0,0.0,.501,.500,0.0,0.0,0,$270000,Traded,1
613,Calvin Maduro\madurca01,27,BAL,12,0,0,0,0,0,0,0,0.0,0,0,0.0,.501,.500,0.0,0.0,0,$270000,Free Agency,1
614,Chris Truby\trubych01,28,2TM,124,404,-28,1,0,-3,2,-29,-3.0,14,-15,-1.6,.476,.488,-1.3,-0.1,-12,$270000,Traded,5
615,Luke Prokopec*\prokolu01,24,TOR,22,0,0,0,0,0,0,0,0.0,0,0,0.0,.501,.500,0.0,0.0,0,$268000,Traded,1
616,Mike Lincoln\lincomi01,27,PIT,55,5,-1,0,0,0,1,-1,-0.1,0,-1,-0.1,.499,.500,-0.1,0.0,-1,$267500,Free Agency,1
617,Kevin Walker*\walkeke02,25,SDP,11,0,0,0,0,0,0,0,0.0,0,0,0.0,.501,.500,0.0,0.0,0,$267000,Amateur Draft,1
618,Jolbert Cabrera\cabrejo02,29,2TM,48,94,-10,0,-1,-3,-1,-15,-1.5,3,-12,-1.2,.469,.492,-0.8,-0.4,-8,$266000,Free Agency,89/74D
619,Ben Petrick\petribe01,25,COL,38,106,-4,0,0,-1,0,-4,-0.5,3,-1,-0.1,.488,.497,-0.1,-0.1,0,$265000,Amateur Draft,72/8
620,Gene Stechschulte\stechge01,28,STL,29,2,-1,0,0,0,0,0,0.0,0,0,0.0,.500,.500,0.0,0.0,0,$265000,Amateur Free Agent,1
621,Shea Hillenbrand\hillesh02,26,BOS,156,676,8,0,0,6,3,18,1.8,25,43,4.2,.511,.511,3.6,0.9,37,$260000,Free Agency,*5
622,A.J. Hinch\hincha.01,28,KCR,72,220,-2,-1,1,-4,4,-3,-0.3,8,5,0.5,.496,.498,0.9,0.0,9,$260000,Traded,2
623,Danny Kolb\kolbda01,27,TEX,34,0,0,0,0,0,0,0,0.0,0,0,0.0,.501,.500,0.0,0.0,0,$260000,Amateur Draft,1
624,Willis Roberts\roberwi01,27,BAL,66,0,0,0,0,0,0,0,0.0,0,0,0.0,.501,.500,0.0,0.1,0,$260000,Free Agency,1
625,Roosevelt Brown*\brownro02,26,CHC,111,231,-11,-1,0,-3,-2,-16,-1.7,7,-9,-1.0,.485,.490,-0.7,-0.5,-5,$255000,MinorLg Draft,78/9D
626,Hector Mercado*\mercahe01,28,PHI,31,4,0,0,0,0,1,0,0.0,0,0,0.0,.501,.500,0.0,0.0,0,$255000,Traded,1
627,Joel Pineiro\pineijo01,23,SEA,37,7,-1,0,0,0,1,0,0.0,0,0,0.0,.500,.500,0.0,0.0,0,$255000,Amateur Draft,1
628,Lou Pote\potelo01,30,ANA,31,0,0,0,0,0,0,0,0.0,0,0,0.0,.501,.500,0.0,0.0,0,$255000,Free Agency,1
629,Donnie Sadler\sadledo01,27,2TM,73,109,-13,1,1,0,0,-11,-1.1,4,-7,-0.7,.485,.497,-0.7,0.1,-7,$255000,Free Agency,57/496D
630,Bob Smith\smithbo06,28,TBD,18,66,-7,0,0,0,0,-8,-0.8,2,-5,-0.6,.455,.495,-0.5,-0.1,-5,$255000,Expansion Draft,5/3D79
631,Jason Boyd\boydja02,29,SDP,23,0,0,0,0,0,0,0,0.0,0,0,0.0,.501,.500,0.0,0.0,0,$253000,Free Agency,1
632,Ruben Quevedo\queveru01,23,MIL,26,47,-9,0,-1,0,7,-3,-0.3,0,-3,-0.3,.488,.498,-0.3,0.0,-3,$252500,Traded,1
633,Chris Reitsma\reitsch01,24,CIN,32,38,-7,0,0,0,5,-2,-0.2,0,-2,-0.2,.495,.499,-0.2,0.0,-2,$252000,Traded,1
634,Russell Branyan*\branyru01,26,2TM,134,435,-1,-1,1,-6,-4,-11,-1.1,15,4,0.3,.492,.498,1.0,-1.1,10,$251000,Traded,735/D
635,Peter Bergeron*\bergepe01,24,MON,31,148,-7,1,1,-2,1,-7,-0.7,4,-3,-0.3,.477,.496,-0.1,-0.2,-1,$250000,Traded,8
636,Rocky Biddle\biddlro01,26,CHW,44,0,0,0,0,0,0,0,0.0,0,0,0.0,.501,.500,0.0,0.0,0,$250000,Amateur Draft,1
637,Jim Brower\broweji01,29,2TM,52,10,-2,0,0,0,2,0,0.0,0,0,0.0,.499,.500,0.0,0.0,0,$250000,Traded,1
638,Lou Collier\collilo01,28,MON,13,14,-2,1,0,-1,0,-3,-0.3,0,-2,-0.2,.479,.498,-0.1,-0.1,-1,$250000,Traded,/87459
639,Adam Dunn*\dunnad01,22,CIN,158,676,17,-2,0,-5,-8,3,0.2,21,24,2.3,.502,.502,2.8,-1.5,29,$250000,Amateur Draft,*739/D
640,Ryan Franklin\frankry01,29,SEA,41,0,0,0,0,0,0,0,0.0,0,0,0.0,.501,.500,0.0,0.0,0,$250000,Amateur Draft,1
641,Wes Helms\helmswe01,26,ATL,85,231,-6,0,0,2,-3,-7,-0.8,7,1,0.0,.492,.496,-0.2,-0.1,-1,$250000,Amateur Draft,35/79
642,Mark Little\littlma01,29,3TM,79,154,-9,0,0,4,-1,-6,-0.7,5,-1,-0.2,.492,.498,-0.6,0.2,-5,$250000,Traded,/978
643,A.J. Pierzynski*\pierza.01,25,MIN,130,469,3,-2,0,-1,7,6,0.7,18,24,2.3,.505,.504,2.4,0.6,25,$250000,Amateur Draft,*2
644,Kerry Robinson*\robinke02,28,STL,124,195,-8,0,2,4,-2,-4,-0.5,6,2,0.1,.497,.497,-0.3,0.2,-2,$250000,Free Agency,798/D
645,Jason Tyner*\tynerja01,25,TBD,44,180,-16,2,1,0,-2,-15,-1.5,7,-8,-0.9,.466,.491,-0.8,-0.2,-8,$250000,Traded,7/8D
646,Shawn Wooten\wootesh01,29,ANA,49,121,-1,0,0,1,-3,-3,-0.3,5,1,0.1,.493,.498,0.0,-0.2,0,$250000,Free Agency,D3/25
647,Michael Young\youngmi02,25,TEX,156,633,-15,0,0,8,4,-3,-0.2,24,21,2.0,.498,.498,1.2,1.3,12,$250000,Traded,*46/5D
648,Bob File\filebo01,25,TOR,5,0,0,0,0,0,0,0,0.0,0,0,0.0,.500,.500,0.0,0.0,0,$245000,Amateur Draft,/1
649,Luther Hackman\hackmlu01,27,STL,43,17,-3,0,0,0,3,-1,-0.1,0,-1,-0.1,.499,.500,-0.1,0.0,-1,$245000,Traded,1
650,Brian Lesher\leshebr01,31,TOR,24,43,-5,0,0,2,-1,-5,-0.5,2,-4,-0.4,.478,.497,-0.5,0.1,-5,$245000,Free Agency,3/D79
651,Jose Nunez*\nunezjo02,23,SDP,1,0,0,0,0,0,0,0,0.0,0,0,0.0,.500,.500,0.0,0.0,0,$245000,Waivers,/1
652,Vicente Padilla\padilvi01,24,PHI,32,67,-15,0,0,0,9,-6,-0.6,0,-6,-0.6,.480,.496,-0.6,0.0,-6,$245000,Traded,1
653,Cliff Politte\politcl01,28,2TM,68,1,0,0,0,0,0,0,0.0,0,0,0.0,.500,.500,0.0,0.1,0,$245000,Traded,1
654,Josh Towers\towerjo01,25,BAL,5,0,0,0,0,0,0,0,0.0,0,0,0.0,.500,.500,0.0,0.0,0,$245000,Amateur Draft,/1
655,Lorenzo Barcelo\barcelo01,24,CHW,4,0,0,0,0,0,0,0,0.0,0,0,0.0,.501,.500,0.0,0.0,0,$240000,Traded,/1
656,Dave Coggin\coggida01,25,PHI,38,11,-2,0,0,0,2,-1,-0.1,0,-1,-0.1,.498,.500,-0.1,0.0,-1,$240000,Amateur Draft,1
657,Gary Glover\glovega01,25,CHW,41,1,0,0,0,0,0,0,0.0,0,0,0.0,.500,.500,0.0,0.0,0,$240000,Traded,1
658,D'Angelo Jimenez#\jimend'01,24,2TM,114,482,-5,2,1,7,3,7,0.6,15,23,2.1,.506,.500,1.5,0.9,16,$240000,Traded,46/5
659,Jose Nieves\nievejo01,27,ANA,45,100,-3,0,0,-6,1,-8,-0.8,4,-5,-0.5,.482,.495,0.2,-0.5,2,$240000,Traded,46/53D89
660,Tomo Ohka#\ohkato01,26,MON,32,67,-10,-1,0,0,9,-2,-0.2,0,-2,-0.2,.494,.499,-0.2,0.0,-2,$240000,Traded,1
661,Augie Ojeda#\ojedaau01,27,CHC,30,81,-7,1,0,0,1,-5,-0.5,3,-3,-0.3,.482,.497,-0.3,0.1,-2,$240000,Traded,64/5
662,John Riedling\riedljo01,26,CIN,33,1,0,0,0,0,0,0,0.0,0,0,0.0,.500,.500,0.0,0.0,0,$240000,Free Agency,1
663,Luis Rivas\rivaslu01,22,MIN,93,346,-9,2,-1,-8,2,-14,-1.4,13,-1,-0.2,.485,.491,0.7,-0.6,7,$240000,Amateur Free Agent,4
664,Ben Weber\weberbe01,32,ANA,63,0,0,0,0,0,0,0,0.0,0,0,0.0,.501,.500,0.0,0.1,0,$240000,Waivers,1
665,Kris Wilson\wilsokr01,25,KCR,12,0,0,0,0,0,0,0,0.0,0,0,0.0,.501,.500,0.0,0.0,0,$240000,Amateur Draft,1
666,Erik Hiljus\hiljuer01,29,OAK,9,0,0,0,0,0,0,0,0.0,0,0,0.0,.500,.500,0.0,0.0,0,$237500,Free Agency,/1
667,Gary Matthews#\matthga02,27,2TM,111,398,7,1,3,3,-4,10,1.0,15,25,2.4,.508,.506,2.1,0.0,22,$237500,Traded,987/D
668,Ted Lilly*\lillyte01,26,2TM,22,3,-1,0,0,0,1,0,0.0,0,0,0.0,.498,.500,0.0,0.0,0,$237150,Traded,1
669,Joe Borowski\borowjo01,31,CHC,73,7,0,0,0,0,1,1,0.1,0,1,0.1,.501,.500,0.1,0.0,1,$235000,Free Agency,1
670,Chad Bradford\bradfch01,27,OAK,75,0,0,0,0,0,0,0,0.0,0,0,0.0,.501,.500,0.0,0.1,0,$235000,Traded,1
671,Jay Canizaro\canizja01,28,MIN,38,126,-8,-1,1,-1,1,-9,-0.9,5,-4,-0.4,.478,.495,-0.3,0.0,-3,$235000,Free Agency,4/5
672,Shawn Chacon\chacosh01,24,COL,21,37,-4,0,0,0,5,2,0.2,0,2,0.2,.508,.501,0.2,0.0,2,$235000,Amateur Draft,1
673,Kane Davis\daviska01,27,NYM,16,0,0,0,0,0,0,0,0.0,0,0,0.0,.501,.500,0.0,0.0,0,$235000,Traded,1
674,Brandon Duckworth\duckwbr01,26,PHI,30,59,-4,0,-1,0,8,3,0.3,0,3,0.3,.510,.502,0.3,0.0,3,$235000,Amateur Free Agent,1
675,Brian Lawrence\lawrebr02,26,SDP,35,71,-11,0,0,0,10,-1,-0.1,0,-1,-0.1,.497,.499,-0.1,0.0,-1,$235000,Amateur Draft,1
676,Bret Prinz\prinzbr01,25,ARI,20,0,0,0,0,0,0,0,0.0,0,0,0.0,.501,.500,0.0,0.0,0,$235000,Amateur Draft,1
677,Britt Reames\reamebr01,28,MON,42,11,-2,0,0,0,2,0,0.0,0,0,0.0,.499,.500,0.0,0.0,0,$235000,Traded,1
678,Scott Stewart\stewasc01,26,MON,67,2,-1,0,0,0,1,0,0.0,0,0,0.0,.500,.500,0.0,0.0,0,$235000,Free Agency,1
679,Chris Woodward\woodwch01,26,TOR,90,350,0,1,0,6,4,11,1.1,13,24,2.3,.512,.506,1.7,1.0,18,$235000,Amateur Draft,6/435D
680,David Williams*\willida07,23,PIT,10,16,-2,0,0,0,2,0,0.0,0,0,0.0,.503,.500,0.0,0.0,0,$234000,Amateur Draft,/1
681,Jose Acevedo\acevejo01,24,CIN,6,10,-1,0,0,0,1,1,0.1,0,1,0.1,.511,.500,0.1,0.0,1,$233000,Amateur Free Agent,/1
682,Brady Clark\clarkbr02,29,2TM,61,87,-5,-1,0,-1,0,-8,-0.8,3,-5,-0.6,.487,.495,-0.5,-0.1,-4,$233000,Free Agency,7/98
683,Jay Gibbons*\gibboja01,25,BAL,136,541,5,0,1,-3,-7,-3,-0.3,20,17,1.6,.498,.498,1.9,-0.9,20,$232500,Rule 5 Draft,93D
684,Jose Ortiz\ortizjo04,25,COL,65,215,-12,1,0,2,1,-8,-0.9,7,-1,-0.2,.487,.495,-0.4,0.3,-3,$232000,Traded,4/5
685,Jack Wilson\wilsoja02,24,PIT,147,586,-21,2,2,11,7,2,0.1,18,20,1.9,.501,.501,0.7,1.8,9,$232000,Traded,*6
686,Scott Linebrink\linebsc01,25,HOU,22,0,0,0,0,0,0,0,0.0,0,0,0.0,.501,.500,0.0,0.0,0,$230000,Traded,1
687,Jason Marquis*\marquja01,23,ATL,30,41,-6,0,0,0,6,0,0.0,0,0,0.0,.500,.500,0.0,0.0,0,$230000,Amateur Draft,1
688,Luis Matos\matoslu01,23,BAL,17,33,-5,0,0,-1,0,-6,-0.6,1,-5,-0.5,.463,.496,-0.5,-0.1,-4,$230000,Amateur Draft,/987D
689,Craig Wilson\wilsocr03,25,PIT,131,424,3,-2,-1,-4,-6,-9,-1.0,13,4,0.3,.493,.494,0.7,-1.1,8,$229000,Traded,93/2D7
690,Danny Klassen\klassda01,26,ARI,4,3,0,0,0,0,0,0,0.0,0,0,0.0,.495,.500,0.0,0.0,0,$227500,Expansion Draft,/56
691,Damaso Marte*\marteda01,27,CHW,68,1,0,0,0,0,0,0,0.0,0,0,0.0,.500,.500,0.0,0.1,0,$227500,Traded,1
692,Corey Patterson*\patteco01,22,CHC,153,628,-19,4,2,-5,3,-15,-1.7,20,5,0.3,.490,.490,0.8,-0.3,10,$227500,Amateur Draft,*8
693,David Riske\riskeda01,25,CLE,51,0,0,0,0,0,0,0,0.0,0,0,0.0,.501,.500,0.0,0.0,0,$227500,Amateur Draft,1
694,Joe Beimel*\beimejo01,25,PIT,53,13,0,0,0,0,2,2,0.2,0,2,0.2,.504,.501,0.2,0.0,2,$227000,Amateur Draft,1
695,Rob Mackowiak*\mackoro01,26,PIT,136,439,-4,0,2,-2,-2,-5,-0.6,14,8,0.7,.496,.497,0.9,-0.5,10,$227000,Amateur Draft,985/47
696,Hiram Bocachica\bocachi01,26,2TM,83,179,-3,-1,0,-3,0,-8,-0.8,6,-2,-0.2,.490,.498,0.1,-0.3,1,$225000,Traded,8/94D7
697,Brian Buchanan\buchabr01,28,2TM,92,245,6,-2,0,0,-4,-1,-0.1,9,8,0.7,.499,.500,0.8,-0.4,8,$225000,Traded,9D
698,Joe Kennedy\kennejo04,23,TBD,30,7,0,0,0,0,1,2,0.2,0,2,0.2,.505,.501,0.2,0.0,2,$225000,Amateur Draft,1
699,Fernando Lunar\lunarfe01,25,BAL,2,0,0,0,0,0,0,0,0.0,0,0,0.0,.501,.500,0.0,0.0,0,$225000,Traded,/2
700,Aaron Rowand\rowanaa01,24,CHW,126,331,-6,-2,-1,9,0,1,0.1,12,13,1.3,.501,.500,0.3,0.9,4,$225000,Amateur Draft,*87/9
701,Mark Bellhorn#\bellhma01,27,CHC,146,529,22,2,-1,-7,2,18,1.7,16,34,3.4,.512,.511,4.1,-0.6,41,$224000,Traded,4536/7
702,Randy Choate*\choatra01,26,NYY,18,1,0,0,0,0,0,0,0.0,0,0,0.0,.500,.500,0.0,0.0,0,$223350,Amateur Draft,1
703,Chad Hermansen\hermach01,24,2TM,100,265,-11,-2,0,-2,1,-14,-1.5,8,-6,-0.7,.485,.495,-0.5,-0.2,-3,$223000,Traded,/897
704,Jack Cressend\cressja01,27,MIN,23,0,0,0,0,0,0,0,0.0,0,0,0.0,.501,.500,0.0,0.0,0,$222500,Waivers,1
705,Mark DeRosa\derosma01,27,ATL,72,232,0,-1,0,2,2,2,0.2,7,9,0.9,.503,.501,0.6,0.4,7,$222500,Amateur Draft,46/957
706,Vance Wilson\wilsova01,29,NYM,74,178,-4,0,0,6,3,5,0.5,6,10,1.0,.507,.503,0.4,0.9,4,$222500,Amateur Draft,2/3
707,Pedro Feliz\felizpe01,27,SFG,67,153,-8,0,1,0,1,-7,-0.8,5,-2,-0.3,.489,.495,-0.3,0.0,-2,$222000,Amateur Free Agent,5/76
708,Juan Uribe\uribeju01,23,COL,155,618,-40,3,-1,12,8,-18,-2.0,19,1,-0.1,.488,.488,-1.4,2.0,-11,$222000,Amateur Free Agent,*6
709,Milton Bradley#\bradlmi01,24,CLE,98,358,-4,0,0,-7,2,-9,-0.9,13,4,0.4,.491,.494,1.0,-0.4,11,$221000,Traded,8/D
710,Felipe Lopez#\lopezfe01,22,TOR,85,309,-12,-1,1,-4,4,-12,-1.2,12,-1,-0.1,.486,.492,0.4,0.0,4,$221000,Amateur Draft,6/5D
711,Brandon Lyon\lyonbr01,22,TOR,15,0,0,0,0,0,0,0,0.0,0,0,0.0,.501,.500,0.0,0.0,0,$221000,Amateur Draft,1
712,Vernon Wells\wellsve01,23,TOR,159,648,-4,1,-1,-6,3,-7,-0.6,24,18,1.7,.496,.496,2.3,-0.3,24,$221000,Amateur Draft,*89
713,Nick Johnson*\johnsni01,23,NYY,129,441,0,-1,-1,4,-9,-8,-0.7,17,9,0.9,.494,.495,0.5,-0.5,5,$220650,Amateur Draft,3D/7
714,Tom Wilson\wilsoto02,31,TOR,96,302,-4,-1,-1,-6,2,-10,-0.9,11,2,0.2,.490,.494,0.7,-0.3,8,$220000,Traded,2D3
715,Dan Wright\wrighda02,24,CHW,33,4,-1,0,0,0,1,-1,-0.1,0,-1,-0.1,.499,.500,-0.1,0.0,-1,$220000,Amateur Draft,1
716,Mike Buddie\buddimi01,31,MIL,25,2,-1,0,0,0,0,0,0.0,0,0,0.0,.499,.500,0.0,0.0,0,$218000,Free Agency,1
717,Nate Cornejo\cornena01,22,DET,9,0,0,0,0,0,0,0,0.0,0,0,0.0,.500,.500,0.0,0.0,0,$218000,Amateur Draft,/1
718,Travis Phelps\phelptr01,24,TBD,26,0,0,0,0,0,0,0,0.0,0,0,0.0,.501,.500,0.0,0.0,0,$218000,Amateur Draft,1
719,Jerrod Riggan\riggaje01,28,CLE,29,0,0,0,0,0,0,0,0.0,0,0,0.0,.501,.500,0.0,0.0,0,$218000,Traded,1
720,Dave Roberts*\roberda07,30,LAD,127,479,-2,3,2,5,2,11,1.0,15,26,2.5,.509,.507,2.0,0.7,20,$217500,Traded,*8/7
721,Jake Westbrook\westbja01,24,CLE,11,0,0,0,0,0,0,0,0.0,0,0,0.0,.500,.500,0.0,0.0,0,$217000,Traded,1
722,Ramon Castro\castrra01,26,FLA,54,119,-1,-1,0,0,2,-1,-0.1,4,3,0.3,.499,.500,0.3,0.1,3,$216000,Traded,2/D
723,Jorge Julio\juliojo01,23,BAL,67,0,0,0,0,0,0,0,0.0,0,0,0.0,.501,.500,0.0,0.1,0,$216000,Traded,1
724,Brent Abernathy\abernbr01,24,TBD,117,504,-23,1,1,-1,3,-20,-2.0,19,-1,-0.2,.483,.488,0.0,0.2,0,$215000,Traded,*4/D
725,Rod Barajas\barajro01,26,ARI,70,172,-10,-2,0,1,3,-8,-0.9,5,-3,-0.4,.488,.495,-0.5,0.4,-4,$215000,Amateur Free Agent,2/3
726,Jesus Colome\colomje01,24,TBD,32,0,0,0,0,0,0,0,0.0,0,0,0.0,.501,.500,0.0,0.0,0,$215000,Traded,1
727,Juan Cruz\cruzju02,23,CHC,45,16,-3,0,0,0,2,0,0.0,0,0,0.0,.499,.500,0.0,0.0,0,$215000,Amateur Free Agent,1
728,Casey Fossum*\fossuca01,24,BOS,43,0,0,0,0,0,0,0,0.0,0,0,0.0,.501,.500,0.0,0.0,0,$215000,Amateur Draft,1
729,Cesar Izturis#\izturce01,22,LAD,135,468,-27,-3,2,1,6,-21,-2.3,15,-7,-0.9,.483,.486,-1.0,0.7,-8,$215000,Traded,*6/4D
730,Kyle Lohse\lohseky01,23,MIN,32,4,0,0,0,0,1,0,0.0,0,0,0.0,.501,.500,0.0,0.0,0,$215000,Traded,1
731,Chad Moeller\moellch01,27,ARI,37,123,3,-1,-1,0,2,3,0.3,4,7,0.7,.509,.502,0.7,0.2,7,$215000,Traded,2
732,Damian Moss\mossda01,25,ATL,33,60,-9,0,1,0,8,0,0.0,0,0,0.0,.500,.500,0.0,0.0,0,$215000,Amateur Free Agent,1
733,Mike Porzio*\porzimi01,29,CHW,32,0,0,0,0,0,0,0,0.0,0,0,0.0,.501,.500,0.0,0.0,0,$215000,Free Agency,1
734,J.C. Romero#\romerj.01,26,MIN,81,0,0,0,0,0,0,0,0.0,0,0,0.0,.501,.500,0.0,0.1,0,$215000,Amateur Draft,1
735,Brian Shouse*\shousbr01,33,KCR,23,0,0,0,0,0,0,0,0.0,0,0,0.0,.501,.500,0.0,0.0,0,$215000,Free Agency,1
736,Junior Spivey\spiveju01,27,ARI,143,626,20,1,0,-3,3,21,2.0,19,40,3.9,.515,.513,4.3,-0.1,43,$215000,Amateur Draft,*4
737,Victor Zambrano#\zambrvi01,26,TBD,42,1,0,0,0,0,0,0,0.0,0,0,0.0,.500,.500,0.0,0.0,0,$215000,Free Agency,1
738,Grant Roberts\robergr01,24,NYM,34,1,0,0,0,0,0,1,0.1,0,1,0.1,.502,.500,0.1,0.0,1,$212500,Amateur Draft,1
739,Luis Vizcaino\vizcalu01,27,MIL,76,2,-1,0,0,0,1,0,0.0,0,0,0.0,.500,.500,0.0,0.0,0,$212500,Traded,1
740,Brian Schneider*\schnebr01,25,MON,73,232,-2,-1,0,4,4,5,0.5,7,13,1.2,.508,.503,0.8,0.7,9,$212000,Amateur Draft,2/79
741,Jeremy Fikac\fikacje01,27,SDP,65,2,-1,0,0,0,1,0,0.0,0,0,0.0,.500,.500,0.0,0.0,0,$210000,Amateur Draft,1
742,Marcus Giles\gilesma01,24,ATL,68,242,-4,0,0,1,1,-3,-0.3,8,5,0.4,.496,.498,0.4,0.2,4,$210000,Amateur Draft,4/5
743,Toby Hall\hallto02,26,TBD,85,353,-11,0,-3,2,5,-7,-0.7,13,6,0.6,.492,.496,0.4,0.7,4,$210000,Amateur Draft,2
744,Carlos Hernandez*\hernaca03,22,HOU,25,41,-6,0,0,0,6,0,0.0,0,0,0.0,.501,.500,0.0,0.0,0,$210000,Amateur Free Agent,1
745,Marty Malloy*\malloma01,30,FLA,24,28,-4,0,0,0,0,-4,-0.5,1,-3,-0.4,.481,.497,-0.4,0.0,-4,$210000,Free Agency,/45
746,John McDonald\mcdonjo03,27,CLE,93,288,-12,0,0,1,3,-8,-0.7,11,3,0.3,.492,.495,0.2,0.4,2,$210000,Amateur Draft,465/D
747,Jay Tessmer\tessmja01,30,NYY,2,0,0,0,0,0,0,0,0.0,0,0,0.0,.501,.500,0.0,0.0,0,$210000,Free Agency,/1
748,Ryan Jensen\jensery01,26,SFG,32,66,-10,0,0,0,9,-1,-0.1,0,-1,-0.1,.498,.500,-0.1,0.0,-1,$209000,Amateur Draft,1
749,Luis Pineda\pinedlu01,27,CIN,26,3,-1,0,0,0,1,0,0.0,0,0,0.0,.499,.500,0.0,0.0,0,$208000,Free Agency,1
750,Jeff DaVanon#\davanje02,28,ANA,16,33,-2,0,0,-1,-1,-4,-0.4,1,-3,-0.3,.476,.498,-0.2,-0.1,-2,$207500,Traded,/8D97
751,Mark Lukasiewicz*\lukasma01,29,ANA,17,0,0,0,0,0,0,0,0.0,0,0,0.0,.501,.500,0.0,0.0,0,$207500,Waivers,1
752,Ryan Drese\dresery01,26,CLE,26,5,-1,0,0,0,1,0,0.0,0,0,0.0,.501,.500,0.0,0.0,0,$206500,Amateur Draft,1
753,Jason Jennings*\jennija01,23,COL,32,68,-2,-1,0,0,9,7,0.7,0,7,0.7,.522,.504,0.7,0.0,7,$206000,Amateur Draft,1
754,Brad Wilkerson*\wilkebr01,25,MON,153,603,11,-1,0,-12,-3,-5,-0.6,19,14,1.3,.497,.497,2.5,-1.7,26,$206000,Amateur Draft,*873/9
755,Jeff Austin\austije01,25,KCR,10,0,0,0,0,0,0,0,0.0,0,0,0.0,.501,.500,0.0,0.0,0,$205000,Amateur Draft,1
756,Jason Conti*\contija01,27,TBD,78,245,-4,1,0,6,-1,1,0.2,9,11,1.0,.502,.501,0.5,0.4,5,$205000,Traded,897
757,Ramon Vazquez*\vazqura01,25,SDP,128,474,-1,4,1,-6,5,2,0.1,15,17,1.6,.501,.501,2.2,-0.2,22,$205000,Traded,465
758,Josh Fogg\foggjo01,25,PIT,34,62,-11,0,0,0,9,-2,-0.3,0,-2,-0.3,.493,.498,-0.3,0.0,-2,$203000,Traded,1
759,Damon Minor*\minorda01,28,SFG,83,201,0,1,-1,0,-2,-2,-0.2,6,4,0.4,.498,.499,0.4,-0.2,4,$203000,Amateur Draft,3/D
760,Matt Miller*\millema01,27,DET,2,0,0,0,0,0,0,0,0.0,0,0,0.0,.501,.500,0.0,0.0,0,$202500,Free Agency,/1
761,Brandon Berger\bergebr01,27,KCR,51,145,-9,0,0,1,-2,-12,-1.1,5,-6,-0.6,.477,.493,-0.7,-0.2,-7,$202000,Amateur Draft,97D/83
762,Nick Neugebauer\neugeni01,21,MIL,12,20,-4,-1,0,0,3,-2,-0.2,0,-2,-0.2,.487,.499,-0.2,0.0,-2,$202000,Amateur Draft,1
763,Pablo Ozuna\ozunapa01,27,FLA,34,50,-1,-1,0,-2,0,-4,-0.4,2,-2,-0.2,.489,.498,0.0,-0.2,0,$202000,Traded,4/8
764,Carlos Pena*\penaca01,24,2TM,115,443,2,1,0,-3,-7,-6,-0.5,17,11,1.0,.495,.498,1.3,-0.9,13,$202000,Traded,3/D
765,Alex Sanchez*\sanchal03,25,MIL,112,435,-6,-2,1,4,1,-1,-0.2,14,13,1.2,.499,.500,0.8,0.5,9,$202000,Waivers,87
766,Michael Tejera*\tejermi01,25,FLA,49,41,-4,0,0,0,6,2,0.2,0,2,0.2,.505,.502,0.2,0.0,2,$201000,Amateur Draft,1
767,Jeremy Affeldt*\affelje01,23,KCR,34,0,0,0,0,0,0,0,0.0,0,0,0.0,.501,.500,0.0,0.0,0,$200000,Amateur Draft,1
768,Kurt Ainsworth\ainswku01,23,SFG,6,7,-1,0,0,0,1,0,0.1,0,0,0.1,.508,.500,0.1,0.0,0,$200000,Amateur Draft,/1
769,Brady Anderson*\anderbr01,38,CLE,34,101,-4,1,-1,-2,0,-5,-0.5,4,-2,-0.2,.484,.497,0.0,-0.2,0,$200000,Free Agency,87/9D
770,Miguel Asencio\asencmi01,21,KCR,31,2,-1,0,0,0,0,0,0.0,0,0,0.0,.499,.500,0.0,0.0,0,$200000,Rule 5 Draft,1
771,Rick Bauer\bauerri01,25,BAL,56,0,0,0,0,0,0,0,0.0,0,0,0.0,.501,.500,0.0,0.1,0,$200000,Amateur Draft,1
772,Hank Blalock*\blaloha01,21,TEX,49,172,-8,0,0,-2,1,-9,-0.9,6,-3,-0.3,.481,.494,-0.1,-0.2,0,$200000,Amateur Draft,5
773,Sean Burroughs*\burrose01,21,SDP,63,206,-4,1,0,-6,1,-8,-0.9,6,-2,-0.3,.486,.495,0.3,-0.5,4,$200000,Amateur Draft,54
774,Scott Cassidy\cassisc01,26,TOR,58,0,0,0,0,0,0,0,0.0,0,0,0.0,.501,.500,0.0,0.1,0,$200000,Amateur Free Agent,1
775,Morgan Ensberg\ensbemo01,26,HOU,49,153,-1,-1,-2,-2,1,-4,-0.4,5,1,0.1,.492,.498,0.2,-0.1,2,$200000,Amateur Draft,5
776,Felix Escalona\escalfe01,23,TBD,59,171,-9,0,1,-3,2,-9,-0.9,6,-3,-0.3,.485,.495,0.0,-0.1,0,$200000,Waivers,64/5D
777,Jeff Farnsworth\farnsje01,26,DET,44,0,0,0,0,0,0,0,0.0,0,0,0.0,.501,.500,0.0,0.0,0,$200000,Rule 5 Draft,1
778,Kevin Frederick*\fredeke01,25,MIN,8,0,0,0,0,0,0,0,0.0,0,0,0.0,.501,.500,0.0,0.0,0,$200000,Amateur Draft,/1
779,Luis Garcia\garcilu02,26,BAL,6,3,1,0,0,0,0,1,0.1,0,1,0.1,.512,.500,0.1,0.0,1,$200000,Free Agency,/89
780,Geronimo Gil\gilge01,26,BAL,125,450,-19,0,-3,3,7,-12,-1.1,17,5,0.5,.491,.493,0.2,1.0,2,$200000,Traded,*2
781,Eric Hinske*\hinsker01,24,TOR,151,650,16,4,0,-6,3,16,1.7,24,41,4.0,.511,.510,4.6,-0.3,47,$200000,Traded,*5
782,Steven Kent#\kentst01,23,TBD,34,0,0,0,0,0,0,0,0.0,0,0,0.0,.501,.500,0.0,0.0,0,$200000,Purchased,1
783,Gary Knotts\knottga01,25,FLA,28,1,0,0,0,0,0,0,0.0,0,0,0.0,.500,.500,0.0,0.0,0,$200000,Free Agency,1
784,Joe Lawrence\lawrejo01,25,TOR,55,174,-14,0,1,-5,1,-17,-1.7,7,-10,-1.1,.470,.490,-0.5,-0.4,-5,$200000,Amateur Draft,4/D
785,Colby Lewis\lewisco01,22,TEX,15,0,0,0,0,0,0,0,0.0,0,0,0.0,.501,.500,0.0,0.0,0,$200000,Amateur Draft,1
786,Rodrigo Lopez\lopezro02,26,BAL,33,3,-1,0,0,0,1,-1,-0.1,0,-1,-0.1,.499,.500,-0.1,0.0,-1,$200000,Free Agency,1
787,Dustan Mohr\mohrdu01,26,MIN,120,417,1,1,1,8,-5,7,0.7,16,22,2.2,.506,.504,1.4,0.3,14,$200000,Free Agency,*97/D8
788,Mike Moriarty\moriami01,28,BAL,8,16,-2,-1,0,1,0,-2,-0.2,1,-1,-0.1,.481,.499,-0.2,0.2,-2,$200000,Free Agency,/645
789,Abraham Nunez#\nunezab01,26,PIT,112,286,-9,-1,1,8,3,2,0.2,9,11,1.1,.502,.502,0.2,1.1,3,$200000,Traded,46/D
790,Kevin Olsen\olsenke01,25,FLA,17,12,-3,0,0,0,2,-1,-0.1,0,-1,-0.1,.495,.500,-0.1,0.0,-1,$200000,Amateur Draft,1
791,Terry Pearson\pearste01,30,DET,4,0,0,0,0,0,0,0,0.0,0,0,0.0,.501,.500,0.0,0.0,0,$200000,Amateur Free Agent,/1
792,Nick Punto#\puntoni01,24,PHI,9,7,-1,0,0,-1,0,-2,-0.2,0,-1,-0.2,.481,.499,-0.1,-0.1,-1,$200000,Amateur Draft,/46
793,Jon Rauch\rauchjo01,23,CHW,8,0,0,0,0,0,0,0,0.0,0,0,0.0,.501,.500,0.0,0.0,0,$200000,Amateur Draft,/1
794,Mike Rivera\rivermi02,25,DET,39,138,-8,0,-1,-1,2,-7,-0.7,5,-2,-0.2,.482,.496,-0.1,0.1,-1,$200000,Amateur Free Agent,2/D
795,Carlos Silva\silvaca01,23,PHI,68,3,0,0,0,0,1,1,0.1,0,1,0.1,.501,.500,0.1,0.0,1,$200000,Amateur Free Agent,1
796,Jason Smith*\smithja05,24,TBD,26,69,-5,1,0,-2,1,-5,-0.5,3,-3,-0.3,.480,.497,-0.1,-0.1,-1,$200000,Traded,5/64D
797,Jorge Sosa\sosajo02,24,TBD,31,0,0,0,0,0,0,0,0.0,0,0,0.0,.501,.500,0.0,0.0,0,$200000,Waivers,1
798,Tim Spooneybarger\spoonti01,22,ATL,51,1,0,0,0,0,0,0,0.0,0,0,0.0,.500,.500,0.0,0.0,0,$200000,Amateur Draft,1
799,Ricky Stone\stoneri01,27,HOU,78,5,-1,0,0,0,1,0,0.0,0,0,0.0,.500,.500,0.0,0.0,0,$200000,Free Agency,1
800,Reggie Taylor*\taylore01,25,CIN,135,311,-7,-3,0,5,0,-6,-0.7,10,4,0.3,.496,.496,-0.2,0.4,-1,$200000,Traded,87/9
801,Corey Thurman\thurmco01,23,TOR,43,2,-1,0,0,0,0,0,0.0,0,0,0.0,.500,.500,0.0,0.0,0,$200000,Rule 5 Draft,1
802,Yorvit Torrealba\torreyo01,23,SFG,53,155,2,0,0,2,3,6,0.6,5,11,1.1,.513,.504,0.9,0.4,9,$200000,Amateur Free Agent,2
803,T.J. Tucker\tucket.01,23,MON,58,4,1,0,0,0,1,2,0.2,0,2,0.2,.503,.501,0.2,0.0,2,$200000,Amateur Draft,1
804,Luis Ugueto#\uguetlu01,23,SEA,62,25,-1,0,0,0,-1,-2,-0.2,1,-1,-0.1,.497,.499,-0.1,0.0,-1,$200000,Purchased,D4/65