k,Name,Age,Tm,IP,G,GS,R,RA9,RA9opp,RA9def,RA9role,PPFp,RA9avg,RAA,WAA,gmLI,WAAadj,WAR,RAR,waaWL%,162WL%,Salaryâ–¼,Acquired
1,Clayton Kershaw*\kershcl01,28,LAD,149.0,21,21,31,1.87,4.42,0.19,0.19,92.5,4.09,38,4.4,,-0.1,5.6,50,.709,.527,$34571429,Amateur Draft
2,Zack Greinke\greinza01,32,ARI,158.2,26,26,80,4.54,4.50,-0.12,0.19,104.3,5.02,9,1.0,,-0.1,2.3,23,.538,.506,$34000000,Free Agency
3,David Price*\priceda01,30,BOS,230.0,35,35,106,4.15,4.40,0.32,0.18,107.9,4.60,9,1.0,,-0.1,3.1,34,.527,.506,$30000000,Free Agency
4,Justin Verlander\verlaju01,33,DET,227.2,34,34,81,3.20,4.49,-0.30,0.18,98.3,4.89,40,4.5,,-0.1,6.6,65,.633,.528,$28000000,Amateur Draft
5,Felix Hernandez\hernafe02,30,SEA,153.1,25,25,76,4.46,4.67,-0.09,0.19,94.0,4.66,2,0.2,,-0.1,1.6,19,.507,.501,$25857000,Amateur Free Agent
6,Jon Lester*\lestejo01,32,CHC,202.2,32,32,57,2.53,4.51,0.51,0.19,94.0,3.94,33,3.7,,-0.2,5.3,50,.615,.523,$25000000,Free Agency
7,CC Sabathia*\sabatc.01,35,NYY,179.2,30,30,83,4.16,4.53,0.00,0.18,104.2,4.91,13,1.4,,-0.1,3.0,33,.546,.509,$25000000,Free Agency
8,Cole Hamels*\hamelco01,32,TEX,200.2,32,32,83,3.72,4.64,0.01,0.19,106.0,5.10,28,3.1,,-0.1,5.0,51,.598,.519,$23500000,Traded
9,Max Scherzer\scherma01,31,WSN,228.1,34,34,77,3.04,4.35,-0.04,0.18,98.7,4.51,39,4.4,,-0.2,6.2,58,.628,.527,$22143000,Free Agency
10,Masahiro Tanaka\tanakma01,27,NYY,199.2,31,31,75,3.38,4.61,0.00,0.19,102.9,4.94,32,3.6,,-0.1,5.4,54,.617,.522,$22000000,Free Agency
11,Matt Cain\cainma01,31,SFG,89.1,21,17,58,5.84,4.44,0.33,0.15,101.0,4.31,-15,-1.4,.31,0.0,-0.7,-7,.431,.491,$21000000,Amateur Draft
12,James Shields\shielja02,34,2TM,181.2,33,33,122,6.04,4.53,-0.14,0.19,95.3,4.62,-30,-2.7,,-0.1,-1.1,-12,.418,.488,$21000000,Traded
13,Rick Porcello\porceri01,27,BOS,223.0,33,33,85,3.43,4.48,0.32,0.18,106.9,4.64,27,3.0,,-0.1,5.1,52,.592,.519,$20125000,Traded
14,Jered Weaver\weaveje02,33,LAA,178.0,31,31,106,5.36,4.57,0.18,0.19,92.6,4.23,-24,-2.4,,-0.1,-0.7,-5,.424,.485,$20000000,Amateur Draft
15,Adam Wainwright\wainwad01,34,STL,198.2,33,33,108,4.89,4.42,-0.06,0.19,98.3,4.59,-6,-0.6,,-0.2,1.0,11,.482,.496,$19500000,Traded
16,Homer Bailey\baileho02,30,CIN,23.0,6,6,19,7.43,4.48,-0.16,0.19,101.7,4.90,-6,-0.6,,0.0,-0.4,-4,.399,.496,$18000000,Amateur Draft
17,Jordan Zimmermann\zimmejo02,30,DET,105.1,19,18,63,5.38,4.43,-0.39,0.17,97.2,4.85,-7,-0.8,.10,-0.1,0.2,4,.461,.495,$18000000,Free Agency
18,Anibal Sanchez\sanchan01,32,DET,153.1,35,26,108,6.34,4.49,-0.36,0.13,98.7,4.92,-26,-2.5,1.10,-0.1,-1.2,-9,.428,.484,$16800000,Traded
19,John Lackey\lackejo01,37,CHC,188.1,29,29,74,3.54,4.45,0.51,0.19,94.9,3.91,9,0.9,,-0.1,2.5,25,.533,.506,$16000000,Free Agency
20,Johnny Cueto\cuetojo01,30,SFG,219.2,32,32,71,2.91,4.45,0.29,0.19,98.0,4.26,34,3.8,,-0.2,5.6,53,.620,.524,$15833333,Free Agency
21,Brett Anderson*\anderbr04,28,LAD,11.1,4,3,15,11.91,4.24,0.36,0.08,92.9,3.68,-10,-0.9,.83,0.0,-0.8,-9,.287,.495,$15800000,Free Agency
22,Jake Peavy\peavyja01,35,SFG,118.2,31,21,76,5.76,4.47,0.33,0.15,99.1,4.25,-19,-1.9,.67,-0.1,-0.9,-9,.438,.488,$15000000,Traded
23,Miguel Montero\montemi01,32,CHC,1.1,1,0,1,6.75,4.27,1.13,-0.30,96.0,2.73,-1,-0.1,.00,0.0,0.0,0,.442,.500,$14000000,Traded
24,Francisco Liriano*\liriafr01,32,2TM,163.0,31,29,98,5.41,4.57,-0.02,0.18,101.1,4.82,-11,-1.0,.31,-0.1,0.3,4,.467,.495,$13666667,Free Agency
25,Ervin Santana\santaer01,33,MIN,181.1,30,30,78,3.87,4.43,-0.39,0.18,98.8,4.94,19,2.1,,-0.1,3.8,39,.571,.513,$13500000,Free Agency
26,Clay Buchholz\buchhcl01,31,BOS,139.1,37,21,80,5.17,4.48,0.34,0.10,108.8,4.62,-10,-1.0,.73,-0.1,0.3,5,.472,.494,$13000000,Amateur Draft
27,Ubaldo Jimenez\jimenub01,32,BAL,142.1,29,25,93,5.88,4.68,-0.15,0.15,104.5,5.21,-12,-1.2,.42,-0.1,0.1,3,.458,.492,$13000000,Free Agency
28,Scott Kazmir*\kazmisc01,32,LAD,136.1,26,26,71,4.69,4.46,0.23,0.19,92.1,4.07,-9,-0.9,,-0.1,0.2,3,.466,.495,$12666667,Free Agency
29,Wei-Yin Chen*\chenwe02,30,MIA,123.1,22,22,69,5.04,4.42,0.13,0.19,92.5,4.14,-12,-1.2,,-0.1,-0.2,-1,.448,.493,$12500000,Free Agency
30,Jorge De La Rosa*\rosajo01,35,COL,134.0,27,24,93,6.25,4.52,0.08,0.16,118.9,5.48,-11,-1.1,.63,-0.1,0.0,0,.460,.493,$12500000,Free Agency
31,Matt Garza\garzama01,32,MIL,101.2,19,19,67,5.93,4.64,0.04,0.19,101.5,4.87,-12,-1.1,,-0.1,-0.3,-3,.440,.493,$12500000,Free Agency
32,Brandon McCarthy\mccarbr01,32,LAD,40.0,10,9,24,5.40,4.37,0.19,0.18,94.9,4.14,-5,-0.5,1.57,0.0,-0.2,-2,.446,.497,$12500000,Free Agency
33,R.A. Dickey\dicker.01,41,TOR,169.2,30,29,97,5.15,4.59,0.23,0.19,103.0,4.69,-11,-1.1,2.25,-0.1,0.5,8,.464,.493,$12000000,Traded
34,Gio Gonzalez*\gonzagi01,30,WSN,177.1,32,32,98,4.97,4.35,-0.05,0.18,100.3,4.59,-7,-0.7,,-0.1,0.8,8,.479,.496,$12000000,Traded
35,Mike Leake\leakemi01,28,STL,176.2,30,30,101,5.15,4.56,-0.07,0.19,96.4,4.64,-9,-0.9,,-0.1,0.5,6,.470,.494,$12000000,Free Agency
36,Ricky Nolasco\nolasri01,33,2TM,197.2,32,32,104,4.74,4.63,-0.20,0.19,95.6,4.81,-1,0.0,,-0.1,1.8,21,.500,.499,$12000000,Traded
37,Marco Estrada\estrama01,32,TOR,176.0,29,29,73,3.73,4.51,0.20,0.18,105.4,4.74,18,1.9,,-0.1,3.5,37,.566,.512,$11500000,Free Agency
38,Jaime Garcia*\garcija02,29,STL,171.2,32,30,94,4.93,4.47,-0.06,0.17,97.1,4.56,-6,-0.6,.22,-0.1,0.8,8,.480,.496,$11500000,Amateur Draft
39,Aroldis Chapman*\chapmar01,28,2TM,58.0,59,0,12,1.86,4.56,0.15,-0.33,100.7,4.12,14,1.5,1.72,0.4,2.5,20,.526,.505,$11325000,Traded
40,Craig Kimbrel\kimbrcr01,28,BOS,53.0,57,0,22,3.74,4.55,0.21,-0.33,109.3,4.38,3,0.3,1.81,0.0,0.9,9,.506,.502,$11250000,Traded
41,Hisashi Iwakuma\iwakuhi01,35,SEA,199.0,33,33,95,4.30,4.66,-0.10,0.19,95.5,4.73,7,0.8,,-0.1,2.6,29,.523,.505,$11000000,Free Agency
42,Jonathan Papelbon\papeljo01,35,WSN,35.0,37,0,18,4.63,4.42,-0.05,-0.31,99.8,4.15,-2,-0.2,1.60,-0.1,0.0,1,.495,.499,$11000000,Traded
43,David Robertson\roberda08,31,CHW,62.1,62,0,24,3.47,4.58,-0.12,-0.33,97.2,4.25,5,0.5,1.83,0.1,1.2,12,.508,.503,$11000000,Free Agency
44,Jeff Samardzija\samarje01,31,SFG,203.1,32,32,88,3.90,4.44,0.31,0.19,99.8,4.31,10,1.1,,-0.2,2.8,27,.535,.507,$10800000,Free Agency
45,Jake Arrieta\arrieja01,30,CHC,197.1,31,31,72,3.28,4.53,0.51,0.19,94.5,3.98,16,1.8,,-0.1,3.4,33,.557,.511,$10700000,Traded
46,Kenley Jansen\janseke01,28,LAD,68.2,71,0,14,1.83,4.41,0.15,-0.31,94.6,3.73,15,1.6,1.61,0.3,2.5,21,.522,.510,$10650000,Amateur Free Agent
47,Stephen Strasburg\strasst01,27,WSN,147.2,24,24,59,3.60,4.44,-0.04,0.19,101.6,4.74,19,2.2,,-0.1,3.3,32,.590,.513,$10400000,Amateur Draft
48,Yu Darvish\darviyu01,29,TEX,100.1,17,17,43,3.86,4.75,0.01,0.19,106.9,5.27,15,1.6,,-0.1,2.5,26,.595,.510,$10000000,Purchased
49,J.A. Happ*\happja01,33,TOR,195.0,32,32,72,3.32,4.49,0.21,0.18,102.3,4.57,25,2.7,,-0.1,4.5,46,.585,.517,$10000000,Free Agency
50,Derek Holland*\hollade01,29,TEX,107.1,22,20,62,5.20,4.78,0.02,0.18,103.7,5.14,-2,-0.2,.16,-0.1,0.8,10,.491,.499,$10000000,Amateur Draft
51,Madison Bumgarner*\bumgama01,26,SFG,226.2,34,34,79,3.14,4.46,0.27,0.19,97.0,4.24,29,3.2,,-0.2,5.0,48,.594,.520,$9750000,Amateur Draft
52,Mark Melancon\melanma01,31,2TM,71.1,75,0,16,2.02,4.41,-0.08,-0.31,100.3,4.20,18,1.9,1.50,0.3,2.8,24,.525,.506,$9650000,Traded
53,Tyson Ross\rossty01,29,SDP,5.1,1,1,8,13.50,5.14,-0.11,0.22,94.0,5.14,-5,-0.3,,0.0,-0.3,-4,.173,.498,$9625000,Traded
54,Edinson Volquez\volqued01,32,KCR,189.1,34,34,124,5.89,4.54,0.19,0.18,104.3,4.73,-27,-2.6,,-0.1,-0.9,-6,.424,.484,$9500000,Free Agency
55,Phil Hughes\hugheph01,30,MIN,59.0,12,11,40,6.10,4.61,-0.47,0.17,98.0,5.15,-7,-0.7,.02,0.0,-0.1,0,.443,.496,$9200000,Free Agency
56,Chris Sale*\salech01,27,CHW,226.2,32,32,88,3.49,4.56,-0.13,0.19,94.7,4.62,26,2.8,,-0.1,4.9,51,.589,.518,$9150000,Amateur Draft
57,Yovani Gallardo\gallayo01,30,BAL,118.0,23,23,74,5.64,4.53,-0.16,0.18,104.3,5.09,-9,-0.9,,-0.1,0.2,4,.462,.495,$9000000,Free Agency
58,Jason Hammel\hammeja01,33,CHC,166.2,30,30,77,4.16,4.47,0.56,0.19,96.8,3.97,-3,-0.3,,-0.1,1.1,11,.491,.498,$9000000,Free Agency
59,Andrew Miller*\millean01,31,2TM,74.1,70,0,13,1.57,4.61,0.02,-0.33,108.5,4.62,24,2.6,1.58,0.5,3.9,33,.537,.508,$9000000,Traded
60,Jon Niese*\niesejo01,29,2TM,121.0,29,20,77,5.73,4.55,-0.14,0.13,101.4,4.88,-11,-1.0,.85,0.0,0.1,-1,.465,.498,$9000000,Traded
61,Sergio Romo\romose01,33,SFG,30.2,40,0,9,2.64,4.63,0.26,-0.33,97.1,3.92,5,0.5,1.40,0.0,0.8,7,.512,.503,$9000000,Free Agency
62,Koji Uehara\ueharko01,41,BOS,47.0,50,0,18,3.45,4.40,0.25,-0.32,109.3,4.19,3,0.4,1.27,-0.1,0.8,9,.507,.502,$9000000,Free Agency
63,Jason Vargas*\vargaja01,33,KCR,12.0,3,3,3,2.25,4.48,0.15,0.18,111.1,5.01,4,0.4,,0.0,0.5,5,.634,.502,$8500000,Free Agency
64,Drew Storen\storedr01,28,2TM,51.2,57,0,30,5.23,4.65,0.12,-0.33,99.5,4.16,-7,-0.7,1.02,-0.1,-0.3,-1,.488,.497,$8375000,Traded
65,Joaquin Benoit\benoijo01,38,2TM,48.0,51,0,17,3.19,4.48,0.05,-0.32,100.2,4.12,4,0.5,1.35,0.1,1.1,10,.510,.501,$8000000,Traded
66,Wade Davis\daviswa01,30,KCR,43.1,45,0,9,1.87,4.71,0.14,-0.34,100.5,4.25,11,1.2,1.48,0.2,1.8,16,.526,.507,$8000000,Traded
67,Scott Feldman\feldmsc01,33,2TM,77.0,40,5,42,4.91,4.56,0.32,-0.16,96.7,3.93,-9,-0.9,.85,0.0,-0.1,-1,.477,.498,$8000000,Free Agency
68,Charlie Morton\mortoch02,32,PHI,17.1,4,4,8,4.15,4.52,-0.15,0.19,100.0,4.87,1,0.2,,0.0,0.3,3,.539,.501,$8000000,Traded
69,Mike Pelfrey\pelfrmi01,32,DET,119.0,24,22,76,5.75,4.54,-0.42,0.16,97.4,4.98,-11,-1.1,.24,-0.1,0.0,2,.452,.493,$8000000,Free Agency
70,Huston Street\streehu01,32,LAA,22.1,26,0,16,6.45,4.69,0.19,-0.34,92.3,3.84,-7,-0.7,1.29,-0.2,-0.6,-4,.474,.496,$8000000,Traded
71,Hyun-Jin Ryu*\ryuhy01,29,LAD,4.2,1,1,6,11.57,4.57,0.30,0.19,86.0,3.84,-4,-0.3,,0.0,-0.3,-4,.211,.498,$7833000,Purchased
72,Ian Kennedy\kenneia01,31,KCR,195.2,33,33,81,3.73,4.55,0.16,0.18,103.8,4.75,20,2.2,,-0.1,4.0,42,.566,.513,$7500000,Free Agency
73,Francisco Rodriguez\rodrifr03,34,DET,58.1,61,0,24,3.70,4.58,-0.32,-0.33,97.4,4.45,4,0.4,1.88,0.1,1.1,11,.507,.503,$7500000,Traded
74,Bartolo Colon\colonba01,43,NYM,191.2,34,33,81,3.80,4.39,-0.09,0.18,97.7,4.56,17,1.8,.66,-0.1,3.4,33,.554,.511,$7250000,Free Agency
75,Dallas Keuchel*\keuchda01,28,HOU,168.0,26,26,88,4.71,4.60,0.31,0.19,95.0,4.26,-10,-1.1,,-0.1,0.5,8,.459,.493,$7250000,Amateur Draft
76,Andrew Cashner\cashnan01,29,2TM,132.0,28,27,83,5.66,4.35,-0.01,0.18,96.8,4.39,-18,-1.8,4.40,-0.1,-0.7,-7,.437,.495,$7150000,Traded
77,Doug Fister\fistedo01,32,HOU,180.1,32,32,98,4.89,4.58,0.34,0.19,94.1,4.17,-17,-1.6,,-0.1,0.0,3,.449,.490,$7000000,Free Agency
78,Jeremy Hellickson\hellije01,29,PHI,189.0,32,32,86,4.10,4.46,-0.18,0.19,96.6,4.67,13,1.4,,-0.1,2.9,29,.543,.509,$7000000,Traded
79,Joakim Soria\soriajo01,32,KCR,66.2,70,0,31,4.19,4.69,0.17,-0.34,101.5,4.25,0,0.0,1.51,-0.2,0.5,7,.500,.500,$7000000,Free Agency
80,Zach Britton*\brittza01,28,BAL,67.0,69,0,7,0.94,4.57,-0.12,-0.33,105.3,4.59,26,2.8,1.68,0.8,4.3,34,.541,.517,$6750000,Amateur Draft
81,Ryan Madson\madsory01,35,OAK,64.2,63,0,27,3.76,4.68,-0.49,-0.34,93.1,4.50,5,0.5,1.83,0.0,1.2,12,.508,.503,$6666667,Free Agency
82,Santiago Casilla\garcija01,35,SFG,58.0,62,0,23,3.57,4.53,0.27,-0.32,99.1,3.91,2,0.3,2.20,0.0,0.8,7,.504,.502,$6500000,Free Agency
83,Pat Neshek\neshepa01,35,HOU,47.0,60,0,17,3.26,4.67,0.28,-0.34,93.2,3.77,2,0.2,1.18,-0.1,0.6,7,.504,.501,$6500000,Free Agency
84,Garrett Richards\richaga01,28,LAA,34.2,6,6,16,4.15,4.59,0.15,0.19,93.3,4.32,0,0.0,,0.0,0.3,4,.504,.500,$6425000,Amateur Draft
85,Glen Perkins*\perkigl01,33,MIN,2.0,2,0,2,9.00,3.99,-0.51,-0.29,106.0,4.46,-1,-0.1,.96,0.0,-0.1,-1,.449,.499,$6300000,Amateur Draft
86,Luke Gregerson\gregelu01,32,HOU,57.2,59,0,23,3.59,4.68,0.25,-0.34,92.7,3.79,1,0.1,1.64,-0.1,0.5,7,.501,.500,$6250000,Free Agency
87,J.P. Howell*\howeljp01,33,LAD,50.2,64,0,23,4.09,4.56,0.24,-0.32,96.5,3.86,-1,-0.1,.63,-0.1,0.3,3,.498,.499,$6250000,Free Agency
88,Boone Logan*\loganbo02,31,COL,46.1,66,0,23,4.47,4.62,0.05,-0.33,115.7,4.90,2,0.3,1.48,0.0,0.6,6,.504,.502,$6250000,Free Agency
89,Chris Tillman\tillmch01,28,BAL,172.0,30,30,73,3.82,4.57,-0.15,0.19,104.7,5.13,23,2.5,,-0.1,4.1,42,.585,.516,$6225000,Traded
90,Travis Wood*\woodtr01,29,CHC,61.0,77,0,24,3.54,4.65,0.56,-0.33,95.4,3.59,1,0.1,1.13,-0.1,0.5,6,.501,.500,$6175000,Traded
91,Wade Miley*\mileywa01,29,2TM,166.0,30,30,100,5.42,4.48,-0.12,0.18,99.6,4.75,-14,-1.4,,-0.1,0.1,4,.453,.496,$6167000,Traded
92,Tyler Clippard\clippty01,31,2TM,63.0,69,0,27,3.86,4.51,-0.06,-0.32,105.8,4.49,4,0.5,1.31,-0.1,1.0,10,.507,.501,$6100000,Free Agency
93,Rich Hill*\hillri01,36,2TM,110.1,20,20,29,2.37,4.64,-0.21,0.19,92.5,4.67,28,3.1,,-0.1,4.1,39,.657,.511,$6000000,Traded
94,Colby Lewis\lewisco01,36,TEX,116.1,19,19,53,4.10,4.75,0.02,0.19,105.2,5.18,13,1.4,,-0.1,2.4,25,.573,.509,$6000000,Free Agency
95,Darren O'Day\odayda01,33,BAL,31.0,34,0,13,3.77,4.51,-0.13,-0.32,107.1,4.62,3,0.3,1.36,0.0,0.6,6,.508,.502,$6000000,Free Agency
96,Tony Sipp*\sippto01,32,HOU,43.2,60,0,26,5.36,4.78,0.32,-0.34,93.8,3.86,-8,-0.8,.83,0.0,-0.4,-3,.487,.495,$6000000,Free Agency
97,Nathan Eovaldi\eovalna01,26,NYY,124.2,24,21,66,4.76,4.51,0.00,0.15,106.4,4.96,1,0.1,.33,-0.1,1.3,15,.505,.501,$5600000,Traded
98,Trevor Rosenthal\rosentr01,26,STL,40.1,45,0,22,4.91,4.72,-0.05,-0.33,97.3,4.32,-2,-0.3,1.37,-0.1,0.0,1,.494,.498,$5600000,Amateur Draft
99,Luke Hochevar\hochelu01,32,KCR,37.1,40,0,17,4.10,4.60,0.15,-0.33,102.3,4.22,0,0.0,1.41,-0.1,0.3,4,.500,.500,$5500000,Free Agency
100,Mark Lowe\lowema01,33,DET,49.1,54,0,41,7.48,4.55,-0.36,-0.33,97.8,4.48,-17,-1.7,.66,0.2,-1.0,-12,.468,.489,$5500000,Free Agency
101,Kris Medlen\medlekr01,30,KCR,24.1,6,6,25,9.25,4.70,0.19,0.19,96.5,4.54,-13,-1.1,,0.0,-0.9,-10,.314,.493,$5500000,Free Agency
102,Brad Ziegler\zieglbr01,36,2TM,68.0,69,0,21,2.78,4.47,0.06,-0.32,105.9,4.33,12,1.2,1.77,0.3,2.2,18,.518,.504,$5500000,Traded
103,Jose Quintana*\quintjo01,27,CHW,208.0,32,32,76,3.29,4.47,-0.14,0.18,97.2,4.66,29,3.2,,-0.1,5.1,52,.601,.520,$5400000,Free Agency
104,Antonio Bastardo*\bastaan01,30,2TM,67.2,69,0,37,4.92,4.49,-0.09,-0.32,97.9,4.17,-5,-0.5,.92,-0.1,-0.1,0,.492,.498,$5375000,Free Agency
105,Kevin Jepsen\jepseke01,31,2TM,49.2,58,0,35,6.34,4.53,-0.25,-0.33,98.0,4.37,-11,-1.2,1.29,-0.3,-1.0,-6,.480,.496,$5312500,Traded
106,Addison Reed\reedad01,27,NYM,77.2,80,0,18,2.09,4.45,-0.07,-0.31,97.8,4.11,18,1.9,1.48,0.3,2.9,24,.524,.512,$5300000,Traded
107,Joe Smith\smithjo05,32,2TM,52.0,54,0,20,3.46,4.58,0.25,-0.33,95.1,3.80,2,0.2,1.09,-0.1,0.5,7,.503,.500,$5250000,Traded
108,Zach Duke*\dukeza01,33,2TM,61.0,81,0,16,2.36,4.73,-0.09,-0.34,96.0,4.30,13,1.4,1.32,0.1,2.0,19,.517,.504,$5000000,Free Agency
109,Javier Lopez*\lopezja02,38,SFG,26.2,68,0,13,4.39,5.21,0.33,-0.37,99.7,4.49,0,0.0,1.64,0.0,0.3,3,.501,.500,$5000000,Free Agency
110,Matt Moore*\moorema02,27,2TM,198.1,33,33,93,4.22,4.55,0.14,0.19,96.2,4.42,3,0.3,,-0.1,2.1,23,.511,.501,$5000000,Traded
111,Jason Motte\motteja01,34,COL,23.2,30,0,15,5.70,4.54,0.07,-0.32,119.6,4.95,-2,-0.2,.89,0.0,0.0,0,.494,.499,$5000000,Free Agency
112,Hector Santiago*\santihe01,28,2TM,182.0,33,33,100,4.95,4.61,-0.05,0.19,96.7,4.69,-7,-0.7,,-0.1,0.9,13,.478,.498,$5000000,Traded
113,Jake McGee*\mcgeeja01,29,COL,45.2,57,0,25,4.93,4.63,0.08,-0.33,117.7,4.98,1,0.1,1.03,-0.1,0.4,4,.501,.500,$4800000,Traded
114,Corey Kluber\klubeco01,30,CLE,215.0,32,32,82,3.43,4.53,0.07,0.18,111.7,5.19,40,4.5,,-0.1,6.4,63,.640,.528,$4700000,Traded
115,John Axford\axforjo01,33,OAK,65.2,68,0,30,4.11,4.70,-0.48,-0.34,93.1,4.50,2,0.2,1.21,-0.1,0.8,9,.503,.501,$4500000,Free Agency
116,Carlos Carrasco\carraca01,29,CLE,146.1,25,25,64,3.94,4.67,0.07,0.19,110.8,5.30,20,2.3,,-0.1,3.6,37,.591,.514,$4500000,Traded
117,Tommy Milone*\milonto01,29,MIN,69.1,19,12,53,6.88,4.59,-0.45,0.11,101.6,5.23,-14,-1.3,.76,0.0,-0.7,-6,.430,.492,$4500000,Traded
118,Pedro Strop\stroppe01,31,CHC,47.1,54,0,16,3.04,4.58,0.44,-0.32,95.7,3.65,3,0.4,1.15,-0.1,0.7,7,.507,.502,$4400000,Traded
119,Shelby Miller\millesh01,25,ARI,101.0,20,20,72,6.42,4.40,-0.13,0.18,106.6,5.03,-15,-1.5,,-0.1,-0.7,-7,.427,.491,$4350000,Traded
120,Matt Harvey\harvema01,27,NYM,92.2,17,17,55,5.34,4.28,-0.09,0.18,101.3,4.61,-7,-0.7,,-0.1,0.0,1,.458,.496,$4325000,Amateur Draft
121,Michael Pineda\pinedmi01,27,NYY,175.2,32,32,98,5.02,4.60,0.00,0.19,102.7,4.91,-4,-0.4,,-0.1,1.2,15,.487,.497,$4300000,Traded
122,Trevor Cahill\cahiltr01,28,CHC,65.2,50,1,22,3.02,4.40,0.52,-0.27,97.6,3.53,4,0.4,.84,-0.2,0.9,10,.509,.503,$4250000,Free Agency
123,Chris Young\youngch03,37,KCR,88.2,34,13,63,6.39,4.60,0.17,0.00,102.7,4.55,-19,-1.9,.56,0.0,-1.0,-9,.444,.488,$4250000,Free Agency
124,Danny Duffy*\duffyda01,27,KCR,179.2,42,26,71,3.56,4.70,0.16,0.14,102.7,4.80,23,2.5,.76,-0.2,4.1,43,.559,.515,$4225000,Amateur Draft
125,Hector Rondon\rondohe01,28,CHC,51.0,54,0,20,3.53,4.45,0.50,-0.31,96.0,3.49,0,0.0,1.42,-0.1,0.4,4,.500,.500,$4200000,Rule 5 Draft
126,Cody Allen\allenco01,27,CLE,68.0,67,0,23,3.04,4.61,0.06,-0.33,110.5,4.66,11,1.2,1.56,0.2,2.1,19,.518,.507,$4150000,Amateur Draft
127,Jeurys Familia\familje01,26,NYM,77.2,78,0,25,2.90,4.42,-0.07,-0.31,96.7,4.05,10,1.1,1.67,0.2,2.0,17,.514,.507,$4100000,Amateur Free Agent
128,Ivan Nova\novaiv01,29,2TM,162.0,32,26,81,4.50,4.47,-0.05,0.14,103.7,4.82,5,0.6,.82,-0.1,2.0,21,.518,.501,$4100000,Rule 5 returned
129,Joe Blanton\blantjo01,35,LAD,80.0,75,0,23,2.59,4.46,0.20,-0.31,94.1,3.71,10,1.1,1.12,-0.1,1.7,17,.515,.507,$4000000,Free Agency
130,Jerry Blevins*\blevije01,32,NYM,42.0,73,0,14,3.00,4.63,-0.07,-0.33,98.3,4.30,6,0.7,1.46,0.1,1.1,10,.509,.504,$4000000,Traded
131,Jesse Chavez\chaveje01,32,2TM,67.0,62,0,36,4.84,4.48,0.22,-0.32,99.8,3.94,-7,-0.7,1.01,-0.1,-0.2,0,.488,.498,$4000000,Traded
132,Steve Cishek\cishest01,30,SEA,64.0,62,0,21,2.95,4.59,-0.07,-0.33,94.7,4.10,7,0.8,1.84,0.2,1.6,15,.513,.505,$4000000,Free Agency
133,Alex Cobb\cobbal01,28,TBR,22.0,5,5,22,9.00,4.30,0.08,0.17,98.0,4.31,-12,-1.0,,0.0,-0.8,-9,.302,.494,$4000000,Amateur Draft
134,Shawn Kelley\kellesh01,32,WSN,58.0,67,0,19,2.95,4.51,-0.04,-0.32,99.5,4.21,8,0.9,1.32,0.0,1.4,13,.513,.505,$4000000,Free Agency
135,Neftali Feliz\felizne01,28,PIT,53.2,62,0,21,3.52,4.51,-0.10,-0.32,100.3,4.31,5,0.5,1.42,0.0,1.0,9,.508,.503,$3900000,Free Agency
136,David Hernandez\hernada01,31,PHI,72.2,70,0,31,3.84,4.41,-0.17,-0.31,98.6,4.21,3,0.4,1.04,-0.2,0.9,9,.505,.502,$3900000,Free Agency
137,Brett Cecil*\cecilbr01,29,TOR,36.2,54,0,17,4.17,4.65,0.20,-0.33,103.6,4.26,0,0.0,1.27,-0.1,0.3,4,.500,.500,$3800000,Amateur Draft
138,Jonathan Broxton\broxtjo01,32,STL,60.2,66,0,32,4.75,4.54,-0.06,-0.32,97.2,4.15,-4,-0.4,.83,-0.1,0.1,1,.494,.498,$3750000,Traded
139,Drew Smyly*\smylydr01,27,TBR,175.1,30,30,103,5.29,4.49,0.07,0.18,98.9,4.56,-16,-1.6,,-0.1,0.0,3,.446,.490,$3750000,Traded
140,Jason Grilli\grillja01,39,2TM,59.0,67,0,28,4.27,4.53,0.08,-0.32,102.1,4.21,-1,-0.1,1.42,-0.1,0.4,5,.499,.500,$3500000,Free Agency
141,Tom Koehler\koehlto01,30,MIA,176.2,33,33,93,4.74,4.41,0.12,0.19,93.7,4.19,-10,-1.0,,-0.1,0.4,5,.470,.494,$3500000,Amateur Draft
142,Mike Dunn*\dunnmi01,31,MIA,42.1,51,0,16,3.40,4.43,0.12,-0.31,95.6,3.82,2,0.2,1.17,-0.1,0.5,6,.505,.501,$3450000,Traded
143,Tony Watson*\watsoto01,31,PIT,67.2,70,0,26,3.46,4.51,-0.12,-0.32,100.5,4.34,7,0.7,1.39,0.0,1.3,13,.510,.504,$3450000,Amateur Draft
144,AJ Ramos\ramosaj01,29,MIA,64.0,67,0,21,2.95,4.37,0.11,-0.31,93.4,3.69,6,0.6,1.59,0.0,1.2,11,.509,.504,$3400000,Amateur Draft
145,Junichi Tazawa\tazawju01,30,BOS,49.2,53,0,23,4.17,4.56,0.31,-0.33,107.8,4.24,0,0.0,1.31,-0.1,0.4,5,.500,.500,$3375000,Free Agency
146,Julio Teheran\teherju01,25,ATL,188.0,30,30,70,3.35,4.46,-0.13,0.19,98.5,4.71,29,3.3,,-0.1,4.8,45,.609,.520,$3300000,Amateur Free Agent
147,Shawn Tolleson\tollesh01,28,TEX,36.1,37,0,32,7.93,4.80,0.02,-0.35,106.1,4.71,-13,-1.4,1.34,-0.3,-1.3,-9,.464,.492,$3275000,Waivers
148,Raisel Iglesias\iglesra01,26,CIN,78.1,37,5,22,2.53,4.49,-0.13,-0.13,100.6,4.52,18,1.9,1.35,0.1,2.7,24,.552,.512,$3214286,Amateur Free Agent
149,Kenta Maeda\maedake01,28,LAD,175.2,32,32,72,3.69,4.32,0.21,0.18,96.1,4.12,9,1.0,,-0.1,2.4,24,.531,.506,$3125000,Free Agency
150,Tom Wilhelmsen\wilheto01,32,2TM,46.1,50,0,35,6.80,4.87,-0.04,-0.35,97.1,4.42,-13,-1.2,1.17,-0.1,-0.9,-8,.475,.497,$3100000,Free Agency
151,Jeff Locke*\lockeje01,28,PIT,127.1,30,19,81,5.73,4.55,-0.14,0.11,100.7,4.84,-12,-1.2,.74,-0.1,-0.2,-1,.460,.493,$3025000,Traded
152,Mat Latos\latosma01,28,2TM,70.0,17,12,40,5.14,4.51,-0.15,0.15,95.7,4.59,-5,-0.5,1.16,-0.1,0.1,3,.471,.498,$3000000,Free Agency
153,Juan Nicasio\nicasju01,29,PIT,118.0,52,12,64,4.88,4.50,-0.11,-0.05,99.8,4.56,-4,-0.4,1.08,-0.2,0.5,6,.493,.498,$3000000,Free Agency
154,Oliver Perez*\perezol01,34,WSN,40.0,64,0,22,4.95,4.74,-0.05,-0.33,99.9,4.45,-2,-0.2,1.19,-0.1,0.1,1,.497,.499,$3000000,Free Agency
155,Jordan Lyles\lylesjo01,25,COL,58.2,40,5,46,7.06,4.46,0.08,-0.14,120.6,5.10,-12,-1.3,1.02,-0.1,-0.8,-8,.469,.492,$2975000,Traded
156,Marc Rzepczynski*\rzepcma01,30,2TM,47.2,70,0,17,3.21,4.72,-0.37,-0.34,95.3,4.51,7,0.7,1.12,-0.1,1.1,12,.510,.503,$2950000,Traded
157,Chris Archer\archech01,27,TBR,201.1,33,33,100,4.47,4.48,0.06,0.18,98.5,4.53,-1,-0.1,,-0.1,1.8,21,.497,.499,$2916666,Traded
158,Martin Perez*\perezma02,25,TEX,198.2,33,33,110,4.98,4.71,0.02,0.19,104.3,5.10,0,0.0,,-0.1,1.8,22,.501,.500,$2900000,Amateur Free Agent
159,Jose Fernandez\fernajo02,23,MIA,182.1,29,29,63,3.11,4.47,0.09,0.19,93.0,4.25,24,2.7,,-0.1,4.1,39,.591,.516,$2800000,Amateur Draft
160,Wily Peralta\peralwi01,27,MIL,127.2,23,23,73,5.15,4.55,0.04,0.19,101.7,4.79,-4,-0.5,,-0.1,0.6,6,.480,.497,$2800000,Amateur Free Agent
161,Bryan Shaw\shawbr01,28,CLE,66.2,75,0,26,3.51,4.59,0.07,-0.33,110.1,4.61,7,0.8,1.32,0.0,1.4,15,.510,.505,$2750000,Traded
162,Daniel Hudson\hudsoda01,29,ARI,60.1,70,0,40,5.97,4.52,-0.12,-0.32,106.5,4.60,-9,-0.9,1.33,-0.3,-0.7,-4,.487,.494,$2700000,Free Agency
163,Joe Kelly\kellyjo05,28,BOS,40.0,20,6,23,5.18,4.32,0.31,-0.04,107.6,4.27,-4,-0.5,1.56,-0.1,-0.2,0,.477,.497,$2600000,Traded
164,Vance Worley\worleva01,28,BAL,86.2,35,4,37,3.84,4.50,-0.16,-0.20,107.0,4.77,8,0.8,.64,-0.3,1.4,18,.524,.505,$2600000,Waivers
165,Kelvin Herrera\herreke01,26,KCR,72.0,72,0,23,2.88,4.62,0.14,-0.33,102.4,4.24,10,1.1,1.57,0.1,1.9,18,.515,.507,$2550000,Amateur Free Agent
166,Patrick Corbin*\corbipa01,26,ARI,155.2,36,24,109,6.30,4.56,-0.12,0.11,104.5,5.01,-22,-2.1,1.09,-0.2,-0.9,-8,.441,.487,$2525000,Traded
167,Jim Johnson\johnsji04,33,ATL,64.2,65,0,23,3.20,4.48,-0.12,-0.32,98.3,4.22,8,0.8,1.56,0.1,1.5,13,.512,.505,$2500000,Free Agency
168,Tim Lincecum\linceti01,32,LAA,38.1,9,9,41,9.63,4.63,0.20,0.19,91.9,4.25,-23,-1.9,,0.0,-1.6,-19,.286,.488,$2500000,Free Agency
169,Bud Norris\norribu01,31,2TM,113.0,35,19,67,5.34,4.50,0.01,0.09,97.2,4.45,-11,-1.0,.78,-0.1,-0.1,-1,.472,.498,$2500000,Free Agency
170,Seung-hwan Oh\ohse01,33,STL,79.2,76,0,20,2.26,4.52,-0.05,-0.32,97.0,4.13,17,1.8,1.54,0.3,2.8,24,.524,.511,$2500000,Free Agency
171,Yusmeiro Petit\petityu01,31,WSN,62.0,36,1,33,4.79,4.54,-0.05,-0.27,99.2,4.29,-3,-0.3,.89,-0.1,0.1,2,.491,.498,$2500000,Free Agency
172,David Phelps\phelpda01,29,MIA,86.2,64,5,23,2.39,4.40,0.09,-0.17,95.2,3.94,15,1.6,1.46,0.1,2.5,23,.526,.510,$2500000,Traded
173,Fernando Salas\salasfe01,31,2TM,73.2,75,0,32,3.91,4.57,0.11,-0.33,93.9,3.89,-1,-0.1,1.34,-0.2,0.5,7,.499,.498,$2400000,Traded
174,Erasmo Ramirez\ramirer02,26,TBR,90.2,64,1,39,3.87,4.58,0.07,-0.30,97.3,4.10,1,0.1,1.43,-0.2,0.9,11,.502,.501,$2375000,Traded
175,Rubby De La Rosa\delarru01,27,ARI,50.2,13,10,26,4.62,4.59,-0.11,0.17,106.5,5.18,3,0.4,1.67,0.0,0.8,8,.528,.502,$2350000,Traded
176,Casey Fien\fienca01,32,2TM,39.1,39,0,24,5.49,4.38,-0.01,-0.31,96.8,3.95,-7,-0.7,.89,-0.1,-0.4,-3,.482,.498,$2275000,Waivers
177,Chad Qualls\quallch01,37,COL,32.2,44,0,22,6.06,4.64,0.09,-0.33,115.6,4.89,-4,-0.4,.66,0.0,-0.1,-1,.490,.497,$2250000,Free Agency
178,Josh Tomlin\tomlijo01,31,CLE,174.0,30,29,97,5.02,4.54,0.09,0.18,110.6,5.12,0,0.0,.08,-0.1,1.6,19,.500,.500,$2250000,Amateur Draft
179,Drew Hutchison\hutchdr01,25,2TM,24.0,9,3,14,5.25,4.60,0.05,0.02,102.1,4.67,-2,-0.2,.46,0.0,0.1,1,.481,.499,$2200000,Traded
180,Jared Hughes\hugheja02,30,PIT,59.1,67,0,24,3.64,4.71,-0.14,-0.33,98.5,4.45,6,0.6,.81,-0.2,0.9,11,.509,.504,$2175000,Amateur Draft
181,Eduardo Escobar\escobed01,27,MIN,1.0,1,0,0,0.00,4.91,-0.54,-0.35,98.0,5.00,1,0.1,.00,0.0,0.0,1,.559,.500,$2150000,Traded
182,Matt Albers\alberma01,33,CHW,51.1,58,1,44,7.71,4.58,-0.17,-0.31,96.1,4.27,-20,-2.0,1.32,-0.4,-2.0,-15,.465,.487,$2000000,Free Agency
183,Dillon Gee\geedi01,30,KCR,125.0,33,14,67,4.82,4.54,0.19,-0.03,102.9,4.45,-7,-0.7,.83,-0.1,0.4,7,.479,.496,$2000000,Free Agency
184,Tommy Hunter\hunteto02,29,2TM,34.0,33,0,13,3.44,4.51,-0.01,-0.32,108.5,4.55,4,0.4,.84,-0.1,0.6,8,.512,.501,$2000000,Free Agency
185,Franklin Morales*\moralfr01,30,TOR,4.0,5,0,4,9.00,4.85,0.22,-0.35,102.5,4.39,-2,-0.2,.78,0.0,-0.2,-2,.458,.499,$2000000,Free Agency
186,Alexi Ogando\ogandal01,32,ATL,32.0,36,0,18,5.06,4.60,-0.13,-0.32,97.0,4.28,-3,-0.3,.76,0.0,0.0,0,.493,.498,$2000000,Free Agency
187,Clayton Richard*\richacl01,32,2TM,67.2,36,9,35,4.66,4.54,0.08,0.06,94.9,4.30,-2,-0.2,.72,0.0,0.4,3,.494,.498,$2000000,Purchased
188,Alfredo Simon\simonal01,35,CIN,58.2,15,11,64,9.82,4.45,-0.18,0.12,106.6,5.06,-31,-2.7,.77,0.0,-2.2,-26,.322,.484,$2000000,Free Agency
189,Ryan Vogelsong\vogelry01,38,PIT,82.1,24,14,51,5.57,4.58,-0.13,0.10,99.8,4.80,-7,-0.7,.92,-0.1,0.0,0,.472,.496,$2000000,Free Agency
190,Josh Collmenter\collmjo01,30,2TM,41.1,18,3,17,3.70,4.45,-0.12,-0.09,103.7,4.63,4,0.5,.31,-0.1,0.8,8,.529,.501,$1825000,Amateur Draft
191,Eric O'Flaherty*\oflaher01,31,ATL,28.2,39,0,25,7.85,4.71,-0.16,-0.33,100.3,4.55,-10,-1.1,.96,0.0,-0.8,-8,.473,.494,$1750000,Purchased
192,Adam Warren\warread01,28,2TM,65.1,58,1,37,5.10,4.47,0.31,-0.28,100.1,3.89,-9,-0.9,1.23,-0.2,-0.5,-3,.485,.497,$1700000,Traded
193,Fernando Rodney\rodnefe01,39,2TM,65.1,67,0,27,3.72,4.48,0.04,-0.32,96.6,3.99,2,0.3,1.46,0.0,0.9,8,.504,.500,$1600000,Traded
194,Matt Thornton*\thornma01,39,SDP,17.0,18,0,12,6.35,4.48,-0.11,-0.32,97.8,4.19,-4,-0.4,.37,0.1,-0.2,-3,.477,.497,$1600000,Free Agency
195,Sean Doolittle*\doolise01,29,OAK,39.0,44,0,14,3.23,4.71,-0.42,-0.34,92.2,4.41,5,0.5,1.28,0.0,0.9,9,.511,.503,$1580000,Amateur Draft
196,Justin Wilson*\wilsoju10,28,DET,58.2,66,0,29,4.45,4.61,-0.33,-0.33,97.7,4.51,0,0.0,1.37,-0.1,0.4,6,.500,.500,$1525000,Traded
197,Tony Barnette\barneto01,32,TEX,60.1,53,0,16,2.39,4.70,0.02,-0.34,107.0,4.65,14,1.5,1.17,0.0,2.1,21,.529,.509,$1500000,Free Agency
198,Craig Breslow*\breslcr01,35,MIA,14.0,15,0,9,5.79,4.60,0.15,-0.32,92.0,3.79,-3,-0.3,.89,0.0,-0.2,-2,.479,.498,$1500000,Free Agency
199,Chris Capuano*\capuach01,37,MIL,24.0,16,0,11,4.13,4.56,0.03,-0.32,99.3,4.18,0,0.0,.74,-0.1,0.2,2,.502,.500,$1500000,Free Agency
200,Ryan Flaherty\flahery01,29,BAL,1.0,1,0,2,18.00,4.91,-0.34,-0.35,110.0,5.40,-1,-0.1,.00,0.1,-0.1,-1,.370,.499,$1500000,Rule 5 Draft
201,James Russell*\russeja02,30,PHI,4.1,7,0,9,18.69,4.46,-0.25,-0.31,98.1,4.32,-7,-0.7,.93,0.0,-0.6,-7,.406,.496,$1500000,Free Agency
202,Ruben Tejada\tejadru01,26,STL,1.0,1,0,2,18.00,4.33,-0.10,-0.31,96.0,3.96,-2,-0.1,.00,0.1,-0.1,-1,.359,.499,$1500000,Free Agency
203,Jacob Turner\turneja01,25,CHW,24.2,18,2,27,9.85,4.60,-0.16,-0.18,94.9,4.36,-15,-1.5,.81,0.1,-1.2,-13,.418,.491,$1500000,Waivers
204,Carlos Villanueva\villaca01,32,SDP,74.0,51,0,50,6.08,4.46,-0.10,-0.31,98.3,4.17,-15,-1.6,.93,-0.1,-1.0,-9,.470,.490,$1500000,Free Agency
205,Will Smith*\smithwi04,26,2TM,40.1,53,0,19,4.24,4.67,0.12,-0.33,97.5,4.12,0,0.0,1.49,-0.1,0.2,3,.499,.500,$1475000,Traded
206,Jeanmar Gomez\gomezje01,28,PHI,68.2,70,0,38,4.98,4.48,-0.20,-0.32,97.9,4.27,-5,-0.5,1.67,-0.3,-0.2,1,.493,.497,$1400000,Free Agency
207,J.J. Hoover\hoovejj01,28,CIN,18.2,18,0,29,13.98,4.55,-0.18,-0.32,100.7,4.44,-20,-1.9,.79,0.2,-1.6,-18,.396,.488,$1400000,Traded
208,Seth Maness\manesse01,27,STL,31.2,29,0,14,3.98,4.56,-0.07,-0.32,97.3,4.19,1,0.1,.59,-0.1,0.3,4,.503,.501,$1400000,Amateur Draft
209,Luis Avilan*\avilalu01,26,LAD,19.2,27,0,8,3.66,4.57,0.16,-0.32,99.6,4.07,1,0.1,1.19,0.0,0.3,3,.504,.501,$1390000,Traded
210,Alexi Amarista\amarial01,27,SDP,0.1,1,0,0,0.00,5.10,-0.08,-0.35,92.0,4.46,0,0.0,.00,0.0,0.0,0,.518,.500,$1350000,Traded
211,Bryan Morris\morribr01,29,MIA,17.2,24,0,7,3.57,4.53,0.11,-0.32,93.5,3.83,1,0.1,1.27,0.0,0.2,2,.503,.500,$1350000,Traded
212,Drew Pomeranz*\pomerdr01,27,2TM,170.2,31,30,65,3.43,4.51,0.08,0.18,100.5,4.63,22,2.6,1.98,-0.1,4.0,39,.583,.509,$1350000,Traded
213,Zach McAllister\mcallza01,28,CLE,52.1,53,2,21,3.61,4.67,0.08,-0.31,111.2,4.77,6,0.6,1.07,-0.1,1.1,12,.512,.504,$1300000,Traded
214,Adam Ottavino\ottavad01,30,COL,27.0,34,0,9,3.00,4.51,0.05,-0.32,121.6,5.04,6,0.7,1.50,0.1,1.0,9,.519,.504,$1300000,Waivers
215,Randall Delgado\delgara01,26,ARI,75.0,79,0,39,4.68,4.53,-0.12,-0.32,107.0,4.63,0,0.0,1.01,-0.2,0.5,6,.500,.500,$1275000,Traded
216,Justin Grimm\grimmju01,27,CHC,52.2,68,0,24,4.10,4.62,0.49,-0.33,94.4,3.59,-3,-0.3,.80,-0.1,0.1,2,.496,.498,$1275000,Traded
217,Jake Diekman*\diekmja01,29,TEX,53.0,66,0,22,3.74,4.73,0.01,-0.34,106.6,4.66,5,0.5,1.34,0.0,1.0,11,.508,.503,$1255000,Traded
218,Fernando Abad*\abadfe01,30,2TM,46.2,57,0,20,3.86,4.64,-0.17,-0.33,100.9,4.51,3,0.3,1.36,-0.1,0.7,8,.505,.502,$1250000,Traded
219,Matt Belisle\belisma01,36,WSN,46.0,40,0,13,2.54,4.33,-0.05,-0.31,102.1,4.16,9,0.9,.83,-0.2,1.1,12,.523,.506,$1250000,Free Agency
220,Brad Brach\brachbr01,30,BAL,79.0,71,0,23,2.62,4.58,-0.12,-0.33,105.4,4.61,17,1.7,1.26,0.0,2.6,25,.525,.511,$1250000,Traded
221,Joel Peralta\peraljo01,40,2TM,27.1,31,0,19,6.26,4.60,0.01,-0.33,96.8,4.12,-7,-0.7,1.28,-0.2,-0.6,-4,.478,.498,$1250000,Free Agency
222,Robbie Ross*\rossro01,27,BOS,55.1,54,0,21,3.42,4.51,0.30,-0.32,109.4,4.25,5,0.5,1.05,-0.1,0.9,11,.509,.503,$1250000,Traded
223,Chris Narveson*\narvech01,34,MIA,8.1,6,0,8,8.64,4.59,0.14,-0.32,89.7,3.70,-5,-0.4,1.74,-0.2,-0.6,-4,.426,.497,$1200000,Free Agency
224,Yordano Ventura\ventuyo01,25,KCR,186.0,32,32,96,4.65,4.65,0.18,0.19,102.7,4.78,1,0.1,,-0.1,1.8,21,.502,.500,$1200000,Amateur Free Agent
225,Drew Butera\buterdr01,32,KCR,1.1,2,0,0,0.00,4.96,0.16,-0.36,106.0,4.70,1,0.1,.00,0.0,0.1,1,.536,.500,$1162500,Free Agency
226,George Kontos\kontoge01,31,SFG,53.1,57,0,19,3.21,4.61,0.31,-0.32,99.7,3.96,5,0.5,1.01,-0.1,0.9,9,.509,.503,$1150000,Traded
227,Al Alburquerque\albural01,30,LAA,2.0,2,0,3,13.50,4.68,0.24,-0.34,88.0,3.61,-2,-0.2,.18,0.1,-0.1,-2,.395,.499,$1100000,Free Agency
228,Chris Hatcher\hatchch02,31,LAD,40.2,37,0,26,5.75,4.40,0.22,-0.31,94.6,3.66,-9,-0.9,1.06,-0.1,-0.7,-6,.475,.494,$1065000,Traded
229,Darwin Barney\barneda01,30,TOR,1.0,1,0,1,9.00,3.93,0.22,-0.28,104.0,3.57,-1,-0.1,2.35,0.0,-0.1,-1,.439,.500,$1050000,Traded
230,Aaron Loup*\loupaa01,28,TOR,14.1,21,0,8,5.02,4.81,0.20,-0.35,101.9,4.34,-1,-0.1,.69,0.0,0.0,0,.494,.499,$1050000,Amateur Draft
231,Fernando Rodriguez\rodrife02,32,OAK,40.2,34,0,19,4.20,4.67,-0.42,-0.34,93.4,4.44,1,0.1,.86,-0.1,0.4,5,.502,.500,$1050000,Traded
232,Joba Chamberlain\chambjo03,30,CLE,20.0,20,0,6,2.70,4.52,0.07,-0.32,106.0,4.37,3,0.4,.60,-0.1,0.5,6,.518,.502,$1000000,Free Agency
233,Tyler Chatwood\chatwty01,26,COL,158.0,27,27,75,4.27,4.54,0.07,0.19,116.0,5.40,21,2.3,,-0.1,3.6,34,.584,.514,$1000000,Traded
234,Ross Detwiler*\detwiro01,30,2TM,48.2,16,7,34,6.29,4.59,-0.52,0.08,99.2,5.12,-7,-0.7,.83,0.0,-0.2,-2,.458,.498,$1000000,Free Agency
235,Gavin Floyd\floydga01,33,TOR,31.0,28,0,14,4.06,4.51,0.19,-0.32,103.2,4.12,0,0.0,1.54,-0.1,0.2,3,.499,.500,$1000000,Free Agency
236,Cory Luebke*\luebkco01,31,PIT,8.2,9,0,9,9.35,4.74,-0.15,-0.33,101.5,4.63,-5,-0.4,.39,0.1,-0.3,-4,.450,.497,$1000000,Free Agency
237,Dustin McGowan\mcgowdu01,34,MIA,67.0,55,0,26,3.49,4.44,0.11,-0.31,93.4,3.75,2,0.2,.74,-0.2,0.7,8,.504,.501,$1000000,Free Agency
238,Ryan Webb\webbry01,30,TBR,17.1,18,0,11,5.71,4.64,0.08,-0.33,97.3,4.11,-3,-0.3,.43,0.1,-0.1,-1,.481,.498,$1000000,Free Agency
239,Zach Putnam\putnaza01,28,CHW,27.1,25,0,7,2.30,4.42,-0.13,-0.32,96.1,4.07,5,0.5,.81,-0.1,0.7,8,.521,.503,$975000,Free Agency
240,Blaine Boyer\boyerbl01,34,MIL,66.0,61,0,30,4.09,4.61,0.04,-0.33,101.6,4.32,2,0.2,.79,-0.2,0.6,8,.503,.501,$950000,Free Agency
241,Carlos Torres\torreca01,33,MIL,82.1,72,0,26,2.84,4.65,0.03,-0.33,101.5,4.35,14,1.5,1.23,0.0,2.3,21,.521,.509,$950000,Free Agency
242,Josh Fields\fieldjo03,30,2TM,35.0,37,0,22,5.66,4.45,0.26,-0.32,98.0,3.80,-7,-0.7,.57,0.2,-0.2,-4,.480,.498,$900000,Rule 5 Draft
243,Nate Jones\jonesna01,30,CHW,70.2,71,0,20,2.55,4.58,-0.12,-0.33,96.2,4.20,12,1.3,1.70,0.3,2.3,20,.518,.508,$900000,Amateur Draft
244,Andrew Romine\rominan01,30,DET,0.2,1,0,0,0.00,3.98,-0.38,-0.28,106.0,4.32,0,0.0,.00,0.0,0.0,0,.533,.500,$900000,Traded
245,Tanner Scheppers\schepta01,29,TEX,8.2,10,0,4,4.15,5.08,0.02,-0.37,101.7,4.78,1,0.1,1.80,0.0,0.1,1,.505,.500,$900000,Amateur Draft
246,Arodys Vizcaino\vizcaar01,25,ATL,38.2,43,0,25,5.82,4.55,-0.12,-0.32,98.1,4.27,-6,-0.7,1.41,-0.2,-0.5,-3,.485,.496,$897500,Traded
247,Dana Eveland*\evelada01,32,TBR,23.0,33,0,23,9.00,4.70,0.07,-0.34,96.7,4.15,-13,-1.3,.80,0.1,-1.0,-10,.461,.492,$895000,Free Agency
248,Erik Kratz\kratzer01,36,2TM,2.0,2,0,2,9.00,4.82,0.23,-0.35,96.0,4.08,-1,-0.1,.00,0.0,0.0,-1,.454,.500,$850000,Traded
249,Dan Jennings*\jennida01,29,CHW,60.2,64,0,18,2.67,4.58,-0.14,-0.33,96.2,4.22,10,1.0,1.08,-0.1,1.5,16,.516,.506,$810000,Traded
250,Evan Scribner\scribev01,30,SEA,14.0,12,0,0,0.00,4.64,-0.07,-0.33,91.2,3.99,6,0.7,1.05,0.0,0.8,8,.554,.504,$807500,Traded
251,Ross Ohlendorf\ohlenro01,33,CIN,65.2,64,0,35,4.80,4.55,-0.14,-0.32,102.6,4.48,-2,-0.2,1.10,-0.2,0.2,4,.497,.499,$800000,Free Agency
252,Jeff Manship\manshje01,31,CLE,43.1,53,0,20,4.15,4.66,0.08,-0.34,109.9,4.67,2,0.2,1.03,-0.1,0.6,7,.504,.501,$760000,Free Agency
253,Louis Coleman\colemlo01,30,LAD,48.0,61,0,27,5.06,4.47,0.22,-0.32,93.4,3.67,-7,-0.7,1.07,-0.1,-0.4,-3,.488,.495,$725000,Free Agency
254,Chaz Roe\roech01,29,2TM,29.2,30,0,12,3.64,4.54,-0.11,-0.32,99.2,4.30,2,0.2,1.05,-0.1,0.4,5,.507,.501,$720000,Waivers
255,Jason Gurka*\gurkaja01,28,COL,9.2,6,0,10,9.31,4.61,0.09,-0.32,122.0,5.12,-4,-0.4,.79,0.0,-0.3,-4,.428,.497,$660000,Free Agency
256,Josh Edgin*\edginjo01,29,NYM,10.1,16,0,6,5.23,4.63,-0.07,-0.33,98.4,4.31,-1,-0.1,.82,0.0,0.0,0,.494,.499,$625000,Amateur Draft
257,Chris Withrow\withrch01,27,ATL,37.2,46,0,16,3.82,4.61,-0.13,-0.32,97.2,4.29,2,0.2,1.21,-0.1,0.5,5,.505,.501,$610000,Traded
258,Jacob deGrom\degroja01,28,NYM,148.0,24,24,53,3.22,4.44,-0.08,0.19,97.2,4.58,23,2.6,,-0.1,3.8,35,.607,.516,$607000,Amateur Draft
259,Jim Henderson\hendeji01,33,NYM,35.0,44,0,17,4.37,4.45,-0.08,-0.31,99.1,4.17,-1,-0.1,1.02,-0.1,0.2,2,.499,.500,$600000,Free Agency
260,Blake Wood\woodbl01,30,CIN,76.2,70,0,38,4.46,4.59,-0.13,-0.32,101.5,4.46,0,0.0,1.21,-0.2,0.6,7,.501,.500,$600000,Free Agency
261,Joe Wieland\wielajo01,26,SEA,5.0,1,1,6,10.80,4.68,-0.12,0.19,88.0,4.39,-4,-0.3,,0.0,-0.2,-3,.229,.498,$590000,Traded
262,Kyle Gibson\gibsoky01,28,MIN,147.1,25,25,89,5.44,4.46,-0.43,0.18,100.6,5.10,-7,-0.7,,-0.1,0.6,9,.471,.496,$587500,Amateur Draft
263,Tommy Layne*\layneto01,31,2TM,44.2,63,0,18,3.63,4.73,0.20,-0.34,110.0,4.60,4,0.5,.92,-0.1,0.8,9,.507,.501,$563750,Free Agency
264,Roenis Elias*\eliasro01,27,BOS,7.2,3,1,11,12.91,4.91,0.47,-0.06,108.5,4.75,-7,-0.6,.21,0.1,-0.4,-6,.302,.496,$558000,Traded
265,Jarred Cosart\cosarja01,26,2TM,57.0,13,13,41,6.47,4.23,-0.02,0.18,96.3,4.28,-14,-1.3,,0.0,-0.8,-9,.401,.496,$550000,Traded
266,Cory Gearrin\gearrco01,30,SFG,48.1,56,0,24,4.47,4.54,0.29,-0.32,98.9,3.88,-3,-0.3,1.54,-0.2,-0.1,1,.495,.498,$550000,Free Agency
267,Trevor May\maytr01,26,MIN,42.2,44,0,26,5.48,4.55,-0.33,-0.33,102.8,4.68,-4,-0.4,1.14,-0.1,-0.1,0,.490,.497,$545000,Traded
268,Tanner Roark\roarkta01,29,WSN,210.0,34,33,72,3.09,4.34,-0.05,0.18,98.3,4.49,34,3.8,1.49,-0.2,5.5,51,.611,.523,$543400,Traded
269,Gerrit Cole\colege01,25,PIT,116.0,21,21,57,4.42,4.59,-0.13,0.19,99.5,4.89,7,0.7,,-0.1,1.6,16,.534,.504,$541000,Amateur Draft
270,Kyle Hendricks\hendrky01,26,CHC,190.0,31,30,53,2.51,4.43,0.53,0.18,96.2,3.93,31,3.5,.62,-0.2,5.0,47,.612,.521,$541000,Traded
271,Anthony DeSclafani\desclan01,26,CIN,123.1,20,20,51,3.72,4.53,-0.14,0.19,102.1,4.97,18,2.0,,-0.1,3.0,28,.598,.512,$540000,Traded
272,Carlos Martinez\martica04,24,STL,195.1,31,31,68,3.13,4.53,-0.06,0.19,97.6,4.66,34,3.8,,-0.1,5.4,50,.623,.524,$539000,Free Agency
273,Kevin Siegrist*\siegrke01,26,STL,61.2,67,0,20,2.92,4.57,-0.05,-0.32,98.1,4.21,9,1.0,1.66,0.2,1.7,14,.514,.506,$539000,Amateur Draft
274,Michael Wacha\wachami01,24,STL,138.0,27,24,86,5.61,4.45,-0.06,0.17,97.7,4.58,-15,-1.5,.35,-0.1,-0.4,-4,.444,.491,$539000,Amateur Draft
275,Danny Salazar\salazda01,26,CLE,137.1,25,25,61,4.00,4.53,0.07,0.18,109.5,5.09,15,1.6,,-0.1,2.9,30,.566,.510,$536200,Amateur Free Agent
276,Noah Syndergaard\syndeno01,23,NYM,183.2,31,30,61,2.99,4.51,-0.07,0.19,96.4,4.59,34,3.8,1.73,-0.1,5.3,49,.622,.523,$535375,Traded
277,Jake Petricka\petrija01,28,CHW,8.0,9,0,5,5.63,5.17,-0.14,-0.37,95.4,4.71,-1,-0.1,1.00,0.0,0.0,0,.490,.499,$535000,Amateur Draft
278,Chasen Shreve*\shrevch01,25,NYY,33.0,37,0,19,5.18,4.59,0.00,-0.33,106.9,4.55,-3,-0.3,.87,-0.1,0.0,1,.492,.498,$533400,Traded
279,Vidal Nuno*\nunovi01,28,SEA,58.2,55,1,23,3.53,4.71,-0.09,-0.31,95.3,4.28,4,0.4,.99,-0.1,0.9,11,.508,.503,$532900,Traded
280,Arquimedes Caminero\caminar01,29,2TM,60.2,57,0,31,4.60,4.70,-0.12,-0.33,97.9,4.39,-1,-0.1,.88,-0.2,0.3,4,.498,.501,$532500,Purchased
281,Kevin Gausman\gausmke01,25,BAL,179.2,30,30,76,3.81,4.54,-0.15,0.18,104.2,5.08,23,2.6,,-0.1,4.2,43,.586,.516,$532000,Amateur Draft
282,Tony Cingrani*\cingrto01,26,CIN,63.0,65,0,30,4.29,4.58,-0.14,-0.32,103.1,4.53,2,0.2,1.45,-0.1,0.7,7,.503,.501,$530000,Amateur Draft
283,Chris Heston\hestoch01,28,SFG,5.0,4,0,6,10.80,4.22,0.41,-0.30,120.9,4.25,-4,-0.3,1.51,-0.1,-0.4,-3,.413,.498,$530000,Amateur Draft
284,Matt Shoemaker\shoemma01,29,LAA,160.0,27,27,71,3.99,4.64,0.16,0.19,94.0,4.38,5,0.5,,-0.1,2.0,23,.520,.503,$530000,Amateur Free Agent
285,Alex Wood*\woodal02,25,LAD,60.1,14,10,30,4.48,4.51,0.21,0.16,94.9,4.23,-1,-0.1,.26,0.0,0.4,4,.490,.499,$530000,Traded
286,Collin McHugh\mchugco01,29,HOU,184.2,33,33,92,4.48,4.76,0.31,0.19,94.0,4.37,-5,-0.5,,-0.1,1.2,16,.486,.497,$529000,Waivers
287,Carson Smith\smithca02,26,BOS,2.2,3,0,1,3.38,4.82,0.32,-0.35,108.9,4.52,0,0.0,.59,0.0,0.1,1,.511,.500,$529000,Traded
288,Taijuan Walker\walketa01,23,SEA,134.1,25,25,75,5.02,4.52,-0.09,0.18,95.5,4.59,-8,-0.8,,-0.1,0.4,7,.467,.495,$528600,Amateur Draft
289,Ken Giles\gileske01,25,HOU,65.2,69,0,32,4.39,4.62,0.24,-0.33,92.7,3.76,-5,-0.6,1.57,-0.3,-0.2,2,.492,.497,$528200,Traded
290,Sonny Gray\grayso01,26,OAK,117.0,22,22,80,6.15,4.62,-0.51,0.19,94.3,5.02,-16,-1.6,,-0.1,-0.5,-3,.428,.490,$527500,Amateur Draft
291,Danny Farquhar\farquda01,29,TBR,35.1,35,0,14,3.57,4.52,0.06,-0.33,98.5,4.08,2,0.2,1.11,-0.1,0.5,5,.505,.501,$527000,Traded
292,Brandon Maurer\maurebr01,25,SDP,69.2,71,0,37,4.78,4.47,-0.09,-0.32,97.8,4.15,-5,-0.5,1.30,-0.2,-0.1,1,.493,.497,$526400,Traded
293,Will Harris\harriwi10,31,HOU,64.0,66,0,17,2.39,4.65,0.27,-0.33,92.9,3.76,9,0.9,1.48,0.1,1.7,16,.514,.506,$525500,Waivers
294,Nick Vincent\vinceni01,29,SEA,60.1,60,0,26,3.88,4.63,-0.08,-0.33,95.2,4.17,1,0.1,1.39,-0.1,0.6,8,.502,.501,$525500,Traded
295,Sam Dyson\dysonsa01,28,TEX,70.1,73,0,19,2.43,4.72,0.02,-0.34,104.6,4.57,16,1.7,1.83,0.5,2.9,24,.523,.510,$525270,Traded
296,Jumbo Diaz\diazju03,32,CIN,43.0,45,0,20,4.19,4.61,-0.14,-0.33,102.1,4.52,2,0.2,.64,-0.1,0.5,5,.504,.501,$525000,Free Agency
297,Blake Treinen\treinbl01,28,WSN,67.0,73,0,19,2.55,4.41,-0.04,-0.31,99.6,4.13,12,1.3,1.34,0.1,1.9,18,.517,.508,$524900,Traded
298,Chase Whitley\whitlch01,27,TBR,14.1,5,1,7,4.40,4.36,0.07,-0.18,102.1,4.20,0,0.0,1.14,0.0,0.1,1,.490,.500,$524525,Waivers
299,Neil Ramirez\ramirne01,27,3TM,24.0,18,0,16,6.00,4.41,-0.10,-0.31,98.4,4.13,-5,-0.5,.73,0.0,-0.2,-3,.471,.499,$524500,Traded
300,Xavier Cedeno*\cedenxa01,29,TBR,41.1,54,0,17,3.70,4.77,0.06,-0.34,96.0,4.19,2,0.2,1.55,0.0,0.6,6,.503,.501,$524100,Purchased
301,Mike Fiers\fiersmi01,31,HOU,168.2,31,30,89,4.75,4.60,0.33,0.17,94.2,4.19,-12,-1.2,.64,-0.1,0.3,6,.460,.492,$524100,Traded
302,Nate Karns\karnsna01,28,SEA,94.1,22,15,55,5.25,4.63,-0.09,0.11,96.3,4.65,-7,-0.7,.32,0.0,0.2,3,.466,.495,$523700,Traded
303,T.J. McFarland*\mcfartj01,27,BAL,24.2,16,0,19,6.93,4.33,-0.19,-0.31,108.0,4.54,-7,-0.7,.77,0.0,-0.4,-4,.457,.496,$523500,Rule 5 Draft
304,Liam Hendriks\hendrli01,27,OAK,64.2,53,0,31,4.31,4.74,-0.47,-0.34,94.4,4.59,1,0.1,1.02,-0.2,0.6,8,.502,.501,$523400,Traded
305,Alex Wilson\wilsoal01,29,DET,73.0,62,0,26,3.21,4.57,-0.36,-0.33,98.7,4.54,10,1.0,1.26,0.0,1.8,18,.517,.506,$522500,Traded
306,Jimmy Nelson\nelsoji02,27,MIL,179.1,32,32,108,5.42,4.62,0.03,0.19,101.3,4.85,-11,-1.1,,-0.1,0.4,4,.467,.493,$522300,Amateur Draft
307,Alex Colome\colomal01,27,TBR,56.2,57,0,12,1.91,4.61,0.05,-0.33,96.0,4.06,13,1.4,1.65,0.3,2.3,19,.524,.508,$521700,Amateur Free Agent
308,Luis Severino\severlu01,22,NYY,71.0,22,11,48,6.08,4.63,0.00,0.02,105.9,4.92,-10,-1.0,.81,-0.1,-0.4,-2,.455,.494,$521300,Amateur Free Agent
309,Kevin Quackenbush\quackke01,27,SDP,59.2,60,0,27,4.07,4.53,-0.10,-0.32,99.2,4.28,2,0.2,1.03,-0.1,0.6,7,.503,.501,$521200,Amateur Draft
310,Robbie Ray*\rayro02,24,ARI,174.1,32,32,105,5.42,4.48,-0.11,0.19,105.1,5.02,-7,-0.7,,-0.1,0.7,8,.478,.496,$521000,Traded
311,Eduardo Rodriguez*\rodried05,23,BOS,107.0,20,20,58,4.88,4.45,0.32,0.18,106.5,4.59,-5,-0.5,,-0.1,0.5,7,.477,.497,$521000,Traded
312,J.B. Shuck*\shuckja01,29,CHW,1.0,1,0,1,9.00,4.80,-0.18,-0.34,90.0,4.17,-1,-0.1,.00,0.0,0.0,0,.446,.500,$521000,Waivers
313,Sam Freeman*\freemsa01,29,MIL,7.2,7,0,11,12.91,4.80,0.04,-0.34,98.6,4.36,-7,-0.7,.07,0.3,-0.3,-7,.402,.496,$520700,Purchased
314,Jake Odorizzi\odorija01,26,TBR,187.2,33,33,80,3.84,4.48,0.07,0.18,98.3,4.52,12,1.3,,-0.1,3.0,33,.539,.508,$520700,Traded
315,Blaine Hardy*\hardybl01,29,DET,25.2,21,0,11,3.86,4.37,-0.36,-0.31,98.9,4.37,1,0.1,.53,-0.1,0.3,4,.506,.501,$520500,Free Agency
316,Chase Anderson\anderch01,28,MIL,151.2,31,30,83,4.93,4.58,0.03,0.19,101.0,4.78,-2,-0.2,.74,-0.1,1.1,11,.494,.499,$520200,Traded
317,Ryan Goins\goinsry01,28,TOR,1.0,1,0,0,0.00,3.93,0.28,-0.28,104.0,3.51,0,0.0,2.35,0.0,0.1,0,.541,.500,$520200,Amateur Draft
318,Pedro Baez\baezpe01,28,LAD,74.0,73,0,27,3.28,4.41,0.20,-0.31,95.1,3.71,4,0.4,1.17,-0.1,1.0,10,.506,.503,$520000,Amateur Free Agent
319,Ryan Buchter*\buchtry01,29,SDP,63.0,67,0,20,2.86,4.47,-0.07,-0.32,97.1,4.10,9,1.0,1.11,-0.1,1.4,14,.514,.506,$520000,Free Agency
320,Kyle Lobstein*\lobstky01,26,PIT,25.0,14,0,11,3.96,4.64,-0.13,-0.33,106.3,4.72,2,0.2,.92,-0.1,0.4,4,.517,.501,$520000,Purchased
321,Mike Morin\morinmi01,25,LAA,55.2,60,0,31,5.01,4.61,0.16,-0.33,92.7,3.82,-8,-0.8,1.05,-0.2,-0.4,-2,.486,.495,$520000,Amateur Draft
322,Dan Otero\oteroda01,31,CLE,70.2,62,0,14,1.78,4.59,0.08,-0.33,111.4,4.66,22,2.3,.88,-0.3,2.7,30,.538,.514,$520000,Purchased
323,Ryan Pressly\pressry01,27,MIN,75.1,72,0,34,4.06,4.48,-0.41,-0.32,100.3,4.58,3,0.4,1.39,-0.1,1.0,12,.505,.502,$520000,Rule 5 Draft
324,Jose Alvarez*\alvarjo02,27,LAA,57.1,64,0,29,4.55,4.74,0.18,-0.34,94.4,3.99,-4,-0.4,1.04,-0.1,0.0,2,.493,.497,$519500,Traded
325,Steve Geltz\geltzst01,28,TBR,26.2,27,0,17,5.74,4.58,0.07,-0.33,96.4,4.03,-5,-0.5,.61,0.0,-0.2,-2,.480,.497,$519300,Traded
326,Brad Boxberger\boxbebr01,28,TBR,24.1,27,0,13,4.81,4.39,0.07,-0.32,98.7,3.96,-3,-0.3,1.36,-0.1,-0.1,0,.490,.498,$519200,Traded
327,Nick Martinez\martini01,25,TEX,38.2,12,5,24,5.59,4.73,0.02,-0.01,105.4,4.95,-3,-0.3,.83,0.0,0.0,1,.473,.498,$519190,Amateur Draft
328,Jeremy Jeffress\jeffrje01,28,2TM,58.0,59,0,17,2.64,4.50,0.03,-0.32,103.0,4.28,11,1.1,1.50,0.1,1.8,16,.519,.505,$519100,Free Agency
329,Bryan Holaday\holadbr01,28,TEX,1.1,1,0,0,0.00,4.68,0.01,-0.34,98.0,4.24,1,0.1,.00,0.0,0.0,1,.567,.500,$519000,Traded
330,Taylor Jungmann\jungmta01,26,MIL,26.2,8,6,24,8.10,4.63,0.04,0.16,100.2,4.75,-10,-0.9,.08,0.0,-0.7,-8,.386,.494,$518500,Amateur Draft
331,Keone Kela\kelake01,23,TEX,34.0,35,0,23,6.09,4.66,0.01,-0.34,105.7,4.56,-6,-0.6,1.18,-0.1,-0.4,-2,.482,.496,$518000,Amateur Draft
332,Brett Oberholtzer*\oberhbr01,26,2TM,70.1,37,2,47,6.01,4.58,-0.09,-0.30,97.9,4.29,-13,-1.3,.49,0.2,-0.5,-7,.464,.497,$518000,Waivers
333,Carlos Rodon*\rodonca01,23,CHW,165.0,28,28,82,4.47,4.36,-0.14,0.18,97.5,4.56,0,0.0,,-0.1,1.5,18,.499,.500,$518000,Amateur Draft
334,Aaron Sanchez\sanchaa01,23,TOR,192.0,30,30,69,3.23,4.45,0.21,0.18,105.0,4.64,28,3.1,,-0.1,4.9,49,.603,.519,$517800,Amateur Draft
335,Carlos Frias\friasca01,26,LAD,4.0,1,0,0,0.00,4.57,0.22,-0.32,86.0,3.47,2,0.2,.07,-0.1,0.1,2,.680,.501,$517500,Amateur Free Agent
336,Yimi Garcia\garciyi01,25,LAD,8.1,9,0,3,3.24,4.37,0.27,-0.31,98.0,3.72,0,0.1,1.00,0.0,0.1,1,.506,.500,$517500,Amateur Free Agent
337,Aaron Nola\nolaaa01,23,PHI,111.0,20,20,68,5.51,4.44,-0.18,0.19,98.1,4.72,-9,-0.9,,-0.1,0.0,0,.454,.494,$517500,Amateur Draft
338,Hunter Strickland\strichu01,27,SFG,61.0,72,0,21,3.10,4.46,0.29,-0.31,99.0,3.82,5,0.5,1.49,0.0,1.1,10,.508,.503,$517500,Waivers
339,Shane Greene\greensh02,27,DET,60.1,50,3,39,5.82,4.41,-0.33,-0.21,100.5,4.55,-9,-0.9,1.45,-0.3,-0.6,-2,.481,.494,$517000,Traded
340,Lance McCullers\mcculla02,22,HOU,81.0,14,14,29,3.22,4.66,0.25,0.19,91.8,4.22,8,0.9,,-0.1,1.6,17,.563,.505,$516700,Amateur Draft
341,Bryan Mitchell\mitchbr01,25,NYY,25.0,5,5,13,4.68,4.64,0.00,0.19,107.4,5.18,1,0.1,,0.0,0.4,4,.523,.501,$516650,Amateur Draft
342,Michael Lorenzen\lorenmi01,24,CIN,50.0,35,0,16,2.88,4.67,-0.13,-0.33,100.0,4.47,9,1.0,1.06,-0.1,1.3,13,.528,.506,$516500,Amateur Draft
343,Hansel Robles\robleha01,25,NYM,77.2,68,0,32,3.71,4.40,-0.07,-0.31,98.2,4.09,4,0.4,1.16,-0.1,0.9,10,.506,.502,$516500,Amateur Free Agent
344,Roberto Osuna\osunaro01,21,TOR,74.0,72,0,23,2.80,4.54,0.19,-0.33,103.9,4.18,11,1.1,1.71,0.2,2.1,19,.515,.507,$516100,Free Agency
345,Felipe Rivero*\riverfe01,24,2TM,77.0,75,0,39,4.56,4.51,-0.06,-0.32,98.9,4.20,-3,-0.3,1.29,-0.2,0.2,4,.496,.499,$516100,Traded
346,Jerad Eickhoff\eickhje01,25,PHI,197.1,33,33,88,4.01,4.45,-0.18,0.19,98.7,4.76,17,1.9,,-0.1,3.5,34,.557,.512,$516000,Traded
347,Vince Velasquez\velasvi01,24,PHI,131.0,24,24,64,4.40,4.44,-0.16,0.19,98.8,4.73,6,0.6,,-0.1,1.7,17,.525,.504,$516000,Traded
348,Marcus Stroman\stromma01,25,TOR,204.0,32,32,104,4.59,4.49,0.22,0.18,102.1,4.54,-3,-0.3,,-0.1,1.5,19,.489,.498,$515900,Amateur Draft
349,Steven Matz*\matzst01,25,NYM,132.1,22,22,53,3.60,4.43,-0.08,0.19,97.6,4.59,15,1.7,,-0.1,2.7,26,.575,.510,$515750,Amateur Draft
350,Andrew Heaney*\heanean01,25,LAA,6.0,1,1,4,6.00,5.51,0.16,0.22,88.0,4.90,-1,-0.1,,0.0,0.0,0,.422,.500,$515000,Traded
351,Mike Montgomery*\montgmi01,26,2TM,100.0,49,7,33,2.97,4.50,0.14,-0.14,97.1,4.09,12,1.3,.85,-0.2,2.0,22,.526,.505,$515000,Traded
352,Hector Neris\nerishe01,27,PHI,80.1,79,0,26,2.91,4.43,-0.15,-0.31,98.4,4.20,12,1.2,1.32,0.0,2.0,19,.516,.508,$515000,Amateur Free Agent
353,Josh Ravin\ravinjo01,28,LAD,9.2,10,0,1,0.93,4.31,0.14,-0.30,94.2,3.64,3,0.3,.36,-0.1,0.3,4,.531,.502,$515000,Free Agency
354,Tyler Skaggs*\skaggty01,24,LAA,49.2,10,10,23,4.17,4.61,0.15,0.19,97.1,4.51,1,0.1,,0.0,0.6,7,.514,.501,$515000,Traded
355,Michael Tonkin\tonkimi01,26,MIN,71.2,65,0,46,5.78,4.57,-0.38,-0.33,99.7,4.61,-10,-1.0,.80,-0.1,-0.4,-2,.484,.494,$515000,Amateur Draft
356,Logan Verrett\verrelo01,26,NYM,91.2,35,12,55,5.40,4.44,-0.09,0.01,98.5,4.47,-9,-0.9,.50,0.0,-0.1,-1,.474,.494,$514875,Rule 5 returned
357,Daniel Norris*\norrida01,23,DET,69.1,14,13,30,3.89,4.47,-0.35,0.17,99.7,4.98,8,0.8,.25,-0.1,1.5,15,.558,.505,$514500,Traded
358,Cory Rasmus\rasmuco02,28,LAA,24.2,19,1,16,5.84,4.61,0.17,-0.28,93.4,3.88,-6,-0.6,.51,0.1,-0.3,-3,.470,.496,$514500,Traded
359,Steven Wright\wrighst01,31,BOS,156.2,24,24,74,4.25,4.49,0.32,0.18,108.4,4.72,6,0.7,,-0.1,2.1,24,.528,.504,$514500,Traded
360,Joe Ross\rossjo01,23,WSN,105.0,19,19,43,3.69,4.53,-0.05,0.19,96.4,4.60,11,1.2,,-0.1,2.1,20,.564,.508,$514400,Traded
361,Michael Blazek\blazemi01,27,MIL,41.1,41,0,31,6.75,4.60,0.04,-0.32,101.7,4.31,-11,-1.1,1.10,-0.2,-0.9,-8,.473,.493,$514200,Traded
362,Dalier Hinojosa\hinojda01,30,PHI,11.0,10,0,4,3.27,4.38,-0.18,-0.31,100.4,4.28,1,0.1,1.02,0.0,0.2,2,.514,.501,$514000,Waivers
363,Tyler Thornburg\thornty01,27,MIL,67.0,67,0,19,2.55,4.62,0.02,-0.33,102.0,4.36,14,1.5,1.87,0.5,2.5,19,.522,.509,$513900,Amateur Draft
364,Bo Schultz\schulbo02,30,TOR,16.1,16,0,10,5.51,4.72,0.25,-0.34,100.4,4.16,-3,-0.3,.70,0.0,-0.1,-1,.483,.498,$513300,Waivers
365,Corey Knebel\knebeco01,24,MIL,32.2,35,0,20,5.51,4.60,0.03,-0.32,103.3,4.39,-4,-0.4,1.32,-0.1,-0.2,-1,.489,.498,$513000,Traded
366,Christian Bergman\bergmch01,28,COL,24.2,15,1,24,8.76,4.73,0.09,-0.23,113.7,5.03,-10,-1.0,.65,0.1,-0.7,-8,.434,.494,$512500,Amateur Draft
367,Chad Bettis\bettich01,27,COL,186.0,32,32,107,5.18,4.44,0.08,0.19,115.0,5.24,2,0.2,,-0.1,1.7,18,.507,.501,$512500,Amateur Draft
368,Adam Conley*\conlead01,26,MIA,133.1,25,25,59,3.98,4.35,0.12,0.18,95.0,4.19,4,0.4,,-0.1,1.5,15,.516,.502,$512500,Amateur Draft
369,Kendall Graveman\graveke01,25,OAK,186.0,31,31,87,4.21,4.70,-0.53,0.19,92.7,5.02,15,1.6,,-0.1,3.3,35,.551,.510,$512500,Traded
370,Tyler Lyons*\lyonsty01,28,STL,48.0,30,0,18,3.38,4.64,-0.05,-0.33,96.7,4.22,5,0.5,.72,-0.2,0.8,9,.517,.503,$512500,Amateur Draft
371,Michael Mariot\mariomi01,27,PHI,21.2,25,0,14,5.82,4.55,-0.16,-0.32,96.9,4.25,-4,-0.4,1.14,-0.1,-0.3,-2,.485,.498,$512500,Waivers
372,Josh Osich*\osichjo01,27,SFG,36.1,59,0,20,4.95,4.82,0.32,-0.34,101.6,4.24,-3,-0.3,1.43,-0.1,-0.1,0,.495,.498,$512500,Amateur Draft
373,Josh Phegley\phegljo01,28,OAK,0.2,1,0,0,0.00,4.17,-0.22,-0.30,110.0,4.50,0,0.0,.00,0.0,0.0,0,.535,.500,$512500,Traded
374,Chris Rusin*\rusinch01,29,COL,84.1,29,7,36,3.84,4.63,0.07,-0.09,114.8,5.14,13,1.4,.94,-0.2,2.0,20,.547,.508,$512500,Waivers
375,Ryan Tepera\teperry01,28,TOR,18.1,20,0,8,3.93,4.54,0.22,-0.33,102.3,4.09,0,0.0,.47,0.0,0.2,2,.501,.500,$512200,Amateur Draft
376,Dan Straily\straida01,27,CIN,191.1,34,31,80,3.76,4.49,-0.14,0.17,102.2,4.91,25,2.8,.61,-0.2,4.3,41,.582,.517,$512100,Waivers
377,Luis Sardinas\sardilu01,23,SEA,1.0,1,0,0,0.00,5.31,-0.09,-0.38,92.0,4.62,1,0.1,.00,0.0,0.0,1,.554,.500,$512000,Traded
378,Kirby Yates\yateski01,29,NYY,41.1,41,0,24,5.23,4.48,0.00,-0.32,105.3,4.38,-4,-0.5,.71,0.0,-0.1,0,.489,.497,$511900,Purchased
379,Enrique Burgos\burgoen02,25,ARI,41.1,43,0,27,5.88,4.51,-0.10,-0.32,105.3,4.53,-6,-0.6,1.27,-0.2,-0.4,-3,.486,.496,$511500,Amateur Free Agent
380,Brandon Finnegan*\finnebr01,23,CIN,172.0,31,31,86,4.50,4.57,-0.14,0.19,99.9,4.90,9,0.9,,-0.1,2.3,23,.529,.506,$511500,Traded
381,Cody Anderson\anderco01,25,CLE,60.2,19,9,45,6.68,4.74,0.09,0.03,107.3,5.02,-12,-1.2,.72,0.0,-0.6,-5,.438,.493,$511400,Amateur Draft
382,Williams Perez\perezwi01,25,ATL,53.2,11,11,37,6.20,4.44,-0.16,0.19,97.0,4.64,-9,-0.9,,0.0,-0.4,-5,.420,.495,$511250,Amateur Free Agent
383,Christian Bethancourt\bethach01,24,SDP,1.2,2,0,0,0.00,4.79,-0.09,-0.34,93.0,4.22,1,0.1,.00,0.0,0.1,1,.542,.501,$511200,Traded
384,Matt Barnes\barnema01,26,BOS,66.2,62,0,32,4.32,4.49,0.30,-0.32,109.8,4.24,-1,-0.1,1.27,-0.2,0.4,6,.498,.499,$511000,Amateur Draft
385,Tony Zych\zychto01,25,SEA,13.2,12,0,6,3.95,4.30,-0.06,-0.31,99.5,4.03,0,0.0,.52,0.0,0.1,1,.500,.500,$511000,Purchased
386,Cam Bedrosian\bedroca01,24,LAA,40.1,45,0,7,1.56,4.57,0.13,-0.33,94.1,3.88,10,1.0,.90,-0.2,1.3,14,.523,.506,$510500,Amateur Draft
387,Arnold Leon\leonar01,27,TOR,2.1,2,0,2,7.71,4.78,0.25,-0.34,101.8,4.26,-1,-0.1,2.87,-0.1,-0.2,-1,.454,.499,$510500,Purchased
388,Mike Wright\wrighmi01,26,BAL,74.2,18,12,53,6.39,4.51,-0.16,0.11,108.4,5.19,-11,-1.1,.27,0.0,-0.3,-3,.441,.493,$510500,Amateur Draft
389,Alex Claudio*\claudal01,24,TEX,51.2,39,0,19,3.31,4.74,0.02,-0.34,108.2,4.74,8,0.8,.79,-0.2,1.1,13,.521,.505,$510250,Amateur Draft
390,Colin Rea\reaco01,25,2TM,102.2,20,19,63,5.52,4.53,-0.09,0.19,97.4,4.68,-9,-0.9,.00,-0.1,0.0,0,.456,.494,$510200,Traded
391,Ariel Pena\penaar01,27,MIL,1.2,1,0,5,27.00,4.54,0.06,-0.32,104.0,4.33,-4,-0.3,.21,0.1,-0.2,-4,.202,.498,$510100,Traded
392,Chris Bassitt\bassich01,27,OAK,28.0,5,5,20,6.43,4.62,-0.55,0.19,93.4,5.00,-5,-0.5,,0.0,-0.2,-2,.409,.497,$510000,Traded
393,Enny Romero*\romeren01,25,TBR,45.2,52,0,31,6.11,4.61,0.06,-0.33,98.1,4.14,-11,-1.1,.77,0.0,-0.6,-5,.479,.493,$510000,Amateur Free Agent
394,Caleb Cotham\cothaca01,28,CIN,24.1,23,0,21,7.77,4.42,-0.16,-0.31,102.6,4.38,-9,-0.9,1.01,-0.1,-0.8,-7,.461,.494,$509675,Traded
395,Miguel Castro\castrmi01,21,COL,14.2,19,0,10,6.14,4.50,0.08,-0.32,119.3,4.89,-2,-0.2,1.35,-0.1,-0.1,-1,.489,.499,$509500,Traded
396,Buck Farmer\farmebu01,25,DET,29.1,14,1,15,4.60,4.33,-0.33,-0.23,99.0,4.38,-1,-0.1,.24,0.0,0.2,2,.492,.499,$509500,Amateur Draft
397,Jon Gray\grayjo02,24,COL,168.0,29,29,92,4.93,4.50,0.06,0.19,115.5,5.34,9,0.9,,-0.1,2.3,23,.532,.506,$509500,Amateur Draft
398,Phil Klein\kleinph01,27,2TM,19.1,12,2,15,6.98,4.57,-0.11,-0.10,98.6,4.52,-5,-0.5,.61,0.0,-0.3,-3,.457,.499,$509500,Waivers
399,Justin Miller\milleju02,29,COL,42.2,40,0,27,5.70,4.58,0.07,-0.32,115.9,4.86,-4,-0.4,.56,0.0,0.0,0,.490,.498,$509500,Free Agency
400,Noe Ramirez\ramirno01,26,BOS,13.0,14,0,9,6.23,4.29,0.30,-0.31,111.5,4.10,-3,-0.3,.61,0.0,-0.2,-2,.477,.498,$509500,Amateur Draft
401,Kyle Ryan*\ryanky01,24,DET,55.2,56,0,21,3.40,4.54,-0.36,-0.33,98.1,4.48,6,0.6,.69,-0.2,1.0,12,.511,.504,$509500,Amateur Draft
402,Drew VerHagen\verhadr01,25,DET,19.0,19,0,15,7.11,4.36,-0.44,-0.31,99.7,4.47,-6,-0.6,.74,0.0,-0.4,-4,.469,.496,$509500,Amateur Draft
403,Silvino Bracho\brachsi01,23,ARI,24.2,26,0,22,8.03,4.44,-0.14,-0.31,109.7,4.68,-9,-0.9,.59,0.1,-0.6,-7,.465,.494,$509300,Amateur Free Agent
404,Andrew Faulkner*\faulkan01,23,TEX,6.2,9,0,7,9.45,4.89,0.02,-0.35,106.4,4.81,-4,-0.4,1.04,0.0,-0.3,-3,.461,.498,$508500,Amateur Draft
405,Dan Winkler\winklda01,26,ATL,2.1,3,0,0,0.00,4.73,-0.06,-0.33,98.0,4.36,1,0.1,2.19,0.1,0.2,1,.541,.501,$508500,Rule 5 Draft
406,Jon Moscot\moscojo01,24,CIN,21.1,5,5,22,9.28,4.68,-0.19,0.20,104.1,5.28,-9,-0.8,,0.0,-0.7,-8,.335,.495,$508000,Amateur Draft
407,Shae Simmons\simmosh01,25,ATL,6.2,7,0,1,1.35,4.45,-0.15,-0.31,98.3,4.21,2,0.2,.60,-0.1,0.2,3,.533,.501,$508000,Amateur Draft
408,Johnny Barbato\barbajo01,23,NYY,13.0,13,0,11,7.62,4.83,0.00,-0.35,106.9,4.79,-4,-0.4,.81,0.0,-0.3,-3,.467,.497,$507500,Traded
409,Jake Barrett\barreja01,24,ARI,59.1,68,0,25,3.79,4.48,-0.11,-0.32,106.1,4.53,5,0.5,1.20,-0.1,1.0,10,.508,.503,$507500,Amateur Draft
410,Dellin Betances\betande01,28,NYY,73.0,73,0,31,3.82,4.56,0.00,-0.33,105.2,4.45,4,0.4,1.50,-0.1,1.1,12,.506,.503,$507500,Amateur Draft
411,Joe Biagini\biagijo01,26,TOR,67.2,60,0,28,3.72,4.60,0.22,-0.33,104.8,4.24,3,0.3,1.01,-0.2,0.9,11,.505,.502,$507500,Rule 5 Draft
412,Matthew Bowman\bowmama01,25,STL,67.2,59,0,31,4.12,4.51,-0.06,-0.32,97.3,4.14,0,0.0,.99,-0.2,0.5,6,.501,.500,$507500,Rule 5 Draft
413,Luis Cessa\cessalu01,24,NYY,70.1,17,9,36,4.61,4.54,0.00,0.05,102.6,4.70,0,0.0,.32,-0.1,0.6,8,.500,.500,$507500,Traded
414,Ryan Dull\dullry01,26,OAK,74.1,70,0,23,2.78,4.65,-0.43,-0.33,94.2,4.47,13,1.4,1.30,0.0,2.2,21,.520,.508,$507500,Amateur Draft
415,John Gant\gantjo01,23,ATL,50.0,20,7,32,5.76,4.51,-0.13,-0.01,97.5,4.52,-7,-0.7,.30,0.0,-0.2,-2,.466,.496,$507500,Traded
416,Tyler Holt\holtty01,27,CIN,1.0,1,0,0,0.00,5.14,-0.15,-0.36,104.0,5.13,1,0.1,.00,0.0,0.0,1,.562,.500,$507500,Waivers
417,Edwin Jackson\jacksed01,32,2TM,84.0,21,13,56,6.00,4.43,-0.07,0.12,98.0,4.54,-13,-1.3,.97,-0.1,-0.6,-6,.438,.495,$507500,Free Agency
418,John Lamb*\lambjo02,25,CIN,70.0,14,14,54,6.94,4.54,-0.16,0.19,105.3,5.14,-14,-1.3,,-0.1,-0.7,-8,.407,.492,$507500,Traded
419,Luis Perdomo\perdolu02,23,SDP,146.2,35,20,99,6.08,4.50,-0.11,0.09,98.1,4.61,-23,-2.3,.47,0.0,-1.0,-11,.435,.486,$507500,Purchased
420,Jose Ramirez\ramirjo02,26,ATL,32.2,33,0,16,4.41,4.38,-0.12,-0.31,99.7,4.18,-1,-0.1,1.16,-0.1,0.2,2,.498,.500,$507500,Traded
421,Keyvius Sampson\sampske01,25,CIN,39.1,18,2,24,5.49,4.35,-0.14,-0.19,102.4,4.41,-5,-0.5,.34,0.0,-0.1,-1,.474,.497,$507500,Waivers
422,Daniel Stumpf*\stumpda01,25,PHI,5.0,7,0,6,10.80,4.69,-0.26,-0.33,98.6,4.55,-3,-0.3,1.34,-0.1,-0.4,-3,.451,.498,$507500,Rule 5 Draft
423,Tyler White\whitety01,25,HOU,1.0,1,0,1,9.00,4.18,0.40,-0.30,110.0,3.83,-1,-0.1,.00,0.0,0.0,0,.442,.500,$507500,Amateur Draft
424,Matt Wisler\wislema01,23,ATL,156.2,27,26,90,5.17,4.43,-0.14,0.18,99.2,4.71,-7,-0.7,3.37,-0.1,0.5,6,.473,.496,$507500,Traded
